{"type":"Topology","arcs":[[[84285,15561],[19,-2],[129,-126],[-5,-76],[22,-60],[-7,-57],[91,-94],[-17,-167],[26,-95],[25,-41],[1,-87],[-76,-47],[11,-47],[-91,-76],[-43,-91],[15,-76],[68,-26],[14,-39],[-120,-181],[-8,-36],[-112,-27],[-61,27],[-66,67],[-96,45],[-55,-4],[-59,-59],[-57,3],[-4,44],[89,148],[10,85],[27,33],[-42,127],[-46,67],[-49,0],[-3,150],[8,50],[-16,77],[-6,156],[64,-8],[64,35],[63,123],[56,60],[35,9],[4,87],[72,31],[46,67],[49,1],[31,30]],[[84944,17032],[0,-98],[-32,-9],[-8,88],[40,19]],[[84721,17862],[14,-35],[78,-39],[32,-71],[-5,-36],[32,-108],[-42,-23],[-4,-43],[-48,-15],[21,-63],[98,-26],[-6,-68],[-101,-56],[-42,5],[-38,-37],[-39,11],[-96,-10],[-63,75],[39,52],[-16,78],[120,12],[4,136],[-44,67],[18,100],[55,110],[33,-16]],[[84612,18045],[35,-5],[-13,-83],[-31,2],[9,86]],[[84615,18155],[23,-23],[-1,-59],[-58,6],[5,69],[31,7]],[[83257,18170],[43,-18],[35,17],[98,-26],[-3,-112],[20,-76],[-50,-65],[-34,31],[-116,11],[-31,71],[23,88],[-24,46],[39,33]],[[84368,18212],[20,-34],[74,-8],[-6,-64],[-40,-51],[-56,-1],[-18,42],[-1,85],[27,31]],[[86035,19113],[40,-25],[107,31],[31,-35],[-41,-74],[-36,-14],[-113,70],[12,47]],[[85097,19583],[45,-6],[-3,-66],[-57,-17],[-33,32],[48,57]],[[84564,19612],[25,-42],[13,-76],[-38,-25],[0,143]],[[85857,19828],[46,36],[71,-53],[23,-45],[-5,-72],[60,-127],[40,-63],[37,-102],[20,-90],[-27,-46],[-72,16],[-9,47],[-55,98],[-63,87],[-52,-3],[-44,114],[-93,20],[-29,41],[18,36],[69,29],[38,64],[27,13]],[[85933,20111],[41,-15],[-15,-123],[-1,-97],[-28,-8],[-99,105],[-8,131],[38,-11],[72,18]],[[86059,20291],[-6,-68],[32,-51],[-13,-56],[14,-47],[63,-84],[-1,-56],[-41,-56],[-58,91],[-62,22],[-3,121],[-31,21],[-71,-1],[-50,36],[-23,73],[27,32],[69,-7],[35,-31],[119,61]],[[86200,20495],[59,-60],[15,-88],[-20,-62],[35,-26],[-19,-66],[12,-90],[-25,-67],[-52,-7],[-14,42],[-44,44],[-23,66],[-32,26],[21,90],[45,123],[42,75]],[[84926,20586],[19,-27],[20,-138],[-24,-77],[36,-10],[73,52],[72,-25],[-6,-80],[-63,-161],[-7,-85],[20,-53],[36,-14],[84,-150],[-49,-39],[-45,59],[-27,-8],[57,-172],[-109,-53],[-34,-88],[30,-76],[9,-123],[-14,-77],[33,-8],[-4,90],[52,124],[62,29],[44,-6],[36,-48],[-30,-126],[32,-31],[-4,-45],[-111,-580],[-44,-31],[10,-64],[-94,52],[-56,-52],[-11,-99],[-45,-13],[-6,-42],[-61,11],[8,-78],[76,-5],[30,63],[102,32],[-44,33],[19,76],[35,-47],[46,7],[39,-37],[-13,-123],[2,-88],[-42,-61],[11,-32],[-48,-101],[16,-20],[-39,-95],[15,-36],[-65,-110],[-38,70],[-69,16],[-50,-17],[-61,63],[-8,65],[23,41],[-29,31],[18,46],[-68,-6],[-70,91],[8,100],[95,-19],[-22,44],[-79,24],[-45,115],[14,93],[-41,103],[-46,-9],[-5,-59],[-35,-22],[-35,105],[0,129],[13,64],[-8,76],[-28,131],[-31,40],[-42,-47],[-39,83],[40,89],[5,87],[39,33],[17,73],[44,20],[35,55],[45,-60],[27,-145],[54,32],[1,-87],[31,-10],[-2,135],[-15,61],[19,64],[5,248],[44,208],[-21,33],[14,121],[27,75],[49,211],[99,146],[38,12],[15,53],[39,1]],[[85029,20612],[29,-34],[81,-15],[1,-75],[19,-30],[-15,-72],[-139,25],[-4,148],[28,53]],[[85622,20662],[44,-95],[-74,13],[-64,-21],[-17,37],[89,66],[22,0]],[[86232,20685],[20,-12],[11,-81],[49,-20],[10,-88],[-68,52],[-64,19],[17,115],[25,15]],[[84963,20814],[42,-4],[-38,-182],[-25,-12],[-13,90],[10,115],[24,-7]],[[85760,20756],[-39,-81],[-3,-66],[-37,9],[14,58],[-73,80],[42,45],[45,-46],[51,1]],[[85189,20867],[55,-22],[59,31],[71,-46],[96,19],[41,-18],[63,-157],[-42,-32],[-56,-13],[43,-76],[11,-126],[-75,40],[-24,-23],[29,-47],[-21,-85],[-43,17],[-61,-35],[9,-29],[-34,-77],[-4,-92],[-41,13],[-19,-96],[-38,-11],[-59,-63],[-29,42],[-60,38],[0,54],[90,292],[13,96],[-17,34],[14,62],[-58,18],[-32,49],[33,109],[42,-40],[62,79],[-18,95]],[[88872,20906],[62,-104],[33,10],[38,-53],[-20,-52],[29,-117],[-66,-10],[-73,11],[-48,30],[-39,98],[-2,54],[32,83],[54,50]],[[85453,21237],[70,-12],[58,-54],[-79,-50],[-64,62],[15,54]],[[85808,21259],[-43,-53],[0,-60],[-37,-94],[-46,20],[30,83],[-6,62],[24,58],[58,40],[20,-56]],[[84961,22815],[9,-208],[40,-72],[-43,-65],[-10,132],[-53,95],[57,118]],[[85023,22948],[-39,-116],[-30,6],[40,110],[29,0]],[[85253,23124],[19,-52],[-56,-13],[-31,69],[68,-4]],[[85612,23141],[40,-27],[-4,-96],[66,1],[11,-98],[18,-11],[26,-103],[35,-73],[-21,-58],[-47,-39],[16,-52],[72,-48],[30,-56],[-14,-41],[43,-41],[-48,-74],[7,-66],[-24,-143],[-7,-131],[19,-113],[48,-135],[-57,-208],[-48,40],[-42,-59],[8,-44],[50,-20],[-27,-54],[-80,-28],[16,-25],[-29,-90],[-64,67],[-65,-46],[-45,31],[-28,-13],[-95,23],[0,-32],[43,-59],[-13,-23],[50,-78],[74,-90],[35,9],[-14,-84],[23,-38],[-29,-38],[-72,4],[-87,-44],[-80,46],[-48,-33],[-81,45],[-16,-31],[-67,-37],[-100,4],[-41,58],[6,40],[-29,36],[1,118],[-11,80],[1,119],[29,116],[-19,69],[25,80],[-48,87],[16,94],[34,64],[-14,35],[8,101],[-42,53],[51,33],[19,77],[72,15],[-10,48],[39,54],[33,11],[80,-13],[41,28],[-16,68],[-49,-73],[-88,-8],[-52,99],[40,11],[1,90],[-35,71],[-35,169],[11,149],[47,6],[57,70],[49,9],[10,49],[75,-2],[-3,101],[38,26],[73,-6],[12,-35],[22,-2],[19,22],[11,-4],[1,-16],[-10,-29],[5,-10],[11,-2],[104,26],[-1,44],[60,6],[24,77]],[[85537,23202],[31,-34],[-73,-23],[-13,63],[55,-6]],[[84908,23427],[82,-47],[8,-342],[-24,-96],[-86,-106],[-3,-67],[-41,-28],[-18,-57],[-63,164],[-15,86],[53,75],[14,116],[-111,7],[1,23],[108,-3],[40,84],[-33,40],[52,135],[36,16]],[[85986,23446],[-48,-42],[-69,-117],[-46,2],[5,130],[63,-38],[95,65]],[[85708,23548],[36,7],[25,-109],[-81,15],[-13,61],[33,26]],[[84990,23829],[-66,-103],[-15,68],[81,35]],[[85420,25113],[11,-38],[-50,-46],[-30,5],[0,62],[69,17]],[[90374,25202],[8,-85],[-69,-44],[-21,61],[48,68],[34,0]],[[86065,25611],[35,-99],[14,-157],[-27,-78],[-9,-101],[12,-143],[49,-53],[52,-1],[10,-31],[-56,-22],[35,-114],[57,-73],[-25,-69],[-58,23],[-52,-26],[-1,107],[-43,-20],[-84,30],[-82,-66],[-10,49],[-45,39],[-30,-55],[16,-64],[61,-12],[125,-65],[114,-179],[48,8],[-14,-107],[-45,-38],[7,-44],[-45,-124],[18,-147],[-20,-35],[15,-144],[-18,-84],[-34,-71],[-40,-27],[-10,-45],[-60,-20],[-62,15],[-37,-55],[-32,53],[-50,38],[-25,88],[-46,-31],[-44,-121],[17,-81],[46,-53],[35,13],[23,-52],[-40,-69],[-60,16],[-8,83],[-32,13],[-54,-16],[-26,-72],[7,-67],[-35,-46],[-34,2],[-11,-67],[18,-50],[50,-3],[-5,-75],[-51,-14],[-22,-1],[-28,-8],[-6,3],[9,31],[-2,21],[-6,5],[-18,-6],[-17,-17],[-13,7],[-11,33],[-80,15],[-25,51],[24,80],[-30,62],[1,104],[25,44],[48,-31],[17,64],[-97,44],[17,139],[3,151],[39,38],[42,6],[-31,98],[47,24],[61,-23],[-1,70],[-111,26],[15,74],[35,76],[-22,27],[48,52],[-14,85],[76,10],[17,69],[-54,5],[-57,68],[67,90],[-53,21],[17,35],[-17,47],[28,36],[6,108],[57,76],[-36,28],[10,53],[93,26],[41,53],[-36,63],[10,107],[83,11],[11,73],[89,16],[-54,111],[17,22],[160,28],[40,-63],[55,32],[-40,62],[43,50],[78,-61],[12,90],[36,-1]],[[86018,25997],[33,-58],[23,-101],[-28,-24],[-32,62],[-40,11],[-58,-16],[-34,51],[17,34],[61,10],[58,31]],[[87232,27800],[15,-92],[26,-41],[-12,-108],[-29,-87],[-40,13],[31,94],[-35,195],[44,26]],[[88185,30603],[-28,-108],[-77,-72],[6,71],[43,92],[56,17]],[[88901,1825],[-19,-43],[30,-56],[66,8],[46,-103],[-12,-52],[27,-88],[-11,-62],[23,-51],[-20,-61],[7,-70],[49,-33],[13,-55],[39,-54],[-15,-28],[28,-66],[86,-53],[-9,-63],[-72,65],[-28,-37],[54,-61],[25,-80],[-68,-67],[-24,-80],[22,-39],[-67,-41],[15,-79],[-27,-53],[0,-75],[52,-33],[-43,-125],[-39,-37],[-58,75],[-52,2],[-25,-56],[4,-78],[-66,-96],[-75,31],[4,80],[20,90],[-43,22],[-53,83],[30,49],[-72,58],[21,65],[-59,99],[-41,1],[-31,63],[36,52],[-24,87],[-49,29],[4,39],[-32,45],[-54,-8],[-29,81],[-46,26],[-54,-20],[-17,108],[17,148],[-35,19],[-15,151],[69,50],[-3,138],[39,51],[93,8],[71,-19],[74,91],[183,13],[2,53],[62,34],[76,8]],[[88433,2589],[32,-84],[9,-90],[110,-86],[-7,-58],[-41,-43],[-61,-141],[-66,-26],[-27,-35],[-65,-34],[-34,-94],[-73,-64],[-69,98],[16,80],[-24,60],[34,58],[-18,151],[30,46],[34,-20],[43,46],[34,-27],[43,52],[81,24],[-13,27],[18,62],[-7,76],[21,22]],[[87279,4772],[65,-29],[38,-38],[-21,-34],[-3,-88],[63,-58],[32,33],[34,-50],[74,-70],[45,-151],[-44,-88],[-70,100],[-87,29],[-65,-18],[-70,-76],[-73,27],[-41,48],[12,90],[-103,66],[-26,71],[47,56],[-6,61],[48,72],[64,-17],[87,64]],[[87859,4784],[56,-12],[67,-125],[1,-80],[-13,-138],[-19,-17],[-74,74],[-96,74],[-61,63],[122,112],[17,49]],[[87967,5149],[35,-60],[10,-163],[33,-81],[-30,-24],[-72,110],[30,51],[-35,39],[1,56],[-31,47],[59,25]],[[87787,5547],[61,-23],[2,-109],[-67,-93],[-54,-21],[-19,-80],[75,-94],[20,-74],[57,-43],[17,-82],[-40,-108],[-35,42],[-27,-63],[-51,7],[-8,-121],[-51,-6],[-23,66],[4,71],[45,11],[92,59],[4,80],[-39,28],[-108,-118],[-5,94],[-84,176],[-14,92],[0,100],[77,36],[46,52],[14,89],[111,32]],[[86778,5676],[50,-94],[8,-44],[-46,-30],[-65,91],[6,45],[47,32]],[[86400,6015],[60,-35],[-7,-60],[-36,-78],[10,-30],[-27,-92],[36,-64],[61,-65],[139,-67],[39,-45],[-35,-75],[-101,25],[-119,74],[-30,5],[-77,95],[-55,104],[0,128],[33,67],[2,55],[107,58]],[[86115,6456],[41,-41],[-15,-90],[-59,48],[33,83]],[[88097,6833],[24,-166],[41,-19],[26,-214],[-54,-1],[-6,180],[-51,110],[20,110]],[[85228,9351],[90,-89],[36,-92],[104,50],[9,-27],[-109,-37],[22,-108],[-26,-94],[-46,-54],[-77,-19],[-69,33],[-129,-12],[-41,81],[4,254],[154,4],[22,24],[33,109],[23,-23]],[[36921,48842],[43,-104],[23,-130],[-16,-151],[111,-4],[87,46],[66,-20],[30,11],[62,-24],[26,-36],[-22,-120],[10,-48],[44,-53],[-2,-39],[-81,-65],[1,-41],[83,-3],[49,41],[89,-82],[115,19],[41,-52],[137,-13],[6,-57],[123,-43],[58,-59],[42,-67],[69,-34],[103,22],[7,42],[-42,34],[-2,52],[26,45],[73,61],[11,123],[36,68],[-43,82],[-2,38],[62,6],[172,-79],[33,-92],[25,23],[67,8],[98,-10],[7,-36],[147,-106],[96,0],[58,-54],[43,-81],[79,29],[70,48],[5,90],[96,25],[18,-85],[62,-57],[89,-34],[33,23],[22,119],[49,96],[63,37],[133,6],[121,25],[95,75],[129,-21],[27,-15]],[[40181,48221],[27,-51],[81,-41],[40,-121],[174,-136],[113,-31],[118,-126],[3,-68],[46,-56],[48,-93],[-29,-189],[-26,-61],[23,-105],[-7,-34],[-57,-50],[-46,-93],[-41,-124],[8,-86],[69,-104],[-6,-43],[-50,-13],[-70,-72],[-121,-72],[-45,-69],[10,-166],[-14,-67],[49,-25],[68,37],[88,7],[34,-18],[30,-78],[-11,-176],[33,-140],[0,-226],[-7,-69],[-46,-81],[-110,-25]],[[40557,45356],[-34,-10],[-73,17],[-28,134],[-47,39],[-41,-51],[-19,-106],[7,-37],[62,-78],[0,-76],[-51,-39],[-75,-136],[-15,-65],[-112,-86],[-96,-40],[-121,5],[-49,-31],[-62,10],[-51,72],[-44,89],[-67,46],[-36,-1],[-87,73],[-107,75],[-118,53],[-57,-12],[-82,95],[-112,78],[-45,52],[-130,65],[-81,5],[-61,-114],[-56,-41],[-123,-26],[-89,24],[-45,30],[-49,63],[-77,71],[-135,3],[-49,10],[-125,154],[-77,57],[-74,81],[-17,89],[-50,55],[-49,122],[-28,37],[-87,65],[-86,40],[-151,43],[-71,-8],[-76,-46],[-79,-96],[-29,-10],[-88,29],[-92,55],[-85,10],[-231,-156],[-59,-12],[-126,55],[-64,7],[-86,-50],[-90,-124],[-45,-12],[-110,38],[-32,-4],[-68,-47],[-100,-116]],[[35827,45772],[-120,83],[-116,-24],[-77,5],[-131,110],[-41,9],[-83,-20],[-134,-103],[-94,-49],[-76,-4],[-13,95],[-44,81],[-96,46],[-107,-15],[-154,-69],[-96,-81],[-166,-76],[-44,-11],[-73,-62],[-65,-146],[-38,-18],[-78,24],[-95,-24],[-29,-25],[-55,-99]],[[33802,45399],[-50,16],[-15,48],[-91,33],[-1,59],[-39,5],[-21,88],[-86,-9],[-56,19],[46,154],[-142,-10],[15,123],[-104,8],[-19,-30],[-49,19],[3,67],[-14,76],[-24,34],[15,126],[32,-22],[91,-19],[-13,75],[27,50],[-3,54],[51,18],[47,-70],[47,6],[10,104],[-39,69],[53,85],[13,81],[-29,42],[48,114],[34,104],[-3,34],[60,19],[55,-15],[18,41],[-17,37],[-135,27],[-3,67],[94,39],[18,33],[66,-12],[48,52],[79,35],[97,-76],[29,-45],[91,-30],[54,-84],[64,-29],[8,-88],[33,-29],[86,56],[59,-34],[95,3],[79,-61],[117,43],[10,29],[-11,111],[35,90],[14,108],[-61,80],[27,160],[128,145],[96,-15],[73,89],[84,-19],[50,64],[-6,78],[-37,66],[-15,124],[-55,79],[60,1],[51,50],[-1,122],[-42,72],[-39,117],[-62,32],[56,100],[105,3],[23,49],[78,38],[0,78],[54,73],[24,102],[-25,93],[-74,29],[-1,96],[-155,39],[12,89],[43,149]],[[35070,49420],[63,12],[22,-44],[-40,-35],[46,-44],[102,-2],[64,-13],[6,-100],[40,-61],[108,-50],[164,-25],[62,-88],[34,-2],[30,82],[48,28],[203,-38],[65,22],[54,-33],[286,-87],[51,-71],[76,48],[86,-14],[75,11],[79,-78],[106,16],[21,-12]],[[34470,30736],[-25,-34],[-63,-34],[-67,-204],[0,-47],[59,-17],[-19,-113],[-21,-23],[-64,25],[-26,-57],[-79,-129],[69,-70],[28,-64],[-35,-77],[57,3],[44,-20],[12,-51],[35,-32],[47,13],[46,-51],[-24,-82],[1,-62],[-34,-79],[-57,18],[-47,-16],[-66,-174],[-81,-57],[-28,-95],[-85,10],[-121,-2],[-9,73],[-73,71],[-57,-45],[53,-42],[59,-76],[-9,-40],[67,-90],[93,-79],[49,-61],[47,-28],[345,-311],[229,-118],[98,-103],[142,-39],[36,-25],[120,-34],[114,-8],[210,-30],[-42,-163],[-13,-107],[82,-35],[-29,-120],[26,-71],[69,-43],[42,-87],[-11,-63],[-51,-56],[18,-52],[-22,-71],[-11,-97],[97,-46],[-19,-63]],[[35576,27156],[-30,-29],[-101,-32],[-37,-56],[-102,-83],[-39,7],[-15,45],[-80,-71],[-35,2],[-21,-62],[-67,-16],[-68,-89],[-57,1],[-41,-124],[-68,-30],[30,-68],[6,-98],[22,-35],[-73,-52],[-41,-12],[-140,27],[-154,-20],[-60,14]],[[34405,26375],[-36,100],[33,69],[-13,71],[-26,48],[-108,5],[-14,64],[-103,56],[6,-87],[-17,-41],[-77,6],[-38,28],[-68,-1],[-67,-155],[-61,17],[-22,174],[27,50],[99,33],[-16,116],[17,88],[-60,9],[-36,-83],[-41,-12],[-32,-59],[-63,-44],[-76,53],[-9,75],[-85,-17],[-112,1],[-55,15],[-27,-51],[16,-85],[34,-21],[24,-107],[-59,-32],[-28,-43],[-56,-3],[-43,-31],[21,-44],[-38,-43],[-141,-26],[-54,-42],[5,-111],[-12,-87],[-30,-25],[-23,114],[-94,-34],[6,94],[-73,-6],[-120,-58],[-6,-51],[73,-21],[-63,-48],[-39,53],[-30,4],[-49,-49],[-52,-4],[-36,-49],[-28,15],[-30,87],[-68,1],[-16,-26],[40,-44],[4,-68],[-22,-72],[-47,3],[-18,59],[-80,-5],[19,-62],[-30,-34],[-93,-7]],[[32089,25995],[-17,75],[42,64],[20,116],[-41,158],[17,53],[-52,9],[-42,-53],[-69,42],[56,103],[-1,32],[-71,-14],[-108,-1],[1,26],[-73,24],[-86,-74],[-25,4],[-45,118],[-75,-42],[-121,-25],[9,63],[-32,15],[-13,127],[-51,5],[-29,-98],[-28,34],[-56,-83],[-61,19],[24,150],[-18,61],[-60,-34],[-13,-32],[32,-126],[-9,-35],[-80,8],[-49,-61],[71,-30],[56,-73],[-27,-56],[15,-51],[45,-56],[-17,-65],[-100,3],[-49,-18],[-98,38],[-51,-28],[0,-60],[-71,5],[-86,114],[-53,3],[-29,-140],[-65,37],[-40,163],[9,69],[-52,22],[129,150],[39,163],[83,15],[-19,106],[-59,34],[-37,47],[-66,35],[19,93],[-67,57],[-92,38],[-27,52],[-34,8],[24,94],[117,18],[12,48],[-24,54],[-76,21]],[[30345,27533],[-12,100],[-71,65],[-34,-26],[-100,33],[27,105],[89,-5],[69,31],[16,88],[58,-52],[97,-11],[116,1]],[[30600,27862],[-21,-171],[10,-80],[-22,-52],[47,-33],[-13,-82],[12,-31],[157,-23],[2,-29],[74,-4],[105,14],[46,-165],[69,-28],[59,67],[80,-21],[84,19],[83,-6],[45,55],[55,27],[24,-80],[87,74],[34,-7],[69,-138],[71,-21],[-35,-118],[65,-33],[-69,-113],[20,-59],[146,5],[23,-65],[76,54],[29,54],[-60,20],[-8,81],[72,27],[7,96],[-35,30],[-118,-11],[-46,29],[35,97],[-73,32],[-125,26],[41,116],[42,-2],[77,70],[25,69],[55,49],[-20,57],[-129,-49],[-16,71],[100,20],[45,134],[70,16],[47,-17],[138,-3],[129,-50],[34,79],[-21,33],[-16,89],[-33,87],[32,123],[-11,43],[-59,45],[-85,-44],[-38,20],[-4,121],[-52,-18],[-5,60],[-108,31],[-55,-45],[-14,-82],[52,-127],[38,-4],[49,-215],[-82,-46],[-26,3],[-25,94],[-74,50],[14,51],[0,97],[-221,26],[-55,-1],[10,98],[-5,109],[-81,-21],[-44,-42],[-169,-1],[-58,46],[-95,42],[-70,-26],[-21,-110],[-48,-52],[-17,-97],[29,-18],[-19,-133],[-51,-45],[-69,-1],[-89,114],[-57,3],[-101,-33]],[[30545,28083],[-75,24],[-107,-15],[-47,23],[-45,120],[65,36],[22,46],[-25,43],[-152,52],[-70,121],[15,146],[47,16],[57,71],[99,-52],[11,35],[-4,136],[52,1],[54,94],[-3,29],[-97,15],[-135,7],[-91,-51],[-57,16],[-33,91],[-36,38],[-153,70],[-47,95],[-27,99],[-60,63],[36,292],[34,62],[59,166],[-35,65],[-27,103],[185,21],[12,72],[34,-7],[-24,104],[32,33],[8,89],[-19,105],[49,3],[18,174],[-3,100],[-81,-11],[-46,-38],[-43,48],[-65,-4],[-114,27],[-24,49]],[[29689,30905],[96,126],[-13,66],[-34,75],[5,41],[85,97],[84,-60],[56,-9],[80,-59],[56,-106],[128,9],[128,-25],[56,-42],[52,-10],[6,37],[60,35],[160,-2],[-21,-89],[131,-20],[11,83],[96,24],[55,149],[7,95],[70,52],[17,91]],[[31060,31463],[13,31],[72,-11],[53,60],[84,-42],[151,-22],[22,-44],[76,2],[29,84],[29,2],[36,83],[107,2],[8,66],[40,105],[71,-20],[80,24],[79,-11],[11,-42],[60,-14],[-1,57],[109,-45],[72,46],[75,10],[58,-53],[101,-40],[33,-39],[104,-24],[15,84],[67,8],[16,56],[75,40],[48,-8],[10,-39],[73,-72],[-14,-66],[57,7],[29,-51],[37,-7],[4,-76],[51,-23],[11,-56],[81,-21],[-4,-39],[70,-31],[71,82],[16,55],[76,8],[6,-45],[117,13],[42,155],[53,4],[60,-23],[17,-74],[75,20],[74,0],[-1,-65],[101,-12],[94,-80],[-1,-73],[-35,-68],[-73,-29],[1,-68],[21,-24],[60,20],[7,-92],[90,-95],[156,-72],[44,-44],[76,-12],[55,-38],[10,-41]],[[38961,26754],[103,27],[24,51],[76,-2],[92,15],[85,-6],[121,25],[28,-15],[-4,-95],[91,-18],[9,-79],[-47,-36],[54,-47],[26,6],[124,-33],[18,159],[-13,48],[35,125],[37,-31],[134,-50],[8,-45],[-12,-84],[10,-30],[134,-36],[41,51],[23,178],[75,51],[10,-57],[36,-34],[42,-94],[2,-51],[30,-29],[52,60],[56,-16],[24,-67],[-29,-241],[-12,-28],[-70,-34],[49,-135],[15,-89],[50,-22],[219,22],[87,-74],[-46,-81],[42,-76],[99,-12],[8,-72],[71,-105],[-2,-70],[77,-8],[19,-64],[-38,-19],[3,-63]],[[41027,25424],[-76,33],[-62,-21],[2,-63],[55,19],[45,-51],[62,-8],[-4,-56],[-104,12],[-36,-106],[-28,9],[-89,-40],[5,-125],[-43,-37],[-63,-14],[11,-73],[62,-41],[-97,-143],[-52,29],[-23,-39],[-116,-81],[-40,8],[-27,-39],[-176,3],[-45,-74],[-26,-9],[-89,77],[-28,-85],[-86,-29],[2,-25],[107,-82],[106,-59],[-34,-40],[-101,-85],[-41,76],[-58,-2],[-56,-45],[-35,33],[22,47],[-86,45],[46,78],[-55,95],[-52,-28],[-73,-3],[-40,-55],[-68,33],[-43,-28],[-12,-50],[-69,9],[-83,111],[-20,121],[-45,18],[-86,-4],[-64,25],[-86,10],[-129,-9],[-148,-71],[107,-66],[56,5],[-9,-76],[-41,-108],[12,-96],[88,66],[33,-49],[-83,-31],[-4,-90],[-125,1],[-53,-32],[-27,-76],[-47,27],[-4,-106],[12,-36],[-116,-22],[-30,-85],[-36,2],[4,66],[-48,30],[-38,-8]],[[38409,23911],[-9,65],[-97,-18],[-59,5],[-40,-26],[27,-44],[-28,-72],[-73,-27],[-83,-138],[25,-55],[-21,-85],[-62,-31],[-116,57],[-51,6],[-75,-44],[-48,6],[-52,53],[-2,37],[-95,43],[-11,26],[-78,6],[-64,68],[-124,-47],[-109,16],[-20,-65],[-27,6],[-26,-64],[83,-9],[35,-35],[-158,-14],[-9,22],[4,166],[11,46],[-65,10],[-23,-51],[-90,-5],[-109,22],[-81,-84],[-131,-29],[-49,28],[-80,12],[-30,-194],[-148,51],[-32,-62],[-74,-71],[-1,-33],[92,-206],[-76,-18],[-65,-152],[-5,-61],[-45,-71],[21,-103],[-33,-24],[-28,-141],[-76,-58],[-43,-87],[29,-10],[-29,-70],[23,-38],[-38,-46],[-59,-20],[-29,90],[-75,101],[-51,-2],[49,-70],[53,-24],[-55,-42],[1,-91],[-67,-39],[-57,12],[7,-169],[-120,-9],[-23,22],[-72,-27]],[[35373,22006],[-101,-7],[-135,100],[-25,-4],[-47,48],[-63,11],[-22,55],[-68,91],[-128,-10],[2,-58],[-97,7],[-37,30],[18,44],[89,30],[30,63],[-29,122]],[[34760,22528],[31,35],[43,189],[-3,132],[75,35],[45,-28],[95,-8],[3,70],[43,101],[37,-13],[39,65],[24,81],[81,-99],[33,-24],[35,38],[51,-53],[50,-8],[31,48],[33,-5],[9,-78],[64,-52],[-3,100],[-75,59],[-46,57],[12,55],[-7,114],[122,-20],[12,60],[-21,41],[-17,93],[4,63],[54,37],[130,42],[-21,64],[12,45],[41,11],[8,61],[-26,70],[44,36],[49,6],[11,79],[105,18],[-12,57],[-43,66],[54,56],[-40,30],[9,80],[61,107],[-35,37],[-25,81],[-45,-78],[-63,12],[-28,-76],[-31,17],[-37,64],[-107,63],[-14,61],[-105,-44],[-24,70],[-48,0],[-83,-50],[-29,39],[-55,22],[3,32],[95,-22],[7,36],[-47,38],[-99,48],[56,135],[-30,229],[16,56],[0,106],[20,64],[43,73],[2,46],[41,84],[-25,44],[-36,13],[-127,-14],[-108,22],[-71,-18],[-92,-2],[-54,-15],[-77,49],[-17,-38],[-49,18],[-21,-53],[-47,-43],[-30,29],[-3,56],[50,60],[1,79],[-29,19],[-87,9],[-6,81],[-44,17],[-134,-9],[-93,-45],[-2,57],[-49,53],[-6,89],[73,-28],[70,14],[14,97],[-85,87],[36,63],[54,43],[25,57]],[[35576,27156],[29,-46],[-16,-51],[15,-59],[62,-50],[58,77],[130,114],[130,-27],[-40,-77],[92,-17],[-36,-178],[69,0],[101,-30],[55,18],[10,-33],[-41,-41],[2,-75],[146,8],[65,22],[5,32],[57,6],[75,-70],[25,-80],[47,-65],[60,4],[16,73],[-15,65],[53,44],[208,30],[80,38],[186,-4],[50,-44],[117,18],[22,73],[52,-5],[72,-41],[4,-31],[109,-34],[95,-17],[48,-100],[73,-1],[98,45],[119,-103],[96,-69],[-72,-80],[85,-79],[36,-58],[64,8],[148,2],[24,-8],[34,-103],[21,-25],[143,67],[102,56],[129,17],[27,83],[81,-16],[61,49],[-26,35],[-37,141],[-39,80],[-5,67],[26,43]],[[37693,31141],[-10,-86],[4,-158],[-10,-72],[21,-63],[54,-233],[99,-100],[38,-73],[27,-100],[7,-119],[70,-134],[14,-84],[33,-61],[7,-100],[-36,-37],[21,-47],[2,-84],[26,-106],[109,-100],[30,32],[45,-32],[44,-107],[53,-56],[34,-62],[56,-163],[94,-59],[16,-35],[18,-112],[109,-195],[19,-87],[80,-50],[27,-70],[64,-102],[16,-115],[36,-64],[-16,-121],[25,-87],[-1,-56],[35,-216],[35,-51],[-7,-107],[-30,-57],[-26,-171],[74,-131],[-13,-68],[27,-78],[-10,-91],[-53,-88],[11,-31]],[[34470,30736],[74,44],[80,8],[92,-20],[39,-21],[48,47],[26,148],[65,88],[70,34],[6,56],[-15,53],[41,41],[139,-19],[202,-51],[-7,-45],[-55,-53],[-60,-1],[-36,-103],[19,-42],[66,-30],[68,-53],[67,-13],[16,115],[43,148],[88,-6],[56,24],[81,-6],[-19,79],[32,37],[81,-8],[22,-126],[-9,-120],[-38,-121],[-68,-113],[-45,-142],[32,2],[33,64],[60,59],[56,83],[62,3],[-4,-88],[68,-17],[92,47],[20,27],[91,-25],[21,-69],[170,49],[22,100],[94,8],[-5,104],[9,106],[96,28],[53,36],[-9,50],[32,49],[-31,85],[-2,67],[32,240],[2,63]],[[36633,31636],[94,72],[91,12],[286,-40],[60,-5],[24,21],[51,124],[26,-37],[8,-83],[26,-87],[57,-41],[49,-4],[50,52],[210,-21],[-36,-130],[28,-178],[36,-150]],[[48750,37316],[20,2],[71,26]],[[48841,37344],[109,27],[54,76],[32,-77],[-7,-71],[-71,-124],[0,-134],[-23,-54],[-51,39],[-52,111],[-51,3],[-41,40],[35,67],[-25,69]],[[48891,37407],[12,32],[-18,66],[-30,2],[-29,-68],[-59,-13],[-150,-4],[-33,36],[31,64],[-30,13],[-50,-45],[-61,-75],[50,-30],[76,5],[41,-19],[91,-56]],[[48732,37315],[27,-87],[-26,-52],[28,-43],[56,-19],[74,-167],[-34,-77],[-38,1],[-63,-78],[-135,-54],[-513,-274],[-151,-94],[-295,-161],[-70,-7],[-114,-28],[-171,-61],[-236,-135],[-192,-85],[-28,32]],[[46851,35926],[10,137],[-16,103],[-33,99],[-10,67],[22,76],[65,-2],[71,-84],[72,49],[71,113],[90,91],[118,79],[37,88],[14,256],[-23,66],[-53,87],[-59,60],[-102,125],[-36,100],[11,77],[-21,47],[-85,66],[-44,115],[19,199],[-58,117],[-30,151],[16,127],[30,110],[-19,168],[-34,95],[-119,160],[-66,122],[-27,161],[-45,106],[-16,140],[19,57],[7,127],[14,73],[-30,47],[-87,57],[-26,36],[-38,161],[22,90],[-92,16],[-68,85],[-117,39],[-62,69],[-28,66]],[[46115,40320],[11,186],[78,125],[-73,65],[31,75],[78,77],[67,135],[61,81],[6,115],[31,45],[95,49],[48,72],[179,16],[81,65],[20,57],[89,74],[81,-3],[38,43],[64,8],[41,46],[-45,99],[-43,30],[-37,55]],[[47016,41835],[96,76],[12,30]],[[47124,41941],[40,55],[65,35],[47,21],[22,-4]],[[47298,42048],[120,37],[37,23],[68,28],[32,24]],[[47555,42160],[77,16],[54,30]],[[47686,42206],[43,29],[31,22]],[[47760,42257],[71,-103],[40,-114],[62,-73],[-14,-51],[-62,-80],[-22,-61],[62,-112],[-6,-53],[-94,34],[-51,-33],[-35,-83],[-38,-22],[-86,-18],[-25,-33],[-131,-97],[-65,-78],[50,-48],[56,12],[42,-15],[90,-2],[115,17],[-9,62],[63,24],[111,-29],[-9,-36],[54,-78],[11,-63],[-19,-49],[9,-47],[-73,-126],[-23,-66],[59,-74],[38,58],[54,26],[65,-3],[88,54],[129,7],[46,-70],[74,-78],[80,-6],[45,59],[64,33],[40,-5],[53,-44],[83,-9],[181,-133],[59,11],[33,-42],[-37,-34],[-14,-81],[21,-62],[-11,-79],[59,-49],[44,74],[23,-12],[2,-97],[86,-24],[51,-37],[98,15],[57,40],[1,95],[44,27],[49,-42],[56,24],[51,-22],[158,41],[3,-45],[45,-63],[86,-63],[19,-46],[-49,-89],[-77,-63],[-49,-115],[34,-85],[-13,-95],[-63,-36],[-52,-91],[-13,-66],[15,-42],[41,-25],[26,-68]],[[49716,39405],[-164,-121],[-177,-155],[-244,-250],[-129,-127],[-100,-119],[-85,-183],[20,-56],[-50,-79],[7,-59],[-71,-20],[-1,-109],[27,-67],[39,-47],[42,8],[103,-86],[90,6],[74,-29],[-25,-101],[14,-37],[-50,-220],[1,-65],[-82,-10],[-64,-72]],[[43727,33717],[22,38],[-12,70],[-62,180],[58,27],[5,60],[-20,37],[-70,70],[-135,46],[-122,29],[-91,5],[-144,-14],[-118,-23],[-150,-41],[-201,-77],[-202,-95],[-77,-44]],[[42408,33985],[-19,134],[53,58],[16,55],[82,37],[19,34],[-61,46],[-44,-27],[-20,38],[-136,-73],[-49,101],[-20,76],[-8,115],[-18,57],[53,41],[97,15],[-70,39],[-178,63],[-36,-48],[-64,58],[7,49],[-60,38],[-144,-27],[-71,20],[-36,-76],[-118,22],[-17,-11],[-149,38],[-45,-17],[-2,-66],[-125,-50],[-46,45],[-2,83],[-58,97],[6,68],[-61,-10],[-41,20],[38,100],[-27,33],[-68,-47],[-45,10],[-48,90],[-49,-8],[-57,21],[-83,57],[-54,-19],[-108,48],[-80,-11],[-32,-83],[16,-61],[52,-35],[123,-136],[-25,-55],[-77,-22],[-70,-123],[35,-39],[81,-30],[-4,-49],[36,-47],[-14,-33],[49,-29],[-30,-66],[-60,-19],[-39,-83],[-85,15],[-10,26],[-107,30],[-92,1],[-35,-97],[-85,-63],[-26,-127],[27,-49],[55,-26],[-13,-58],[-70,-11],[-126,64],[19,71],[-98,78],[13,67],[-143,81],[-78,-37],[-78,47],[-3,57],[-78,16],[-54,-10],[-34,28],[-29,223],[20,37],[57,20],[0,52],[-44,107],[-20,165],[6,55],[-30,73],[4,76],[57,132],[-46,207],[-20,200],[-80,50],[-70,-51],[-49,-12],[-120,36],[-61,-33],[-71,-67],[-60,-33],[-78,-80],[-60,-42],[-89,13],[-135,-62],[-163,-104],[-107,-78],[-14,155],[-75,28]],[[38125,35561],[93,63],[22,40],[16,188],[-6,137],[-16,51],[-41,47]],[[38193,36087],[4,116],[22,167],[25,54],[34,23],[-3,45],[-38,81],[21,102],[106,102],[18,56],[101,22],[85,32],[89,14],[198,3],[83,8],[57,42],[26,58],[162,80],[51,12],[86,-8],[59,12],[70,34],[89,73],[167,-4],[26,45],[95,61],[138,9],[38,20],[58,83],[85,35],[29,-17],[93,-129],[179,29],[40,-36],[61,-147],[38,-44],[75,-27],[66,7],[54,36],[51,65],[64,124],[87,73],[109,125],[12,98],[63,159]],[[41166,37780],[31,38],[82,10],[33,-20],[31,-61],[28,-116],[37,-98],[4,-192],[-41,-99],[30,-56],[159,-90],[123,-60],[52,-6],[193,5],[71,9],[194,-29],[48,-59],[91,12],[113,-9],[124,-25],[87,-44],[201,-153],[181,-110],[90,-61],[95,-108],[59,-102],[168,-232],[131,-207],[115,-159],[40,-98],[104,-318],[62,-120],[1,-84],[20,-43],[11,-83],[39,-48],[9,-103],[34,-85],[11,-90],[-5,-147],[7,-142],[-73,-136],[-54,-147],[-61,-109],[-46,-191],[-68,-97]],[[35823,40206],[24,-4],[-12,-86],[-33,-70],[-18,-84]],[[35784,39962],[-1,-33]],[[35783,39929],[26,-73],[-12,-37]],[[35797,39819],[-36,-40],[0,-77],[-114,-98],[-51,14]],[[35596,39618],[-60,63],[-34,78]],[[35502,39759],[-101,15]],[[35401,39774],[-35,30],[-35,120]],[[35331,39924],[5,89],[66,79],[32,2],[51,-67]],[[35485,40027],[49,-55],[-3,99],[50,69],[53,102],[44,10]],[[35678,40252],[26,-20],[59,-67],[60,41]],[[40557,45356],[78,-126],[54,-48],[278,-66],[22,-60],[49,-17],[47,-96],[54,-16],[70,-53],[85,-94],[178,70],[33,-60],[74,-17],[45,82],[81,-5],[74,20],[72,62]],[[41851,44932],[36,-26],[64,-95],[80,-240],[60,-117]],[[42091,44454],[-129,-25],[-130,-1],[-138,-134],[-7,-266],[3,-72],[-11,-161],[-22,-112],[-153,-156],[-70,53],[-25,39],[20,151],[-188,69],[-51,-34],[-25,-133],[-59,52],[-99,0],[-22,61],[20,96],[32,-43],[76,-20],[60,7],[90,112],[-97,68],[-84,24],[47,62],[66,49],[3,25],[-157,-7],[-32,-135],[-23,-44],[-56,22],[-55,60],[-79,-49],[-38,112],[-67,19],[-89,8],[-98,-14],[9,-44],[66,-109],[63,-40],[-10,-132],[-88,35],[-56,42],[-49,71],[-34,81],[-83,59],[-55,-18],[-15,-74],[50,-152],[4,-59],[-51,-6],[-75,47],[-58,75],[-44,80],[-68,56],[-78,31],[-121,6],[-96,-90],[-68,17],[-142,-26],[-4,-86],[-56,-82],[21,-62],[-18,-126],[21,-91],[-23,-77],[9,-62],[-31,-11],[8,-119],[58,-114],[106,-253],[-32,-50],[5,-54],[-21,-38],[-79,1],[25,-78],[-59,7],[-47,-77],[-174,-16],[-59,12],[-60,38],[-60,-136],[-140,-109],[-110,-67],[-49,-43],[-58,21],[-164,-14],[-67,-17],[-119,-63],[3,-74],[-83,-2],[-54,32],[-87,23],[-146,-33],[-8,68],[-160,57],[-22,22]],[[37771,42314],[68,7],[17,50],[-28,49],[50,110],[-73,-9],[-141,19],[-98,45],[21,112],[-94,61],[20,84],[-5,80],[-36,65],[-152,49],[-14,56],[12,78],[-78,20],[-116,-26],[-39,-43],[-169,36],[-80,36],[-73,1],[-86,24],[-24,-18],[-50,-118],[-44,-38],[-51,1],[-12,53],[-102,-6],[-119,67],[-113,9],[-128,-17],[-56,-83],[-31,19]],[[35947,43087],[-30,93],[-37,55],[-93,60],[68,67],[2,55],[29,79],[-48,111],[2,86],[98,0],[-66,77],[20,74],[-6,58],[-29,45],[-63,45],[7,27],[112,223],[50,40],[74,-1],[33,117],[56,33],[87,22],[45,26],[72,96],[-49,38],[-45,92],[-33,136],[-1,119],[-58,34],[-74,-8],[-66,14],[-83,96],[25,81],[-30,45],[-28,101],[-19,195],[-19,58],[-62,90],[39,106]],[[45723,41509],[84,-6],[18,43]],[[45825,41546],[17,16],[23,3],[40,-23],[101,36]],[[46006,41578],[21,-26]],[[46027,41552],[29,-57],[104,14],[148,37],[73,41]],[[46381,41587],[66,-30]],[[46447,41557],[59,-15],[16,25]],[[46522,41567],[72,54],[34,40],[22,80],[54,38],[70,24]],[[46774,41803],[51,-89],[191,121]],[[46115,40320],[-16,-48],[-1,-106],[-73,-110],[-52,-53],[-54,-89],[-74,-36],[-16,-40],[-105,-24],[-47,8],[-76,42],[-24,64],[-71,14],[-72,-111],[-43,-83],[-76,-66],[-34,10],[-134,-3],[-99,21],[-30,-20],[-33,-63],[-3,-145],[33,-46],[-62,-82],[-60,-4],[-211,-67],[-77,-36],[-64,1],[-61,-67],[-142,-27],[-101,33],[-88,63],[-88,-14],[11,-87],[22,-31],[-5,-90],[-85,-18],[-64,20],[-12,-82],[-41,-49],[32,-59],[-27,-103],[8,-66]],[[43900,38671],[-48,-68],[-43,-26],[-32,45],[-106,20],[-26,17],[-134,27],[-72,37],[-145,15],[-29,-28],[-91,-25],[-53,16],[13,49],[61,46],[-31,39],[-73,27],[15,31],[-120,36],[-75,59],[-46,11],[-38,-55],[-182,-83],[-34,-69],[-7,-100],[-45,-69],[-65,-4],[-23,-75],[-89,30],[-22,63],[-47,47],[-20,87],[-97,-78],[40,-85],[-2,-40],[37,-35],[-7,-42],[-53,-26],[-6,-49],[-32,-47],[129,-50],[156,-46],[119,-89],[30,22],[20,80],[102,-45],[38,52],[131,-87],[51,-2],[17,-73],[-25,-15],[16,-109],[-75,-19],[-9,-123],[-27,-43],[108,-68],[41,-81],[-98,-54],[-23,-30],[-113,28],[-42,-5],[-98,26],[-65,47],[-50,7],[-13,94],[-103,53],[-15,49],[-66,28],[-2,-68],[-90,-77],[-50,164],[-82,3],[8,43],[-62,14],[-21,155],[-19,44],[-22,120],[-43,79],[-93,127],[-73,-29],[-31,8],[-50,55],[-57,-24],[-20,18],[-4,92],[-42,9],[-52,-80],[-86,-83],[-30,-61],[-47,6],[-50,-21],[-63,23],[-12,-91],[-132,8]],[[41084,38350],[-10,104],[38,64],[-143,149],[-73,48],[-71,116],[-90,94],[-43,29],[-94,10],[-16,83],[-60,33],[-56,76],[17,85],[66,35],[-7,130],[-61,56],[-186,32],[-38,40],[-77,124]],[[40180,39658],[92,63],[74,-30],[40,26],[69,-8],[25,97],[43,-17],[16,64],[33,17],[88,-5],[15,60],[118,51],[58,-15],[12,-100],[34,-42],[137,-36],[52,-24],[90,77],[78,-30],[29,17],[32,65],[78,44],[61,4],[26,146],[4,82],[-141,-31],[-2,134],[-96,55],[-56,117],[10,77],[-24,28],[25,74],[-115,78],[10,45],[59,129],[6,36],[50,28],[-51,84],[-107,58],[25,67],[85,-14],[208,86],[25,43],[72,28],[30,-155],[142,103],[86,48],[23,-59],[50,49],[8,72],[-14,54],[-15,169],[66,121],[25,83],[13,101],[-38,92],[16,130],[77,-2],[48,36],[63,107],[47,44],[13,73],[160,170],[140,-86],[73,30],[79,221],[-39,33],[76,29],[35,-12],[107,-132],[55,-27],[64,21],[113,-76],[40,30],[36,86],[66,-10],[18,55],[-61,7],[18,48],[85,-22],[34,139],[-65,57],[-47,22],[-18,47],[-55,32],[-259,182],[-116,19],[-105,153],[-15,65],[9,63],[-17,54],[28,114],[-62,72],[31,124],[-5,37],[-83,49],[-127,-8],[-81,58],[-7,102],[16,18],[-26,84],[17,58],[55,51],[19,56],[-46,100]],[[42247,44465],[71,51],[53,14],[113,58],[45,-13],[88,15],[77,-42],[74,-111],[239,-154],[44,-71],[66,-27],[14,-94],[48,-81],[103,-71],[51,-71],[-14,-57],[76,-51],[54,-8],[-45,-62],[30,-57],[-5,-40],[75,-167],[0,-55],[76,-90],[38,-70],[37,-21],[-13,-40],[-177,-92],[4,-177],[37,-26],[60,-7],[123,12],[72,97],[-5,125],[24,31],[121,-28],[29,-71],[-64,-26],[23,-215],[22,-39],[134,8],[151,84],[34,37],[68,4],[-4,-92],[-80,-76],[-4,-120],[-15,-39],[29,-34],[47,-107],[-13,-45],[36,-144],[19,-163],[23,-101],[33,-32],[35,-285],[29,-82],[68,-101],[82,-26],[61,13],[84,116],[81,42],[133,91],[112,-20],[75,-53],[140,-79],[153,-8],[59,9],[147,-7],[95,-15]],[[43900,38671],[45,29],[65,-16],[151,6],[74,-88],[-8,-84],[-68,-104],[-24,-103],[15,-64],[67,-86],[16,-65],[88,-124],[36,-15],[31,-111],[95,-90],[9,-70],[-87,-128],[-4,-78],[-44,-79],[-58,-19],[32,-135],[60,-25],[33,-37],[-11,-52],[-56,-40],[-24,9],[-79,100],[-21,-60],[26,-76],[112,-133],[23,-136],[35,-8],[82,53],[54,10],[108,56],[-32,30],[36,49],[67,-53],[79,31],[54,-33],[46,87],[78,11],[123,-171],[52,-1],[7,53],[94,51],[68,231],[80,92],[88,-51],[-5,-76],[-26,-127],[31,-40],[65,-30],[-26,-130],[34,-15],[-34,-99],[-48,-65],[30,-36],[74,15],[34,-33],[-9,-80],[12,-54],[51,-75],[35,-9],[38,-71],[46,-4],[57,-68],[59,16],[81,-42],[7,-25],[16,-29],[57,-30],[96,35],[35,-9],[61,-24],[34,-63],[48,-29],[-13,-11],[-14,-3]],[[46339,36023],[-69,47],[-118,-22],[-134,3],[-110,-13],[-159,-29],[-186,-74],[-70,-34],[-123,-84],[-50,-46],[-90,-108],[-85,-150],[-45,-128],[-10,-109],[-45,-163],[-130,-258],[-38,-62],[-4,-77],[21,-90],[-45,0],[-15,-39],[-138,-124],[-70,-78],[-67,-94],[-99,-104],[-34,-62],[-44,-41],[-11,-98],[39,-84],[1,-87],[-27,-29],[-114,-71],[-96,-49],[-73,7],[-273,-41],[-55,14],[-46,71]],[[41166,37780],[-96,47],[-31,99],[-66,2],[-77,39],[11,52],[51,113],[95,110],[31,108]],[[37160,35133],[42,-173],[-21,-164],[-21,-98],[-67,-134],[-237,-214],[-71,-122],[-24,-111],[-50,-406],[-42,-137],[-21,-141],[-2,-236],[14,-88],[9,-168],[-25,-300],[4,-175],[-70,-165],[-21,-78],[-14,-137],[-2,-240],[24,-222],[68,12]],[[31060,31463],[-60,17],[6,49],[72,-1],[23,73],[-22,96],[-58,91],[-71,12],[41,50],[26,63],[87,-2],[-60,75],[0,56],[-113,15],[-7,110],[-13,31],[-140,-29],[-22,69],[-86,78],[20,94],[-53,66],[9,64],[-13,63],[-74,49],[-35,72],[-69,55],[-19,33],[5,58],[83,-24],[106,1],[8,94],[-18,192],[18,83],[-6,116],[145,44],[43,45],[51,-33],[70,-72],[30,128],[-83,74],[-87,45],[29,68],[-28,47],[-101,14],[-13,35],[12,64],[55,101],[5,168],[-49,-11],[-88,35]],[[30616,34084],[30,89],[67,87],[47,86],[37,39],[97,56],[87,22],[47,38],[129,36],[192,10],[45,19],[116,-39],[61,12],[51,-20],[134,-6],[79,-39],[108,9],[65,25],[141,-56],[105,-4],[42,-21]],[[32296,34427],[137,-27],[79,-5],[58,-20],[62,18],[67,-47],[48,-60],[67,-25],[85,-10],[113,47],[116,-40],[36,4],[136,-43],[120,38],[76,1],[39,62],[72,14],[140,-73],[155,-9],[100,-56],[52,135],[41,28],[39,-17],[3,-98],[28,-5],[51,-98],[130,-63],[89,26],[-3,53],[134,0],[58,145],[-5,49],[88,62],[78,24],[52,51],[19,117],[40,100],[-29,116],[58,34],[83,-24],[83,3],[84,89],[103,26],[49,45],[74,34],[157,1],[155,-30],[220,-63],[153,151],[47,9],[68,-28],[73,-75],[37,-59],[63,-58],[94,-51],[88,-21],[125,9],[114,85],[47,60],[52,95],[13,58],[-22,65],[-6,118],[84,26],[34,-55],[22,-127],[57,-43],[42,-4],[42,42]],[[36404,38209],[109,-49],[59,-39],[-30,-36],[-47,-108],[28,-42],[52,-22],[93,98],[22,-47],[-22,-91],[53,-67],[38,-12],[-31,-66],[6,-98],[-30,-99],[-39,-30],[-50,-1],[1,-66],[-20,-77],[-58,-25],[-76,-72],[-23,-43],[18,-78],[-150,0],[38,-95],[37,-14],[78,-144],[-55,-68],[-59,-37],[-49,39],[-16,-82],[-93,31],[28,-61],[41,-25],[48,3],[31,36],[39,-10],[84,10],[140,-7],[49,-19],[76,-55],[35,5],[139,112],[39,11],[61,-29],[135,28],[42,-53],[25,-71],[105,-63],[64,-25],[66,4],[59,-20],[179,-111],[169,-141],[124,-67],[130,-88],[97,-46]],[[38125,35561],[-53,-21],[-48,12],[-138,66],[-188,1],[-91,25],[-77,-2],[-96,-60],[-116,-42],[-116,-56],[-60,-42],[-9,-98],[53,-118],[3,-44],[-29,-49]],[[32296,34427],[18,85],[1,74],[-32,36],[15,111],[-29,12],[-38,94],[43,160],[-35,25],[17,66],[40,23],[-79,46],[5,119],[-15,42],[39,107],[1,97],[-23,43],[-4,96],[48,67],[80,8],[32,-27],[33,92],[76,40],[54,-44],[27,36],[8,61],[-22,60],[-171,94],[-56,64],[-130,29],[-150,-12],[-36,-35],[-55,-9],[-134,64],[-71,-12],[-69,44],[-89,21],[-78,34]],[[31517,36238],[-70,102],[-21,64],[-80,78],[57,0],[140,21],[16,67],[96,-39],[145,12],[10,67],[42,36],[118,23],[1,99],[-49,10],[-35,69],[103,0],[54,60],[68,0],[25,89],[-33,10],[60,135],[-34,20],[-60,-49],[-39,7],[-57,95],[72,14],[32,28],[64,16],[13,114],[-81,19],[-28,-23],[-48,26],[48,183],[-7,54],[111,-4],[16,74],[-32,31],[-21,72],[13,77],[-24,244],[50,30],[-15,45],[2,88],[52,58],[-3,84],[73,64],[-25,53],[4,43],[-53,105],[-4,57],[-57,63],[8,42]],[[32134,38871],[52,45],[14,54],[-17,60],[-5,94],[117,-4],[91,-28],[44,-98],[97,-38],[31,76],[81,-4],[17,67],[93,25],[17,31],[58,1],[65,-27],[46,19],[-4,67],[107,29],[2,-71],[45,-24],[-22,155],[12,31],[83,-16],[60,32],[45,-14],[-14,-46],[-77,-61],[44,-92],[28,-15],[1,-76],[-59,-92],[30,-68],[-36,-15],[-19,-94],[-31,-76],[70,-12],[46,-59],[-34,-93],[-34,4],[-38,-119],[16,-37],[-76,-149],[14,-96],[-22,-120],[70,-31],[51,23],[77,-15],[49,54],[41,-18],[0,-72],[154,-45],[152,30],[68,-48],[28,49],[63,22],[42,-59],[33,-7],[35,40],[10,49],[-74,-16],[2,75],[50,28],[93,19],[19,48],[-25,76],[17,58],[-89,37],[50,68],[-82,114],[-98,29],[-36,28],[-52,105],[-9,41],[57,34],[-12,54],[61,17],[8,27],[75,2],[45,19],[7,90],[59,47],[64,125],[51,17],[44,70],[42,11],[62,-14],[7,-72],[26,-19],[12,-74],[-46,-97],[59,-91],[103,42],[111,-40],[64,-8],[9,53],[-19,73],[46,48],[-74,37],[6,57],[140,55],[44,77],[123,-1],[30,71],[81,-3],[24,-106],[31,-85],[-9,-86],[111,-113],[49,-109],[46,-24],[-5,-59],[80,-130],[128,-63],[94,-69],[26,-68],[80,38],[43,65],[50,15],[22,-50],[50,-48],[105,-25],[22,-51],[58,-58],[103,27],[121,-13],[129,-94],[50,9]],[[37771,42314],[-68,-18],[-89,50],[-56,-31],[-120,-95],[-43,74],[-53,47],[-62,-52],[-13,-89],[-72,-4],[-75,-127],[-94,14],[-26,-66],[-62,-95],[-12,-58],[-67,-43],[-14,-54],[45,-31],[106,-16],[13,-143],[-22,-74]],[[36987,41503],[-10,-104],[-26,-111],[-111,-34],[-53,-104],[-93,-31],[28,-44],[-63,-72],[-34,30],[-75,-12],[-45,-53],[-36,1]],[[36469,40969],[-57,66],[-60,5],[-11,27],[-66,11],[-39,-70],[-65,-36],[-63,6],[-6,43],[-52,76],[-57,0],[-37,-51],[-72,7],[-84,40],[-45,-51],[-142,35],[-75,65],[-37,-49],[-34,6],[-35,-118],[-85,13],[-29,-29],[-18,-122],[-75,-36],[53,-74],[-12,-79],[-34,-92],[-46,-54],[19,-76],[-66,-71],[-85,-47],[-48,-2],[32,-98],[-61,-121],[-53,7],[-36,-61],[-90,33],[-24,46],[-39,0],[1,86],[-18,89],[-67,-25],[-94,-62],[-75,36],[-38,57],[-83,-19],[-24,36],[-63,18],[-12,102],[-38,-12],[-26,-143],[-31,-88],[-33,4],[-88,56],[-82,93],[-45,-54],[-60,-8],[3,79],[30,52],[-39,62],[-87,15],[5,50],[-59,82],[-73,19],[-95,7],[3,73],[-47,80],[-19,82],[-97,10],[-41,-74],[-62,-5],[-36,48],[-26,-35],[-95,-19],[53,-40],[21,-40],[-10,-59],[-31,-19],[-3,-83],[-187,-117],[-58,-3],[-3,-70]],[[32906,40379],[-67,16],[-33,43],[-39,-9],[-84,13],[-16,26],[-86,13],[3,61],[-25,35],[-128,-33],[-40,82],[-33,7],[-89,-121],[-40,95],[-55,-4],[-45,44],[-74,17]],[[32055,40664],[2,85],[36,106],[-18,94],[20,114],[22,42],[109,30],[18,34],[115,42],[41,-6],[78,81],[-26,53],[-109,69],[-64,11],[22,71],[53,39],[-1,56],[99,14],[31,43],[14,91],[87,50],[-33,71],[7,37],[109,-20],[12,156],[83,7],[1,62],[32,25],[-25,89],[-60,-2],[-23,45],[-54,51],[-50,-30],[-25,55],[-111,37],[-25,72],[75,84],[104,30],[11,57],[-25,107],[15,90],[-64,39],[-32,101],[52,104],[-43,89],[31,60],[60,62]],[[32606,43261],[62,2],[29,35],[136,-6],[75,-60],[1,-20],[119,-6],[69,-129],[12,-71],[41,1],[44,-64],[33,38],[49,18],[114,-34],[89,41],[36,-53],[60,-15],[79,18],[-6,-80],[-22,-47],[25,-48],[61,-3],[17,-59],[-27,-23],[77,-47],[201,2],[34,-6],[44,-55],[64,0],[130,-66],[65,1],[14,46],[42,23],[13,-71],[81,-10],[58,48],[54,65],[14,79],[-21,158],[18,76],[60,93],[65,16],[37,-116],[-18,-35],[105,-71],[46,-48],[74,7],[90,102],[61,90],[115,-105],[99,-179],[23,25],[67,4],[34,37],[11,59],[48,32],[50,-127],[55,-14],[64,14],[25,25],[-29,68],[51,53],[108,47],[63,-7],[52,22],[1,156]],[[36404,38209],[-11,24],[29,87],[38,22],[128,-9],[15,44],[106,-17],[27,65],[114,102],[-36,55],[-59,19],[-13,41],[96,-31],[66,44],[14,133],[-88,72],[58,16],[-7,54],[-74,18],[-78,42],[-41,77],[38,44],[-12,77],[-34,11],[-41,86],[154,-38],[45,103],[-71,47],[-122,36],[-54,51],[20,28],[-48,65],[70,47],[-72,62],[81,56],[-1,30],[-63,38],[-38,3],[24,98],[-6,47],[56,112],[-6,61],[-163,-18],[5,90],[42,54],[-54,42],[8,134],[-24,37],[-26,97],[-39,68],[32,41],[4,93],[42,81],[34,119]],[[36987,41503],[64,-18],[152,-24],[10,-24],[144,-17],[42,5],[91,-259],[33,-40],[95,51],[78,-39],[36,-87],[40,-39],[95,-42],[8,-60],[42,-85],[47,-34],[-14,-103],[47,-53],[40,17],[19,63],[98,92],[32,-64],[-17,-60],[40,-52],[12,-52],[107,-9],[39,72],[22,-8],[47,-79],[66,-7],[37,-100],[140,-41],[86,-52],[68,-17],[63,59],[162,0],[60,-24],[22,-32],[92,-22],[17,66],[51,42],[73,-83],[93,-18],[28,16],[120,-37],[88,48],[0,-123],[101,-58],[70,-13],[39,-57],[45,-26],[105,0],[15,-86],[83,-77],[-68,-47],[55,-84],[33,-124]],[[39825,31058],[87,46],[17,8],[15,3],[-9,-38]],[[39935,31077],[68,-27],[42,47],[38,28],[25,24],[55,11],[52,-19],[-17,-78],[-44,-37],[45,-40],[-18,-54],[-47,-93],[79,-41],[65,-9],[64,-22],[91,-5],[32,66],[17,13],[43,31],[57,80],[124,52],[46,-9],[51,0],[35,-24],[51,-91],[97,26],[17,23],[0,30],[25,29],[30,10],[26,4],[26,3]],[[41110,31005],[53,-310],[49,-144],[9,-66],[4,-186],[52,-204],[34,-88],[63,-77],[49,-85],[78,-297],[24,-48],[83,-59],[1,-51],[-53,-185],[-9,-68],[-22,-325],[-12,-244],[-79,-228],[-30,-112],[-33,-214],[-7,-177],[20,-247],[53,-272],[23,-32],[11,-72],[49,-61],[52,-127],[30,-96],[85,-180],[53,-169],[33,-46],[26,-137],[-56,-262],[-12,-164],[6,-74],[30,-136],[97,-211],[43,-116],[60,-203],[23,-20],[26,-85],[-31,-39],[-46,48],[-24,63],[8,40],[-22,96],[-32,62],[-28,121],[-1,47],[-69,91],[-16,49],[-49,40],[-40,68],[-68,40],[-23,39],[-2,82],[-71,63],[-44,61],[-43,-34],[19,-121],[-29,-182],[-43,-7],[-61,115],[-3,46],[59,58],[-60,18],[-14,-76],[-50,-2],[-61,-71],[2,-101],[-64,-94],[45,-39],[22,-54],[46,-23],[79,-123],[101,-26],[31,-54],[50,-32],[54,20],[112,-30],[96,-11],[36,-43],[51,1],[40,-106],[73,-65],[63,2]],[[42009,25064],[8,-212],[-136,67],[6,69],[-34,25],[-28,124],[-47,68],[-104,62],[-77,-21],[-107,5],[-23,5],[-15,0],[-5,4],[-21,18],[-32,28],[-10,14],[-41,24],[-71,11],[-16,17],[-24,59],[-32,14],[-13,-9],[-22,40],[-64,-26],[-19,-32],[-55,6]],[[37693,31141],[45,115],[69,17],[27,36],[48,9],[86,-41],[149,-13],[126,68],[71,10],[58,-28],[112,-32],[47,86],[46,-10],[-14,-59],[39,-30],[17,59],[57,-70],[85,9],[24,-46],[82,-6],[20,-70],[56,-3],[103,30],[19,-17],[93,-17],[57,-63],[125,-56],[37,75],[220,-28],[47,3],[102,0],[79,-11]],[[41441,25780],[47,-51],[17,-56],[-56,-145],[-49,8],[11,46],[-43,48],[18,80],[55,70]],[[32606,43261],[-4,31],[-94,35],[-33,-28],[-39,31]],[[32436,43330],[71,63],[-59,87],[-90,31],[-27,37],[7,57],[69,78],[27,9],[21,113],[-102,36],[9,49],[62,0],[48,-20],[78,30],[3,39],[-117,17],[72,33],[21,64],[85,-36],[6,64],[-58,44],[36,45],[-11,31],[13,91],[150,24],[41,-16],[-24,-50],[42,-34],[64,53],[24,-2],[102,51],[54,-11],[67,141],[3,61],[-18,61],[-46,80],[11,125],[58,52],[28,65],[39,-21],[2,-41],[59,14],[54,81],[2,50],[71,147],[50,146],[243,83],[73,-29],[48,2],[5,75]],[[42408,33985],[-153,-96],[-154,-113],[-96,-100],[-144,-179],[-86,-194],[-28,-77],[-40,-180],[6,-41],[-41,-96],[-48,-80],[32,-5],[-36,-107],[-92,-126],[-85,-101],[-78,-110],[-59,-111],[-45,-123],[-49,-192],[19,-162],[-17,-92],[-60,-142],[-50,-176],[-13,-80],[9,-228],[10,-69]],[[39935,31077],[-23,27],[-87,-46]],[[35331,39924],[35,-120],[35,-30]],[[35502,39759],[34,-78],[60,-63]],[[35596,39618],[51,-14],[114,98],[0,77],[36,40]],[[35797,39819],[12,37],[-26,73]],[[35784,39962],[18,84],[33,70],[12,86],[-24,4]],[[35678,40252],[-44,-10],[-53,-102],[-50,-69],[3,-99],[-49,55]],[[32134,38871],[-83,39],[-17,-12],[-104,45],[-17,33],[-78,22],[-3,41],[-54,48],[38,107],[71,9],[6,71],[-44,32],[87,66],[42,-18],[17,77],[111,85],[-6,41],[-65,6],[54,100],[23,113],[-23,19],[7,77],[82,-9],[25,-52],[57,-1],[76,30],[24,38],[-23,53],[43,47],[-80,52],[-1,55],[80,51],[136,-43],[2,93],[79,-43],[51,6],[1,96],[80,9],[48,33],[125,-31],[5,123]],[[57215,46559],[11,-8],[4,-20],[-32,-69]],[[57198,46462],[-11,-14],[15,-42],[-3,-6],[75,-48]],[[57274,46352],[38,-25]],[[57312,46327],[107,-68],[-252,-368],[-82,-28],[16,-53],[-189,-185],[-89,-112],[-46,-95],[3,-38],[-67,-74],[-9,-81],[-80,-89],[-73,-55],[-70,-68],[-171,-223],[-1,-60],[-188,-192],[-81,-92],[-25,-51],[2,-68],[-244,-208],[-232,-224],[-228,-245],[-65,-111],[-31,-71],[14,-52],[-207,-144],[-203,-98],[-209,-124],[-224,-80],[-81,-74],[-271,-107],[-246,-137],[-152,-101],[-35,-32]],[[53603,42519],[-80,95],[-38,2],[-50,59],[24,26],[-59,56],[-19,71],[26,22],[1,62],[-126,45],[5,96],[-60,-7],[-35,35],[39,45],[-37,47],[-20,-71],[-80,6],[-5,76],[45,12],[-24,55],[-88,69],[-42,-37],[-76,40],[-34,64],[-53,-12],[-30,42],[23,29],[-29,53],[9,76],[-14,49],[56,25],[-15,64],[-37,-13],[-55,62],[73,86],[67,19],[47,-23],[42,19],[42,-25],[129,-10],[21,35],[83,-42],[46,0],[-7,81],[78,35],[-11,33],[-98,81],[4,49],[74,13],[87,41],[2,115],[-13,44],[-79,-2],[-77,22],[-69,-69],[-47,-1],[-29,40],[6,128],[70,101],[14,190],[-68,109],[61,95],[99,57],[46,55],[192,78],[110,109],[44,-2],[88,-50],[131,-60],[26,56],[20,93],[31,38],[102,5],[83,26],[-14,110],[-76,70],[-68,111]],[[53987,45622],[34,23],[-11,43],[-54,96],[-38,-1],[-30,85],[-3,63],[36,35],[56,20],[28,39],[44,-4]],[[54049,46021],[10,-58],[39,-40]],[[54098,45923],[20,-50],[23,-57],[-5,-74],[27,-43],[6,-62],[41,14],[26,-79],[-19,-58],[1,-31],[38,-64],[57,-32],[20,-77],[45,4],[7,-36],[35,18],[43,6],[44,-18],[45,-18],[8,-14],[14,-24],[32,1],[23,23],[29,4],[63,-16],[32,18],[107,-23],[89,-57],[6,-23],[55,-96],[42,-11],[27,-13],[99,37],[48,23],[24,21],[69,34],[19,-14],[67,-12],[84,51],[71,6],[23,-15],[52,-25],[44,5],[69,56],[75,-30],[30,-13],[12,3],[11,27],[57,21],[-9,47]],[[55924,45257],[51,28],[-6,36]],[[55969,45321],[7,42]],[[55976,45363],[-22,13],[-14,82]],[[55940,45458],[7,33],[66,-53],[11,-5],[38,29],[-28,51],[-33,20],[10,19],[58,-28],[52,-14],[4,22],[-46,42],[-23,2],[-8,26],[75,-24],[38,-14],[44,45],[-15,30],[41,-20]],[[56231,45619],[39,48],[-32,61]],[[56238,45728],[-16,31]],[[56222,45759],[17,42],[49,52]],[[56288,45853],[11,10],[-34,63]],[[56265,45926],[-5,5]],[[56260,45931],[-3,20],[-1,23],[-37,64],[19,1],[7,-15],[53,-42],[119,-61],[14,40],[7,60],[40,49],[29,15],[42,47],[60,5],[71,28],[42,50],[28,15],[9,-12],[26,7],[-15,-102]],[[56770,46123],[15,-60],[34,-23]],[[56819,46040],[44,75],[31,52],[10,11],[38,23],[7,-11],[16,-12],[15,22],[47,2],[23,-14],[30,46]],[[57080,46234],[-31,62],[-33,13]],[[57016,46309],[-38,-37],[-32,-1],[-27,59],[-39,9],[-33,85],[116,21],[62,-1],[48,5],[16,51],[-3,80],[57,-26],[56,2],[16,3]],[[51546,43712],[54,47],[26,-37],[-77,-88],[-8,-47],[18,-68],[-14,-59],[46,-52],[53,143],[101,-23],[82,-44],[41,-113],[20,-7],[139,90],[53,-9],[-31,-68],[14,-57],[43,-34],[114,-52],[11,-56],[-7,-81],[15,-51],[-86,-1],[-9,-88],[-84,35],[-14,-76],[-61,19],[-33,48],[-29,79],[-84,88],[-72,30],[0,-44],[61,-86],[-14,-75],[41,-84],[-33,-24],[-78,5],[-17,32],[-1,102],[-62,32],[-19,-62],[33,-71],[-15,-103],[35,-14],[81,40],[38,-48],[-176,-79],[-13,-49],[11,-69],[-72,-49],[-78,-7],[-53,-66],[-27,-61],[-68,-77],[-52,-122],[6,-72],[26,-47],[67,-14],[83,-39],[67,-52],[115,-35],[64,-113],[8,-97],[44,-23],[36,-123],[22,-21],[5,17]],[[51832,41582],[53,36],[97,-3]],[[51982,41615],[18,79],[22,25],[66,-13],[-1,57],[34,69],[52,35],[-73,57],[-3,70],[168,95],[100,47],[42,67],[-28,78],[78,84],[76,45],[133,-16],[40,-50],[-6,-74],[36,-48],[-3,-72],[-61,-70],[-2,-52],[-40,-41],[-29,-83],[19,-33],[72,-34],[3,69],[45,25],[34,46],[86,-36],[51,19],[61,-30]],[[52972,41930],[-90,-69],[11,-47],[-38,-57],[-86,-59],[-31,-50],[21,-37],[-20,-87],[-65,-63],[-19,-55],[-109,-82],[-41,-75],[-3,-54],[-91,-51],[-59,-56],[-11,-72],[-122,-117],[-70,-41],[-26,-39],[9,-45],[-67,-63],[-138,-70],[-51,-55],[-197,-63],[-80,-46],[-167,-68],[-90,-58],[-14,-43],[-61,-63],[-108,-38],[-96,-61],[-144,-62],[-54,-44],[-103,-34],[-283,-136],[-188,-99],[-278,-167],[-243,-158],[-54,-41]],[[47760,42257],[26,21],[29,34],[46,30],[16,79],[80,27],[53,-41],[71,13],[-16,19],[12,16],[19,8],[35,0],[31,-11],[66,-13],[9,13],[30,-24],[38,-39],[42,11],[62,0],[58,-86],[-10,-20],[38,-31],[41,6]],[[48536,42269],[73,-55],[44,-2]],[[48653,42212],[26,-37],[52,-14],[54,45]],[[48785,42206],[7,70],[-44,91]],[[48748,42367],[14,5],[16,45],[42,25],[21,17],[10,4],[17,-23],[29,-39],[42,-35],[13,5],[1,47],[31,-7],[-5,-15],[40,17],[2,7],[17,84],[4,42],[-38,43],[-6,94],[10,88],[84,-65],[15,15],[12,39]],[[49119,42760],[-57,84],[-55,6],[-47,30]],[[48960,42880],[-31,12],[-15,79],[47,20],[46,55],[-40,25]],[[48967,43071],[33,41],[3,51],[7,20],[34,73],[81,-3],[53,51],[21,101],[-46,25],[-20,-1],[-39,-35],[-32,-8],[-20,4],[-30,37],[7,11],[48,33],[34,56],[68,51],[5,35],[11,22],[-33,76],[-8,20]],[[49144,43731],[-39,44],[57,46]],[[49162,43821],[10,16],[58,95],[102,95]],[[49332,44027],[8,31]],[[49340,44058],[84,120],[72,74],[26,-82],[58,-34],[86,-8],[15,-134],[-39,-46],[46,-49],[84,-19],[-30,-77],[-32,-34],[-2,-70],[72,-4],[74,-42],[41,-1],[40,-41],[-15,-95],[25,-77],[-49,-3],[-45,-48],[39,-18],[-8,-79],[13,-91],[70,-28],[14,-37],[63,-41],[55,61],[-9,46],[69,126],[115,22],[16,45],[50,24],[60,-6],[57,57],[56,10],[59,87],[-21,63],[33,27],[0,45],[-39,111],[79,74],[68,-23],[104,-68],[74,-34],[50,25],[22,-77],[-21,-51],[62,-85],[86,19],[18,-36],[44,-4],[50,26],[57,-9],[54,75],[68,12],[97,-30],[58,27],[33,59]],[[53603,42519],[-108,-86],[-61,-37],[-90,-79],[-50,-27],[-38,-58],[-1,-58],[-102,-129],[-181,-115]],[[51982,41615],[-97,3],[-53,-36]],[[51546,43712],[-80,95],[-19,62],[-66,21],[-6,27],[122,112],[12,40],[47,52],[15,48],[54,68],[-59,36],[-71,-28],[-64,49],[-25,61],[38,50],[61,33],[-45,39],[-46,-54],[-68,23],[42,64],[-30,126],[137,57],[17,48],[76,144],[35,26],[102,143],[-18,30],[72,53],[62,-52],[61,2],[58,-56],[57,-8],[16,-50],[58,72],[-1,67],[58,-26],[92,-7],[46,122],[86,35],[65,-2],[56,18],[59,-11],[13,27],[-34,54],[42,39],[37,-41],[89,46],[-6,59],[50,38],[-81,44],[-72,110],[-37,17],[-30,61],[4,48],[48,-14],[28,-49],[32,23],[-56,55],[-10,59],[-56,10],[-12,-142],[-43,-5],[-35,43],[42,34],[-14,74],[-47,35],[-19,92],[73,-11],[41,79]],[[52499,46026],[49,1],[25,-55],[92,20],[69,-15],[21,-69],[75,-75],[22,-38],[44,-8],[24,51],[-42,88],[-6,64],[90,3],[10,94],[-41,41],[-21,125],[61,22],[53,-77],[45,37],[29,-150],[-70,7],[6,-59],[69,-23],[56,2],[12,87],[58,82],[94,-2],[12,97],[61,34],[16,30],[-35,67],[0,37],[86,80],[89,-107],[44,-96],[-2,-48],[95,-116],[54,-109],[58,-2],[11,-38],[-52,-18],[3,-54],[71,-36],[36,-138],[32,-78],[36,-5],[49,-57]],[[42091,44454],[67,12],[38,41],[51,-42]],[[46851,35926],[-83,46],[-134,8],[-295,43]],[[99476,78382],[-4,-115],[51,-20],[6,-113],[76,-106],[-15,-54],[-68,-102],[-7,-97],[75,-46],[28,-88],[83,-44],[35,-72],[-23,-37],[45,-47],[11,-42],[43,-28],[20,-94],[128,-83],[12,-68],[132,-135],[43,-23],[3,-99],[75,-46],[37,-90],[78,-26],[21,-61],[39,-25],[16,-70],[-55,-39],[-33,-88],[-54,3],[-77,66],[-102,-43],[-57,5],[-113,115],[-108,46],[-49,47],[-102,27],[-128,6],[-54,20],[-127,71],[-10,74],[93,66],[9,40],[-26,77],[-66,4],[-36,42],[-21,98],[-47,16],[-66,71],[-51,94],[-102,39],[-112,-2],[-97,61],[-65,-57],[-82,26],[-83,-17],[-89,19],[-77,-62],[9,-44],[-88,-58],[-47,-15],[-108,-102],[-106,42],[-49,-15],[-53,27],[-32,-13],[-97,3],[-60,-37],[-85,-20],[-95,21],[-57,-45],[-42,29],[-86,23],[-71,-30],[-40,-55],[-39,-6],[-115,26],[-56,-57],[-76,-17],[-49,-41],[-64,1],[-170,-79],[-54,-8],[-44,-53],[-60,-15],[-40,-39],[-73,-25],[-23,-31],[-44,-124],[-131,-166],[-76,-159],[-73,-58],[-70,-28],[-53,-51],[-81,-43],[-68,7],[-68,-26],[-79,26],[-123,-121],[-65,-98],[10,-71],[-39,-56],[8,-84]],[[95507,75691],[-151,108],[-188,68],[-14,34],[281,36],[9,24],[-59,81],[-44,156],[-62,129],[-72,107],[-45,105],[-13,71],[5,106],[-31,69],[1,59],[-25,83]],[[95099,76927],[202,80],[70,3],[56,28],[183,48],[75,47]],[[95685,77133],[14,-41],[96,24]],[[95795,77116],[78,26],[1,-54],[58,-46],[57,-17],[25,50],[11,13],[-7,30],[34,20],[98,62],[87,45],[8,11],[56,37],[-34,19],[11,11]],[[96278,77323],[56,34],[4,33]],[[96338,77390],[64,15],[6,42],[-15,22],[-30,46],[-7,16],[-31,63],[-5,27],[-32,32],[-9,8],[-58,-14],[-28,18],[2,28],[-12,16],[-58,6],[-77,-25],[-38,-108],[-28,-6],[-7,63],[1,50],[-27,16],[-61,-56],[-2,-29],[11,-16],[-34,29],[-29,21],[13,54]],[[95847,77708],[37,27],[-15,40]],[[95869,77775],[23,24]],[[95892,77799],[36,8],[17,61]],[[95945,77868],[-7,20],[36,50],[-27,34],[-7,55],[5,88]],[[95945,78115],[417,47],[11,-10],[136,112],[43,24],[28,50],[222,50],[50,-46],[182,-70],[112,-75],[137,-18],[86,-29],[134,89],[30,72],[41,29],[12,69],[73,77],[38,-23],[36,37],[173,13],[29,-41],[97,19],[135,-35],[40,38],[65,0],[59,38],[103,-10],[61,-60],[94,-38],[60,23],[38,51],[107,49],[19,-37],[74,-12],[103,-97],[41,-19],[50,99],[68,-38],[82,1],[79,-32],[44,26],[122,-56]],[[86902,78273],[175,-106],[31,-50],[-50,-69],[-75,-40],[88,-127],[24,-100],[-22,-79],[166,-94],[13,-169],[-118,-58],[-55,-13],[-112,-87],[18,-65],[-1,-81],[-87,-51],[-39,-9],[-114,-90],[3,-104],[-21,-27],[31,-64],[69,15],[55,31],[50,-12],[73,-77],[33,-55],[-91,-35],[-45,-35],[-88,1],[-118,-87],[7,-54],[58,-26],[45,7],[102,-30],[74,-96],[67,6],[104,-160],[-9,-134],[73,-72],[66,-12],[34,-78]],[[87316,75887],[-148,12],[-281,-27],[-154,-26],[-132,-39],[-261,-43],[-59,-44],[-80,33],[-171,-28],[-76,51],[-276,127],[-4,77],[-58,43],[-95,43],[-124,22],[-178,65],[-56,8],[-192,-26],[-190,47],[-29,-52],[-40,-23]],[[84712,76107],[-143,134],[-26,98],[35,67],[4,86],[22,77],[58,32],[88,11],[132,52],[32,26],[67,13],[115,73],[64,-5],[46,-49],[120,-12],[56,36],[111,24],[123,55],[11,43],[-21,51],[-31,192],[-58,24],[-83,-6],[-10,50],[-122,94],[-14,61],[32,40],[24,205],[-58,37],[5,89],[-10,101],[26,54],[10,150],[-50,51],[-32,61],[-65,-18],[-183,26],[-139,-71],[-110,-9],[-13,64],[12,90],[102,107],[157,130],[95,-65],[61,89],[85,-12],[54,16],[21,-37],[52,36],[117,-8],[97,-89],[23,-40],[140,-68],[50,-58],[72,-45],[45,-7],[91,77],[23,50],[41,25],[39,128],[52,47],[82,3],[79,119],[127,107],[8,66],[34,40],[105,-3],[94,12]],[[86683,78824],[-16,-48],[68,-44],[-62,-119],[-37,-31],[63,-74],[53,-31],[0,-38],[47,-126],[53,-35],[50,-5]],[[92055,81811],[167,58],[113,8],[61,-26],[72,-83],[41,0],[129,53],[56,87],[33,-9],[68,-109],[89,-109],[56,-27],[45,9],[89,53],[100,-27],[33,-65],[40,-40],[-4,-183],[-97,-79],[-4,-35],[133,-166],[33,-66],[0,-135],[-41,-35],[-4,-136],[16,-105],[77,-83],[93,-13],[121,-193],[105,0],[44,49],[149,56],[57,70],[-4,48],[40,49],[97,17],[4,175],[24,26],[113,0],[65,75],[46,73]],[[94310,80993],[91,-5],[38,-38],[14,-55],[42,-58],[13,-57],[70,49],[89,7],[83,46],[45,-40],[53,-77],[-13,-326],[33,-137],[-5,-198],[-32,-162],[-38,-44],[-48,-125],[-92,-82],[-28,-84],[56,-128],[13,-96],[-15,-34]],[[94679,79349],[-456,-149],[-235,109],[-277,-85],[-144,-53],[-496,-166],[-45,-47],[-68,-19],[-74,15],[-37,-22],[-198,-53],[-159,-55],[-80,-9]],[[92410,78815],[-2,80],[37,69],[57,43],[41,70],[-26,15],[89,138],[-34,66],[-4,60],[65,35],[9,61],[48,66],[19,97],[25,24],[12,95],[-123,61],[-137,-2],[15,58],[53,30],[15,43],[82,70],[-103,98],[53,55],[44,21],[52,68],[20,53],[-62,59],[-64,16],[-16,37],[21,140],[-82,116],[53,40],[107,10],[-11,58],[-46,62],[6,82],[-105,193],[-47,224],[-32,28],[-101,8],[-224,35],[-42,-5],[-61,128],[21,34],[-36,118],[19,79],[40,60]],[[86725,81053],[83,98],[49,23],[80,-9],[39,-91],[148,49],[74,-34],[9,-55],[62,-23],[27,-65],[77,2],[20,-69],[61,-31],[55,8],[19,-38],[80,34],[116,-34],[114,-15],[101,-45],[53,46],[82,14],[60,127],[77,-9],[44,13],[62,56],[143,-114],[84,-25],[68,-81],[182,-52],[74,-37],[39,-149],[89,-144],[57,-121],[-42,-11],[1,-67],[-93,-92],[77,-45],[-7,-67],[49,-59],[80,-39]],[[89118,79902],[-143,-14],[-92,-82],[-76,-164],[0,-118],[-34,-64],[-126,-55],[-193,-9],[-109,-18],[-109,-109],[-76,-119],[-92,-63],[-118,-9],[-101,-55],[-67,-82],[-25,-100],[-126,-100],[-92,-28],[-93,0],[-59,-63],[-42,-91],[-25,-111]],[[87320,78448],[-215,-10],[-155,-87],[-48,-78]],[[86683,78824],[76,129],[22,81],[-11,43],[-54,86],[-74,56],[-77,-93],[-52,-11],[-85,20],[-90,-16],[-58,-28],[-69,63],[-220,-34],[-16,20],[-75,-19],[-55,22],[-24,62],[-53,9],[-24,96],[-22,17],[-4,167],[-176,70],[-71,40],[1,28],[-131,9],[-118,-31],[-104,24],[-81,76]],[[85038,79710],[22,43],[-63,101],[-89,121],[-50,38],[-63,16],[60,207],[84,70],[111,56],[161,121],[58,70],[68,-18],[7,-89],[63,21],[193,95],[35,39],[26,75],[179,100],[74,-39],[14,-63],[36,-14],[116,121],[-41,139],[84,9],[89,26],[81,-9],[102,74],[105,-31],[134,-1],[91,65]],[[95945,78115],[-49,-8]],[[95896,78107],[-52,55],[-42,3],[-28,47]],[[95774,78212],[-42,42],[15,48],[-91,18],[-6,39],[-31,53],[35,27],[8,13],[-17,37],[-58,51]],[[95587,78540],[9,48],[48,19]],[[95644,78607],[-4,30],[-71,29],[2,20],[-10,56],[-42,41],[15,7],[77,26],[-15,69],[71,70],[36,63],[61,75],[50,30]],[[95814,79123],[9,32],[70,31]],[[95893,79186],[36,13],[61,72]],[[95990,79271],[59,45],[6,19],[3,11],[30,20],[8,55],[50,33],[50,77],[13,10],[-18,16],[87,118]],[[96278,79675],[55,43],[-13,96],[20,195],[-47,74],[75,88],[29,83],[53,46],[26,64],[-9,49],[57,43],[8,83],[39,12],[58,-24],[96,-3],[45,-44],[91,-9],[73,33],[33,47],[55,38],[45,57],[93,63],[130,1],[-103,227],[59,36],[40,80],[89,67],[14,69],[60,63]],[[97449,81252],[15,-9],[177,31],[32,-113],[42,-6],[25,-68],[81,24],[32,153],[91,104],[75,20],[105,-24],[82,61],[60,29],[29,41],[69,37],[66,12],[141,-8],[88,6],[58,-54],[123,-69],[59,-8],[82,-58],[58,-155],[28,-14],[153,-12],[89,5],[35,37],[126,28],[73,-84],[21,-69],[93,-19],[74,-61],[78,-28],[90,37],[101,120],[50,5],[91,39],[116,-51],[114,-110],[36,-93],[81,-29],[110,20],[58,-93],[142,5],[84,-47],[23,-45],[72,-15],[61,-51],[81,-33],[89,-94],[-28,-35],[-70,35],[-143,-141],[-21,-55],[49,-108],[-100,-99],[6,-87],[69,-17],[119,10],[7,-59],[31,-50],[75,-19],[57,-37],[-12,-34],[-71,-12],[-46,-97],[-8,-157],[42,-51],[-32,-48],[36,-81],[-83,-42],[-74,33],[-78,-17],[10,84],[-53,68],[-181,-77],[-68,-73],[-119,-96],[-71,-85],[-49,-21],[-26,-51],[-79,-28],[-46,-63],[-75,-19],[8,-68],[-29,-95],[-100,37],[-68,-39],[-37,10],[-75,-43],[-43,-113],[-64,-73],[-22,-72],[-69,9],[-102,-69],[-33,-92],[-66,-27]],[[97631,81910],[-46,-11],[-105,-114],[127,-78],[37,-48],[-16,-65],[-89,-36],[-22,-27],[-131,-89],[-108,-83],[5,-25],[129,-21],[37,-61]],[[96278,79675],[-525,33]],[[95753,79708],[-759,-74],[-34,-24]],[[94960,79610],[-57,-29]],[[94903,79581],[-32,-4],[-17,-41],[-5,-34],[-73,-34]],[[94776,79468],[-6,-10],[5,-32],[-60,-16]],[[94715,79410],[-36,-61]],[[94310,80993],[-81,-30],[-36,43],[-23,139],[-106,34],[-3,160],[-59,65],[52,31],[5,161],[57,49],[44,7],[38,61],[55,15],[-1,63],[53,63],[-24,82],[-66,10],[-24,165],[-34,43],[7,68],[-27,58],[-17,158],[119,148]],[[94239,82586],[69,3],[331,-100],[173,-36],[92,-65],[153,-143],[86,-108],[86,-36],[106,-21],[165,-58],[80,0],[46,50],[99,15],[192,0],[106,57],[139,58],[232,35],[212,15],[278,0],[93,-36],[185,-93],[186,-87],[212,-79],[71,-47]],[[90528,78954],[-24,-108],[35,-39],[109,-76],[-102,-43],[-68,-69],[-123,-71],[-124,-105],[-72,-111]],[[90159,78332],[41,-38],[12,-95],[104,-68],[11,-128]],[[90327,78003],[-132,-61],[-38,-35]],[[90157,77907],[-34,72],[-164,-15],[-94,-66],[-80,-82],[-122,-25],[-52,5],[-80,35],[-66,5],[-61,31],[-339,-10],[-75,-82],[-52,-86],[-103,-128],[23,-92],[0,-66],[-94,-92],[-75,-35],[-334,0],[-117,5],[-146,56],[-38,46],[-14,117],[-94,56],[-28,41],[0,66],[66,87],[89,61],[90,41],[14,46],[-90,35],[-108,148],[-131,148],[-57,148],[-42,25],[-89,-20],[-118,5],[-85,61],[-137,0]],[[89118,79902],[5,-55],[88,-40],[29,-87],[145,-14],[80,-70],[76,5],[56,-18],[67,-51],[-71,-92],[29,-31],[14,-138],[49,-76],[77,40],[89,8],[23,-15],[71,30],[38,-83],[36,6],[74,-33],[6,-94],[222,-14],[166,-90],[41,-36]],[[90157,77907],[-67,-6],[-57,-46],[-61,-22],[10,-44],[-149,-133],[-37,-49],[-70,-50],[-88,-154],[-211,-109],[-66,-78],[-84,-72],[-61,-80],[-132,-119],[-116,-161],[-95,-95],[-46,-16],[-67,-72],[-6,-58],[69,-57],[4,-75],[35,-80],[-63,-50],[-29,12],[-79,-52],[-67,5],[1,-46],[-171,-90],[-47,-41],[-25,-51]],[[88382,76018],[-78,-89],[-178,-26],[-139,-43],[-47,5],[-155,-21],[-127,-37],[-73,1],[-71,57],[-198,22]],[[83593,78960],[-23,-87],[-104,-293],[-84,-144],[-80,-74],[-164,-88],[-44,-40],[-131,-74],[-79,-65],[-61,-74],[-215,-138],[-71,-36]],[[82537,77847],[-76,-28],[-35,-35],[-47,7],[-91,-24],[-57,41],[-84,-12],[-91,17],[-32,35],[-48,2],[-72,-51],[-66,13],[-123,-30],[-60,33],[-81,-12],[-67,13],[-11,66],[-71,44],[-128,-75],[-32,60],[-81,54],[-39,107],[-52,-8],[-45,85],[-67,82],[51,58],[-66,127],[32,72],[79,73],[7,42],[63,37],[48,49],[20,154],[36,41],[-31,51],[-10,110],[-102,75],[-115,-21],[-68,119],[83,52],[51,-17],[33,22],[46,-30],[49,14],[71,-14],[95,10],[86,-130],[53,-33],[127,-37],[86,-8],[115,28],[38,-20],[44,15],[19,-104],[41,-15],[53,-146],[63,-57],[103,17],[36,-42],[91,51],[36,83],[36,3],[62,69],[187,-48],[61,7],[101,78],[123,116],[125,99],[153,75],[118,21],[72,-2],[43,-30],[60,-175],[78,-106],[30,-4]],[[95507,75691],[-83,-76],[-95,-1],[-17,30],[-87,56],[-36,-20],[-42,-79],[-49,-17],[-16,-112],[-72,-106],[-127,17],[-42,43],[-59,2],[-44,-25],[-63,-67],[-44,-115],[-64,-104],[-62,-17],[-40,-67],[-42,-37],[-23,-54],[-42,-44],[-58,0],[-141,-72],[-66,2],[-100,-42],[-53,-41],[-106,26],[-34,41],[-7,47],[-56,29],[-22,-29]],[[93715,74859],[-5,98],[-69,86],[10,76],[81,109],[-95,52],[-29,50],[-27,106],[-50,94],[98,78],[59,0],[14,131],[-58,51],[-36,107],[29,29],[-69,74],[17,61],[-16,138]],[[93569,76199],[63,-36],[84,37],[36,-49],[102,73],[0,27],[111,91],[134,89],[79,25]],[[94178,76456],[121,26],[49,47],[130,18],[28,72],[9,134],[-33,71],[36,33],[75,114]],[[94593,76971],[68,39],[19,36],[15,-18],[32,20],[18,6],[98,-68],[52,-20]],[[94895,76966],[41,-67],[32,1]],[[94968,76900],[28,6],[93,32],[10,-11]],[[94239,82586],[-53,88],[11,49],[-51,35],[-32,116],[-52,62],[-50,33],[13,39],[-41,121],[32,22],[-25,67],[34,34],[-54,57],[-44,84],[-57,-38],[-95,17],[17,54],[-19,57],[-36,25],[-5,50],[42,23],[33,68],[37,14],[-9,106]],[[93835,83769],[106,16],[148,-63],[224,-45],[39,27],[114,-16],[68,108],[31,20],[21,70],[10,127],[40,73],[150,-54],[-5,195],[-28,104],[27,28],[141,9],[7,91],[38,73],[113,-48],[145,83],[66,58],[33,52],[88,8],[57,52],[6,48],[112,102],[46,-69],[40,5],[84,62],[47,-8],[65,52],[75,90],[265,-33],[125,104],[74,41],[69,82],[73,57],[86,19],[43,-26],[70,-109],[128,-106],[27,-60],[60,-70],[37,-75],[-10,-133],[70,-58],[24,-71],[56,-56],[27,-62],[58,-38],[52,12],[94,-3],[68,88],[114,31],[61,69],[41,-8],[62,-102],[-18,-85],[-56,-59],[-45,-137],[-42,-40],[-134,-10],[-59,-23],[-105,-8],[-39,-37],[-74,-14],[-35,-32],[-60,-120],[-107,-69],[-156,-26],[90,-104],[52,-124],[68,-120],[-16,-73],[-87,-49],[-35,-68],[62,-58],[12,-60],[214,87],[69,51],[26,62],[91,92],[41,56],[96,53],[87,73],[309,20],[80,31],[63,54],[167,72],[-127,-259],[-39,-62],[35,-107],[117,-1],[8,-64],[53,-102],[-5,-138],[88,-136],[74,-100],[38,-23],[46,-65],[26,-73],[-1,-51],[-103,-163],[-90,-36],[-96,-2],[-84,-39],[-60,-47],[-70,-15],[86,-153],[-77,-80],[-99,-62],[-76,-79],[-53,36],[-22,-121],[-114,5]],[[92055,81811],[-62,73],[-11,132],[-6,269],[-17,88],[-197,150],[-104,50],[-81,88],[-75,100],[-144,25],[-110,0],[-104,138],[-127,100],[-110,44],[-92,69],[-75,138],[-75,81],[-116,69],[-156,106],[-184,44],[-186,0]],[[90023,83575],[45,121],[103,169],[149,122],[104,118],[34,9],[182,-1],[47,26],[30,124],[144,85],[60,53],[219,-38],[134,7],[86,39],[49,81],[6,92],[128,98],[29,44],[31,134],[47,-6],[124,-72],[117,-88],[88,-84],[40,-59],[64,-51],[84,-100],[25,-61],[-18,-111],[18,-59],[40,8],[128,61],[88,5],[162,-83],[170,-9],[150,-99],[-2,69],[-64,53],[45,17],[120,-68],[204,-32],[52,-85],[29,-19],[83,-2],[110,-26],[253,4],[-10,-60],[8,-95],[77,-37]],[[89290,82471],[146,-141],[48,-34],[19,-54],[-46,-73],[-23,-78],[-7,-124],[244,-144],[88,-12],[41,-56],[-11,-89],[32,-81],[41,-33],[22,-58],[66,-58],[74,-4],[40,-21],[120,26],[43,-30],[35,69],[89,-54],[55,-1],[87,-56],[-23,-79],[24,-76],[73,-66],[133,-18],[63,-65],[53,17],[7,-47],[-89,-71],[-10,-52],[53,-61],[6,-48],[-78,-82],[-4,-122],[-39,-49],[62,-65],[12,-84],[47,-63],[-17,-78],[39,-61],[-10,-60],[47,-74],[108,-30],[96,-46],[48,-95],[112,-29],[66,-111],[-23,-33],[-1,-71],[44,-93],[71,-116],[121,-46],[7,-72],[-62,-56],[-62,1],[-89,-24],[-103,-51],[-119,-13],[-28,-29],[-62,-8],[-4,-34],[-84,-29],[-54,-52],[-61,6],[-132,-113],[-49,-23],[-54,60]],[[86725,81053],[-3,98],[43,147],[-20,29],[-123,66],[-26,53],[86,46],[74,96],[163,101],[45,145],[56,86],[-26,97],[8,28],[96,33],[16,95],[199,59],[77,13],[117,87],[99,-84],[17,80],[56,34],[80,-38],[21,-47],[286,-21],[110,23],[162,66],[49,2],[110,35],[151,-78],[35,11],[116,88],[88,47],[73,-14],[135,-102],[54,-23],[52,25],[89,135]],[[84712,76107],[20,-32],[2,-85],[-208,-96],[-110,-10],[-168,29],[-204,-23],[-71,-65],[-48,3],[-42,-68],[-122,25]],[[83761,75785],[-40,10],[-173,-42],[3,-55],[-95,-27],[-76,37],[-207,-80],[-112,6],[-146,-9],[-43,14]],[[82872,75639],[32,145],[-18,63],[19,41],[-14,58],[-39,28],[4,92],[-81,49],[-11,72],[-44,46],[-66,0],[-59,99],[-20,137],[50,88],[-43,60],[4,65],[107,67],[4,51],[43,77],[-14,80],[-89,64],[31,36],[73,22],[109,-31],[61,26],[-6,63],[-137,66],[-66,63],[5,68],[-41,49],[-8,79],[29,78],[-43,48],[-11,89],[-52,19],[-25,62],[7,81],[-26,8]],[[83593,78960],[119,47],[102,16],[11,77],[107,28],[104,-83],[38,9],[131,126],[78,13],[100,-85],[58,13],[87,135],[67,77],[53,26],[169,59],[111,126],[110,166]],[[92410,78815],[-26,-30],[-16,-79],[-95,-54],[-90,7],[-15,-34],[-84,-33],[-25,-44],[-59,-19],[-76,25],[-26,-37],[-52,26],[-49,-14],[-5,-52],[-47,3],[-71,-31],[-30,-42],[-106,-31],[-62,0],[-62,-59],[-94,-13],[-69,-29],[-91,-69],[-73,-2],[-67,-72],[-22,50],[-112,114],[-62,-53],[-54,8],[-70,-48],[-77,30],[-113,19],[-50,55],[-36,-47],[-116,82],[45,53],[-15,31],[-96,-13],[-61,-88],[-22,7]],[[89290,82471],[18,38],[10,106],[114,91],[1,33],[-57,52],[1,32],[50,49],[-17,81],[69,37],[52,8],[49,77],[120,120],[200,130],[65,54],[11,72],[50,67],[-3,57]],[[80056,75230],[-12,-143],[29,-38],[-41,-206],[-35,-59],[-42,-6],[-78,-77],[3,-78],[68,-10],[-62,-133],[154,-17],[0,-67],[-140,-104],[-10,-93],[37,-25],[27,-60],[-97,-121],[-20,-117],[23,-78],[-15,-41],[47,-94],[48,2],[54,-50],[-26,-101],[-51,-63],[-15,-106],[-82,-6],[-41,-49],[12,-27],[62,2],[5,-36],[-40,-39],[-26,-95],[56,-15],[46,-48],[-51,-64]],[[79843,72968],[-184,-32],[-121,-53],[-103,-23],[-88,39],[-59,-29],[-87,-104],[-82,-34],[-79,38],[-46,-20],[-117,-102],[-66,-12]],[[78811,72636],[-78,-18],[-156,32],[-29,56],[-76,-6],[-212,87],[-134,11],[-57,-9],[-105,69],[-57,121],[-58,159]],[[77849,73138],[-12,69],[101,42],[62,-5],[60,45],[1,59],[39,45],[98,66],[58,-36],[88,13],[0,52],[-41,27],[51,57],[11,44],[55,44],[60,-33],[60,14],[8,52],[-57,101],[51,110],[-50,52],[-41,-45],[-134,-19],[-1,61],[74,-21],[37,40],[-30,100],[-45,9],[8,79],[54,-27],[57,44],[40,65],[-9,45],[-66,27],[1,58],[-41,45],[38,27],[66,-13],[26,97],[48,8],[19,62],[58,31],[33,56],[2,71],[-22,43],[72,152],[-6,60],[54,69],[47,113],[46,33]],[[78877,75226],[143,16],[158,-35],[43,2],[75,79],[46,67],[141,-37],[176,11],[76,-10],[120,1],[88,-15],[113,-75]],[[77849,73138],[-130,-15],[-71,-93],[-100,-39],[-107,-7],[-78,-47],[-135,-54],[-86,-54],[-99,-7],[-93,15],[-135,46],[-47,59]],[[76768,72942],[94,13],[10,36],[-1,123],[28,15],[36,-19],[69,53],[40,37],[46,9],[-18,17],[20,11],[30,-20],[-22,59],[8,16],[20,13],[33,-27],[23,-1],[19,15],[-41,32],[29,13],[-16,31],[37,-4],[18,30],[-6,13],[-39,101],[22,18],[-11,7]],[[77196,73533],[-29,-10],[-29,72],[13,25]],[[77151,73620],[-26,-9]],[[77125,73611],[-10,105],[-36,207],[79,110],[-3,70],[-29,31],[-69,0],[-50,-43],[-130,16],[-69,137],[-14,90],[126,51],[69,-8],[54,-28],[112,-7],[115,-51],[51,27],[97,-8],[79,-51],[54,20],[8,82],[-33,94],[-140,195],[-4,129],[61,176],[69,114],[94,109],[94,90]],[[77700,75268],[53,-13],[65,-65],[105,22],[71,-46],[118,5],[25,21],[211,-3],[238,21],[91,-4],[200,20]],[[83974,68645],[87,35],[42,-15],[10,76],[49,107],[14,84],[146,-9],[57,-23]],[[84379,68900],[20,24],[59,-10],[136,35],[63,-31],[70,56],[101,-33],[43,22],[58,-19],[52,33],[32,-20],[39,45],[-19,51],[86,3],[31,-65],[8,-67],[55,-63],[86,-13],[72,-43],[42,-69],[60,38],[94,19],[55,42],[77,1],[77,-35],[34,12],[23,56],[56,-13],[34,33],[107,6],[49,31],[56,-17],[-28,-52],[-62,-43],[-21,-47],[79,-93],[72,-51],[8,-78],[30,-17],[343,-2],[52,-7],[72,-55],[34,24],[58,-15],[67,-40]],[[86839,68433],[36,-33],[-9,-47],[6,-10],[-46,14],[2,-47],[-34,-19],[25,-4],[-9,-24],[-9,-56],[5,-28],[0,-15],[-25,-4],[-20,-29],[-5,-38],[0,-28],[-44,-47]],[[86712,68018],[-56,-26]],[[86656,67992],[-5,-19],[10,-33],[-25,0],[15,-14],[10,0],[-20,-10],[-10,-5],[0,-37],[10,-38],[6,-19],[-10,-9],[-45,-15],[-20,-28],[-79,-14],[-30,23],[-15,19],[-45,14],[-20,0],[-5,33],[-30,-19],[-19,-104],[-10,-43],[-5,-89],[11,-47],[-35,-48],[0,-14],[-20,-42],[-44,4],[50,-66],[10,-61],[40,-4],[-25,-48],[0,-14],[-5,-23],[-39,-19]],[[86257,67203],[15,-52],[-24,-24]],[[86248,67127],[-10,-23],[25,-28],[0,-10],[-39,-57],[15,-14]],[[86239,66995],[66,-4],[28,-29]],[[86333,66962],[-33,-4],[-35,-43],[-55,19],[5,-56]],[[86215,66878],[-40,-24],[-34,-66]],[[86141,66788],[5,-66],[-45,-33]],[[86101,66689],[-14,-52],[34,-57]],[[86121,66580],[9,-67],[-36,-11]],[[86094,66502],[-20,-121],[24,-67]],[[86098,66314],[-80,-32],[-33,35]],[[85985,66317],[-21,-32]],[[85964,66285],[-70,24],[-69,-52],[-31,34],[-54,-35],[-84,65],[-22,-69],[-30,-1]],[[85604,66251],[-42,33],[-74,-13],[-56,-65],[-49,-22],[-21,64],[18,22],[-97,84],[-134,372]],[[85149,66726],[-4,44],[41,62],[17,86],[-56,-10],[-32,61],[-56,15],[-46,-67],[-72,-19],[-52,56],[-45,9],[-24,37],[30,68],[62,27],[-104,84],[8,75],[-31,39],[-14,85],[12,74],[-11,91],[39,119],[8,84],[49,48],[-13,40],[-68,0],[-72,22],[-3,62],[-27,66],[-73,29],[-42,64],[-55,-19],[24,-42]],[[84539,68016],[-100,38],[-120,-50],[-33,61],[-76,-2]],[[84210,68063],[1,66],[26,65],[-37,40],[8,51],[-120,37],[42,69],[-36,45],[-88,-36],[-37,60],[-3,51],[33,120],[-25,14]],[[83761,75785],[-52,-96],[-27,-77],[14,-89],[-49,-116],[11,-74],[-17,-20],[37,-126],[-41,-69],[33,-152],[-14,-92],[-5,-147],[-19,-48],[19,-33],[-34,-43],[9,-93],[104,-75],[89,-152],[-97,-4],[-94,-72],[62,-33]],[[83690,74174],[-100,-57],[-91,-104],[-60,-30],[-58,-1],[-48,-36],[-14,-41],[-59,-52],[-142,23],[-57,-23],[-73,-69],[-58,-104],[-72,-67],[-9,-37],[-61,-23],[-35,-86],[-41,-41],[-46,-84],[-63,-42],[-53,38],[-88,-41],[-27,22],[-98,-79]],[[82337,73240],[-72,-47],[-30,17],[-40,-47],[-78,-54],[-80,-1],[-87,-17],[-225,-62],[-62,8],[-40,40],[-2,38],[73,69],[57,18],[21,91],[-21,121],[53,53],[68,39],[7,146],[-12,58],[-66,44],[-16,61],[-48,15],[-8,55],[-49,152],[50,28],[0,66],[28,27],[-33,112],[23,31],[-88,149],[-54,51],[22,53],[-32,44],[27,77],[-51,80],[27,42],[7,68],[-34,95],[3,64],[-54,90],[-37,163]],[[81484,75277],[-10,54]],[[81474,75331],[78,2],[260,149],[104,91],[75,135],[151,14],[197,-106],[20,-38],[89,-73],[109,-27],[133,-11],[146,77],[4,50],[32,45]],[[93848,78618],[-59,-89],[-119,-24],[-108,54],[35,79],[8,76],[-104,-48],[-190,-57],[-52,-68],[-80,-11],[-111,10],[-19,21],[-60,-34],[-154,-30],[-93,-86],[-32,-72],[-92,-31],[-52,-57],[-38,-3],[-49,-41],[-34,-63],[-64,-44],[-103,-111],[-10,-38],[-76,-56],[-14,-33],[-55,11],[-57,-52],[-57,-134],[-48,23],[-34,-54],[-78,-16],[-40,-48],[11,-76],[-15,-24],[-78,-26],[4,-102],[-74,-33],[-35,-75],[-44,45],[-52,-28],[28,-73],[-55,-88]],[[91499,77112],[-46,42],[-82,107],[-78,-71],[-37,0],[-16,93],[-49,62],[-62,13],[-151,-35],[-53,-31],[-99,0],[-196,40],[-82,31],[-79,-11],[-100,60],[-76,75],[22,64],[100,-64],[67,53],[11,126],[-62,69],[-42,74],[9,122],[-71,72]],[[94679,79349],[-2,-73]],[[94677,79276],[-70,-9],[-35,-64],[-25,-31],[-56,-153],[-37,-86],[-108,-104],[-36,-23],[-61,-33],[-170,-81],[-78,-25],[-79,1],[-74,-50]],[[76892,73688],[-1,-30],[109,-15]],[[77000,73643],[59,-55],[15,41],[50,-19],[1,1]],[[77151,73620],[-13,-25],[29,-72],[29,10]],[[76768,72942],[-21,-2],[-55,16],[-12,3],[-83,6]],[[76597,72965],[-94,16],[-77,-33]],[[76426,72948],[-4,-21],[-7,-89],[-68,-38],[-34,-26],[-36,-28],[-32,2],[-9,9],[-30,-52],[-11,-21],[-77,-88],[-14,-21],[58,-46],[20,-2],[-5,-21],[-24,-45],[19,-35],[54,-38],[-3,-12],[-48,-44],[15,-3],[-16,-30],[6,-34],[-66,-32],[-48,-44],[-43,-27],[-28,6],[-15,-32]],[[75980,72136],[-26,-27]],[[75954,72109],[-36,-45]],[[75918,72064],[-30,-50],[-68,-35]],[[75820,71979],[-60,-43],[-10,-35]],[[75750,71901],[-35,-30],[-49,14]],[[75666,71885],[-80,-59],[57,-38],[2,-11],[-4,-15],[-32,-45]],[[75609,71717],[-39,-4],[-10,-16],[15,-8],[-13,-10],[-76,-21],[-28,-29]],[[75458,71629],[-81,-7],[5,-16],[-1,-15],[22,-20],[2,-103]],[[75405,71468],[9,-33],[-29,-37],[-45,-46],[-1,-30],[-40,-20],[-92,19],[-4,-64],[84,-92],[9,-31],[71,-61]],[[75367,71073],[19,-73],[116,-80]],[[75502,70920],[10,-40],[55,-19],[66,-50],[-43,-75],[-37,-8],[-56,17],[-22,-61],[-81,-24],[-47,-21],[-61,0]],[[75286,70639],[-110,-18],[-44,-32]],[[75132,70589],[16,134],[28,87],[-4,81],[-40,105],[-22,11],[-45,89],[1,91],[-59,13],[-25,86],[50,84],[-5,41],[-50,152],[-50,31],[57,78],[-2,59],[75,135],[102,113],[16,91],[-112,-14],[-76,6],[-8,29],[70,20],[-29,35],[114,25],[0,27],[-73,37],[-20,66],[-46,-29],[-28,44],[-39,119],[-77,-21],[-5,79],[42,5],[-61,115],[15,46],[-102,45],[35,44],[-77,126],[-89,-10],[-14,41]],[[74595,72905],[22,21],[27,5],[4,8],[-49,11],[-46,-18],[-14,15],[-27,45],[55,-2],[19,10],[-7,55],[40,1],[-5,42],[-30,-10],[-62,5],[7,11],[20,-7],[22,40],[22,15],[37,24],[-46,31],[3,33],[-18,11],[-37,10],[15,34],[21,-20],[22,-20],[52,4],[5,23],[-16,62],[-47,72],[25,21],[-7,-43],[38,-12],[50,-8],[38,-9],[7,16]],[[74735,73381],[-29,51],[3,60]],[[74709,73492],[36,-20]],[[74745,73472],[70,-3],[48,-51],[11,-6],[26,1],[82,23],[52,-30],[99,10],[55,41],[17,45],[47,44],[69,19],[13,-4]],[[75334,73561],[50,-28],[87,19]],[[75471,73552],[48,28],[44,-45],[36,-26],[53,35],[-1,-58],[11,-42],[69,-42]],[[75731,73402],[33,2],[167,115]],[[75931,73519],[46,37],[119,51],[61,-39],[59,11],[58,50],[3,69],[49,26],[25,-5],[-5,-35],[26,-30],[-15,-40],[-36,-95],[78,-15],[25,3],[22,32],[69,-43],[45,10],[7,19],[33,27],[25,27],[15,11],[25,27],[41,38],[-32,-11],[-26,53],[3,32],[47,13],[14,-8],[-9,37]],[[76703,73771],[6,48],[96,7]],[[76805,73826],[19,-47],[12,-7],[21,-45],[79,12],[-37,-64],[-7,13]],[[75124,70544],[15,-33],[-7,-56],[21,-94],[-38,-46],[-48,-1]],[[75067,70314],[29,155],[-19,66],[47,9]],[[93848,78618],[51,-47],[23,-69]],[[93922,78502],[37,-127],[46,-113]],[[94005,78262],[-47,-16],[-33,-20],[-29,-23],[-48,-4],[6,-40],[22,-18]],[[93876,78141],[-48,-29],[-17,-42],[-8,-97],[-38,-13]],[[93765,77960],[-50,-16],[-29,-64]],[[93686,77880],[2,-50]],[[93688,77830],[-32,-54],[81,-94]],[[93737,77682],[26,0],[28,-56],[23,-42],[38,19],[63,1]],[[93915,77604],[66,-77],[88,-7]],[[94069,77520],[36,8]],[[94105,77528],[89,-41],[13,18]],[[94207,77505],[59,23],[78,-36],[41,-36],[66,-11],[81,-17]],[[94532,77428],[9,-83],[-54,-15]],[[94487,77330],[-28,-31],[53,-78]],[[94512,77221],[-57,-54],[49,-88],[-68,-56]],[[94436,77023],[46,-34],[50,58]],[[94532,77047],[11,-37],[36,-9],[14,-30]],[[94178,76456],[-27,69],[19,45],[-35,119],[-47,49],[-53,23],[-57,-11],[-86,48],[-169,-40],[-48,-75],[-87,-15],[-74,-55],[-61,-63],[-72,21],[-48,-22],[-111,19],[-117,-1],[-26,58],[-48,3],[-47,-31],[-160,24],[17,73],[-35,92],[-21,129],[-40,-30],[-109,-117],[-137,-124],[-133,-182],[-21,-51],[-56,20],[-22,53],[-190,50],[-12,82],[54,77],[12,78],[-13,82],[-21,14],[27,84],[-54,38],[-76,0],[40,76],[-70,17],[-40,-33],[-92,12],[-31,-80],[-138,-1],[-76,-169],[-23,-97],[-77,-115]],[[91487,76599],[-87,125]],[[91400,76724],[35,52],[-3,85],[29,95],[-1,98],[39,58]],[[78811,72636],[147,-123],[109,-32],[59,-48],[136,16],[42,-26],[68,-104],[-31,-34],[-29,-100],[-45,-35],[-67,-88],[-65,-201]],[[79135,71861],[-54,-14],[-100,21],[-60,-10],[-2,68],[-31,108],[-43,19],[-103,15],[12,-112],[-62,61],[-64,83],[-46,-35],[-170,23],[-81,-26],[-54,-76],[-12,-49],[-130,26],[-1,97],[-94,42],[-94,-5],[-36,-54],[-131,-49],[-36,-24],[-9,-68],[-37,2],[-23,76],[75,67],[-94,54],[-80,23],[-26,-71],[-63,-38],[-96,-105],[-24,31],[47,87],[8,96],[-100,143],[-98,72],[-69,-59],[-100,-40],[-38,13],[-23,51],[-50,31],[-109,-15],[-64,-27],[-58,-55],[-19,-53],[-131,-39],[-256,-38],[-326,28]],[[76426,72948],[77,33],[94,-16]],[[89297,75773],[23,-52],[-36,-63],[48,-40],[3,-42],[46,-10],[83,-129],[-105,-104],[-17,-163],[81,5],[15,-76],[74,3],[82,-70],[-33,-75],[43,-133],[70,-27],[87,-77],[4,-63],[-59,-51],[-26,-68],[100,-77],[53,-82],[-22,-14],[8,-76],[-49,-145],[29,-94],[68,-48],[14,-33],[-40,-66],[-4,-104],[68,-186],[103,-4]],[[90008,73609],[-11,-53],[-89,8],[-106,-56],[-19,-67],[-54,-69],[-58,-114],[-61,-16],[-38,-82],[-21,-115],[-79,-64],[-46,-105],[23,-41],[-34,-94],[-36,-145],[17,-42],[-87,-113],[-11,-76],[-27,-56],[20,-39],[-16,-85],[46,-50],[6,-60],[40,-70]],[[89367,72005],[-76,-77]],[[89291,71928],[-71,-18],[-19,-36],[-65,-14],[-78,-86],[-37,-71],[-107,64],[-33,-1],[-62,-59],[-19,-78],[-80,-45],[-56,120],[6,49],[36,39],[-15,35],[38,115],[-18,102],[-28,81],[-42,29]],[[88641,72154],[-6,13],[28,6],[16,49],[12,-5],[37,-10],[23,13],[-16,1],[-16,45],[20,23],[22,-12],[-19,31],[-12,-9],[-8,-9],[-7,-2],[-9,31],[-22,32],[15,-4],[9,19],[25,36],[-21,27],[-33,-10],[4,28],[27,-4],[12,21],[6,39],[-10,22],[20,55],[24,-20],[-7,29],[3,5],[0,26],[10,0],[7,16],[7,24],[0,58],[30,-3],[0,24],[-5,26],[25,12],[-21,13],[15,23],[15,-28],[-1,31],[-3,35],[6,0],[-1,11],[-15,7],[18,1],[13,15],[9,7],[-33,41],[25,20],[-21,45],[10,27],[7,16],[17,4],[15,13],[-29,5],[11,18],[26,19],[-20,7],[14,14],[29,-13],[14,12],[16,90],[-42,-9],[35,25],[13,21],[22,5],[24,42],[-11,36],[26,-9],[8,15],[-21,50],[-25,25],[13,18],[18,46],[34,4],[-7,24],[27,-24],[0,25],[-16,17],[19,20],[-15,40],[-21,0],[2,52],[9,20],[6,17],[-16,42],[16,19],[-19,20],[-58,27],[-28,38],[-110,36],[-11,-24],[-29,-31],[-58,-38],[-15,-26],[-20,-20],[-45,25],[14,9],[44,62],[20,11],[-5,15],[-48,31],[40,44],[-33,30],[7,61],[-31,51],[-20,38],[22,-4],[1,10],[-43,84],[-30,48],[-11,20],[-28,31],[-33,23],[-9,24],[21,10],[-18,23],[7,25],[3,18],[13,6],[32,54]],[[88568,74462],[-46,32],[-55,68]],[[88467,74562],[-129,8],[-33,-20],[-19,7],[-43,0],[-28,-30],[-34,13],[-51,-28],[-2,-57],[-26,-30],[-14,-4],[5,39],[-97,-31],[3,20],[-4,41],[21,47],[-76,23],[-39,18],[-46,-16]],[[87855,74562],[-45,-34],[-76,-6]],[[87734,74522],[-8,8],[-39,33]],[[87687,74563],[-48,-2],[-39,-51]],[[87600,74510],[75,2],[-64,-34],[-37,-50],[-6,21],[12,23],[-30,-23],[-3,21],[-39,-12],[-146,-23],[-5,22],[-82,6]],[[87275,74463],[-37,13],[-166,3],[-17,-14]],[[87055,74465],[-11,-7],[-38,2]],[[87006,74460],[6,4]],[[87012,74464],[-28,29],[21,71],[-49,113],[80,6],[38,77],[-38,44],[26,62],[-34,48]],[[87028,74914],[99,35],[40,91],[35,22],[158,58],[99,-31],[100,46],[110,1],[59,13],[85,-25],[39,-44],[60,-22],[11,-46],[292,-71],[54,35],[9,42],[-24,43],[-42,153],[3,43],[72,42],[86,-9],[54,74],[54,-10],[64,-53],[29,17],[41,119],[23,26]],[[88638,75463],[59,-51],[61,-27],[64,9],[58,101],[51,21],[78,-9],[62,62],[-16,70],[90,67],[-2,51],[59,28],[95,-12]],[[85149,66726],[-74,-173],[-46,-82],[-56,-179],[-60,-117],[-18,-66],[-115,-49],[-47,-59],[-65,25],[-24,-86],[0,-93],[-27,-125],[-82,-32],[-81,19],[-48,-15],[-11,-81],[-51,-165]],[[84344,65448],[-25,-28],[-28,12],[-13,-10],[-18,-16],[15,-25],[-36,-2],[-50,0],[-7,0],[-4,-10],[-4,-21],[-3,-4],[-8,-10]],[[84163,65334],[3,-27],[-63,-25]],[[84103,65282],[-43,28],[-24,35],[-25,-2],[-5,38],[-3,43],[-4,35],[-49,41],[-3,62],[15,140]],[[83962,65702],[0,19]],[[83962,65721],[36,10],[108,169],[45,91],[23,103],[31,64],[28,123],[21,140],[14,160],[-15,33],[15,127],[-8,37],[37,130],[-46,92],[15,128],[-25,149],[-20,33],[46,131],[39,47],[4,71],[76,74],[9,65],[-9,80],[33,59],[92,93],[28,86]],[[91487,76599],[-44,-41],[-1,-35],[-61,-91],[-43,-29],[-21,-71],[-53,-29],[-70,-95],[-104,-44],[-36,-107],[-34,-38],[-67,-32],[-132,-84],[18,-62],[124,-22],[83,6],[49,-19],[0,-137],[46,-52],[10,-53],[-29,-133],[79,-78],[40,-21],[3,-65],[-31,-58],[70,-79],[52,-23],[32,33],[122,-117]],[[91489,75023],[-9,-102],[-164,31],[-87,-36],[-16,-53],[-60,-51],[-105,-15],[-46,-115],[-69,-52],[-86,-33],[-13,-55],[30,-70],[-34,-105],[6,-26],[-35,-70],[-63,-17],[-2,-45],[-92,-17],[3,-48],[-98,-62],[-25,-62]],[[90524,74020],[-46,17],[-32,50],[-24,105],[-17,206],[-68,-73],[-79,-123],[-98,-81],[-36,-75],[-50,-35],[-38,-108],[12,-161],[-40,-133]],[[89297,75773],[84,6],[41,46],[49,-46],[57,26],[-5,81],[87,87],[51,-5],[35,-66],[116,37],[79,-3],[12,76],[74,35],[77,-6],[38,51],[-18,65],[131,14],[-4,23],[51,133],[97,71],[52,11],[54,-35],[38,-50],[56,56],[46,-23],[51,17],[54,45],[86,0],[89,-25],[34,34],[-1,46],[38,26],[110,-18],[14,64],[33,24],[33,-57],[53,-8],[12,74],[73,24],[-29,46],[76,46],[79,29]],[[82337,73240],[11,-84],[141,-101],[120,12],[101,-39],[56,-8],[23,-63],[85,-27],[73,28],[61,-60],[73,3],[-19,-57],[33,-177],[-14,-35],[35,-52]],[[83116,72580],[-96,-55],[-61,-71],[-137,10],[-141,-59],[-58,25],[-113,-6],[-43,12],[-44,-57],[-111,-43],[-42,1],[-29,-56],[-63,102],[-84,11],[-48,101],[22,154],[-196,79],[-60,-52],[-40,-68],[-41,16],[-66,-75],[-98,-45],[-28,-108],[-12,-196],[2,-91],[-176,-183],[-74,32],[-128,98],[66,18],[27,76],[-46,79],[29,71],[-3,66],[-41,17],[-82,-23],[-30,35],[-62,-10],[-16,-96],[-49,-102],[-49,-48],[-65,-15],[5,-64],[-63,-76],[31,-20],[-33,-64],[-62,-27],[-50,-121],[-96,-65],[-58,45],[-40,1],[-223,-51],[-21,-16]],[[80220,71666],[-34,-15],[-91,-134],[-106,-186],[-70,4],[-110,-92],[-89,28],[-32,30],[1,92],[-32,49],[38,129],[-9,18],[50,94],[-33,55],[-49,-47],[-91,28],[-73,-31],[-38,-40],[-136,-7],[-52,-14],[-2,78],[-58,9],[-98,-99],[-69,-1]],[[79037,71614],[42,131],[47,36],[9,80]],[[79843,72968],[-15,-19],[87,-52],[146,-21],[39,12],[166,14],[122,-94],[76,-12],[21,113],[-23,117],[28,110],[34,54],[-61,15],[16,75],[71,-20],[44,49],[-5,114],[25,56],[121,4],[117,41],[-21,70],[57,83],[-37,28],[66,107],[51,37],[18,63],[-34,84],[-8,56],[32,49],[-17,115],[78,45],[27,52],[-6,45],[88,-5],[-3,-190],[15,-52],[128,102],[69,39],[5,134],[-15,150],[19,49],[-8,119],[28,33],[59,189],[9,190],[-5,58],[15,101],[22,2]],[[87734,74522],[76,6],[45,34]],[[88467,74562],[55,-68],[46,-32]],[[88641,72154],[-10,-47],[-6,6],[-66,-49],[9,-21],[-54,-22],[-26,-8],[-108,-43],[-41,-45],[71,-194],[-55,-22],[-43,-70],[-33,-16],[-70,-2],[-42,-39],[-25,-35],[-7,-48],[-16,-44],[-50,-11],[-8,-36],[-25,4],[-16,-16],[-19,15],[-52,-28],[0,-15],[-11,-19],[-48,-37],[-22,-35],[-1,-51],[-3,-16],[-18,-49]],[[87846,71161],[-19,6],[-26,-39]],[[87801,71128],[-16,26],[-23,-52],[-32,-56],[-28,-34],[-7,-20],[-34,-2],[-23,-16],[-52,-30],[-32,-40],[-32,7],[-30,-1],[-8,-9],[-28,-12],[-30,-26],[-14,-5],[-5,-23],[-35,-69],[-58,-6],[-26,-38],[1,-32],[-21,-9],[-12,-17],[-65,-15],[-73,-61]],[[87118,70588],[-6,-8],[-21,-40]],[[87091,70540],[-65,-16],[-59,43],[-43,-42],[-33,29],[-10,32],[-76,0],[-87,13],[-32,19],[-22,6],[0,17],[-18,19],[-28,65],[-57,49],[27,26],[4,53],[35,33],[-27,52],[-32,47],[-34,33]],[[86534,71018],[-65,2],[-26,30]],[[86443,71050],[-20,56],[20,38],[1,46],[8,15]],[[86452,71205],[98,25],[27,30]],[[86577,71260],[25,18],[86,-5]],[[86688,71273],[46,-11],[41,104],[22,49],[26,47],[11,31],[-1,38],[-1,40],[-10,7],[-11,103],[-23,36],[-72,86],[-62,80],[-29,23],[-47,163],[-30,52],[-22,30],[-2,20],[-20,93],[-34,55],[-55,59],[-21,32],[-101,3],[41,143],[-14,22],[-43,-2],[5,13],[-23,4],[1,14],[-10,-20],[-20,18],[-15,-4],[-11,-9],[-15,9],[-25,14],[-1,8],[-20,-11],[-8,7],[-38,11],[-4,62],[-53,19],[-24,4],[-17,-6],[-34,24],[-24,17],[-71,27],[-14,-3],[-36,39],[-49,-10],[-37,38],[52,47],[25,40],[-5,45],[-41,72],[-38,1],[-32,9],[-79,-1]],[[85616,73054],[-59,20],[-41,-15]],[[85516,73059],[-73,-12],[-77,12]],[[85366,73059],[-90,-9],[-13,72]],[[85263,73122],[74,-24],[29,45],[-38,43],[10,91],[11,7],[12,26],[47,34],[30,89],[22,-7],[1,-12],[23,-20],[63,-30],[43,13],[14,26],[-2,14],[4,20],[73,40],[61,24],[16,8],[20,44],[-15,55],[-12,4],[-18,1],[-32,13],[-37,-1],[-3,8],[22,40],[20,52],[-57,-13],[-60,9],[-22,3],[26,28],[48,38],[25,-13],[96,23],[34,-21],[51,68],[24,4],[16,16],[32,-5],[43,18],[113,4]],[[86070,73884],[51,50],[25,-13]],[[86146,73921],[6,-55],[-16,-8],[3,-9],[65,34],[6,-14],[61,42],[10,11],[-59,-1],[50,19],[64,14],[-19,-19],[-5,-20],[46,52],[-21,12],[68,52],[-36,20],[56,33],[-9,12],[0,28],[-38,23],[2,-53],[-6,18],[-24,-20],[-27,-21],[-11,-5],[28,-21],[-62,-17],[3,22],[-61,35],[-24,20],[64,40],[-44,10],[-15,12],[6,-38],[-86,-12],[-76,-26],[-28,-6],[-18,36],[11,63]],[[86010,74184],[73,33],[55,51]],[[86138,74268],[-19,34],[91,23]],[[86210,74325],[70,7],[40,-15]],[[86320,74317],[1,-20],[55,-19],[14,34],[51,35],[50,8],[13,-7]],[[86504,74348],[109,75],[68,-23]],[[86681,74400],[17,-20],[-24,-30],[-27,-29],[-13,6],[-30,-13],[-22,-20],[-57,-33],[98,24],[34,12],[29,-60],[31,-40],[-11,52],[7,8],[-10,21]],[[86703,74278],[31,29],[82,-30]],[[86816,74277],[14,-29],[78,-30],[12,-23],[6,31],[35,-12],[7,-12],[12,-23],[18,22],[-18,35],[-33,13],[-23,55],[-63,-20],[22,11],[-36,38],[-17,6],[30,21],[-72,4],[3,13],[46,49],[37,-3],[94,22]],[[86968,74445],[38,15]],[[87055,74465],[17,14],[166,-3],[37,-13]],[[87600,74510],[39,51],[48,2]],[[84564,72547],[-36,-56],[-10,-88],[25,-10]],[[84543,72393],[11,-21],[-52,-21],[-30,-45],[6,-13],[-72,-116],[73,-35],[18,11],[11,4]],[[84508,72157],[42,-1],[25,42]],[[84575,72198],[97,36],[29,15],[2,11],[77,33],[-1,38],[-4,31],[24,16],[53,9],[10,1],[12,-2],[19,-11],[3,-6],[50,-2],[21,-9],[14,66],[-12,50]],[[84969,72474],[21,32],[111,14]],[[85101,72520],[5,-55],[-16,-23],[37,-14],[3,-60],[44,-18],[36,-15],[-2,-14],[-55,-6],[-15,-29],[42,4],[19,-12],[-29,-32],[-14,-24],[-11,-66],[20,-43],[32,-11],[19,9],[72,31],[-15,-19],[-13,-4]],[[85260,72119],[-14,-67],[30,-56]],[[85276,71996],[26,-13],[47,17],[22,-18],[53,1],[47,15],[-23,-83],[33,-61],[26,-39],[8,-14],[11,-8],[7,-2],[47,1],[49,-4],[23,5],[190,28],[73,2],[41,-72],[45,-37],[4,-26],[35,-54],[41,-61]],[[86081,71573],[99,-93],[51,-26]],[[86231,71454],[-19,-8]],[[86212,71446],[-64,20],[-95,59],[-32,-22],[-35,62],[-26,50],[-31,8],[-6,-9],[-14,-49],[20,-41],[-17,-46],[-33,16],[-23,-11],[7,21],[-8,11],[-39,46],[6,12],[19,33],[-44,-25],[-28,-22],[-47,10],[4,-17],[-9,-83],[-27,-38],[-52,-23],[-68,-26],[-169,-32],[-16,-18],[-37,-13],[3,-49],[-17,-58],[-23,-40],[-48,-50],[-73,-40],[25,-37],[12,-48],[-54,-60],[-32,-41],[0,-10],[17,-26],[-53,-23],[-3,-34],[-18,-24],[-97,-28],[-12,34],[-43,2],[-39,-22],[-23,-55],[-74,-14]],[[84796,70696],[-9,27]],[[84787,70723],[-25,27],[-67,-50],[-12,-31],[-16,-10],[-17,1],[-64,-41],[-73,9]],[[84513,70628],[-31,3],[-40,84]],[[84442,70715],[-16,37],[8,61],[-49,20],[-39,6],[-79,5]],[[84267,70844],[-44,37],[-57,138]],[[84166,71019],[-55,70],[-36,7],[-42,13],[-9,1],[-29,11],[-17,73],[32,20],[-15,61],[-65,7],[-29,37],[-74,14],[-55,-19],[2,-7],[-70,-32],[-50,-25],[-68,-2],[-27,-6],[-63,-27],[-60,-19],[-52,-1]],[[83384,71195],[-65,-9],[-15,26]],[[83304,71212],[-12,4],[-64,-76],[-31,-24],[-12,-12],[-36,-11],[-58,-62],[-23,9]],[[83068,71040],[0,58]],[[83068,71098],[-12,47],[-34,54],[-1,29],[10,12],[25,14],[16,30],[-25,86],[-8,27],[-7,32],[4,21],[-15,19],[10,45],[-2,64],[35,49],[61,96],[-6,63],[84,83],[33,8],[38,32],[4,3],[-4,33],[-81,-8],[-60,10],[-31,-6],[-37,9],[-12,54],[-9,50],[11,46],[17,48],[90,78],[55,11],[12,25],[15,6],[22,8],[-1,14],[119,100]],[[83384,72390],[161,180]],[[83545,72570],[29,-1],[6,26],[21,36],[88,59],[42,12],[75,81],[30,30]],[[83836,72813],[93,-24]],[[83929,72789],[-25,-31],[-6,-27],[100,-9],[7,23],[26,8],[35,39],[10,4],[15,8],[33,34],[22,-16],[35,18]],[[84181,72840],[52,7],[31,-28]],[[84264,72819],[19,14],[45,-18],[-21,-59],[2,-15],[-8,-59],[5,-11],[36,-4],[8,-19],[70,67],[41,7],[38,-19],[-3,-54],[2,-6],[43,-38],[23,-58]],[[83962,65721],[-159,-7],[-217,5]],[[83586,65719],[-12,-5]],[[83574,65714],[-24,5],[-152,-8]],[[83398,65711],[-162,-4],[177,423],[12,42]],[[83425,66172],[16,16],[-8,18],[10,15],[-8,18],[-2,14],[-25,38],[-11,32],[-10,86],[-71,65],[-3,10],[-14,34],[9,73],[20,19],[-14,26],[-4,14]],[[83310,66650],[-11,13],[9,217],[19,144],[36,111],[4,90],[42,132],[123,179],[-46,27],[32,71],[-25,36],[21,43],[-39,84],[-14,92],[-81,14],[-36,57],[-7,87],[28,46],[-30,45],[13,51],[159,-3],[35,16],[46,-23],[18,-49],[55,-6],[44,-53],[59,11],[19,-38],[48,-17],[36,-44],[74,28],[106,0],[7,54],[74,-24],[82,22]],[[77000,73643],[-109,15],[1,30]],[[76805,73826],[-96,-7],[-6,-48]],[[75931,73519],[-167,-115],[-33,-2]],[[75471,73552],[-87,-19],[-50,28]],[[74745,73472],[65,52],[-6,62],[10,22],[97,50],[36,16],[-11,-17],[-20,-31],[14,-24],[20,-2],[11,97],[12,16],[45,-13]],[[75018,73700],[57,26],[-44,37]],[[75031,73763],[-58,-4],[-2,12]],[[74971,73771],[8,25],[13,34],[10,-4],[30,-4]],[[75032,73822],[17,15]],[[75049,73837],[19,75],[49,54],[0,33]],[[75117,73999],[4,10],[-28,23],[-34,82],[8,24]],[[75067,74138],[-2,101],[26,35]],[[75091,74274],[-2,48],[10,66],[-9,52],[55,36],[-17,50]],[[75128,74526],[16,58],[-53,8]],[[75091,74592],[-17,31],[15,46],[50,40],[-26,54],[6,7],[-2,42]],[[75117,74812],[7,37],[-35,63],[-10,116],[14,22],[93,-48],[237,-4],[93,13],[61,29],[61,-15],[123,-4],[251,74],[211,81],[-21,126],[42,108],[70,78],[39,17],[125,-11],[97,-26],[74,9],[118,96],[33,74],[189,22],[43,-14],[110,-97],[381,-273],[177,-17]],[[88638,75463],[58,52],[-50,115],[-89,22],[-19,51],[26,42],[-27,148],[-61,61],[-94,64]],[[83932,74223],[108,-159],[30,-58],[0,-64],[-24,-55],[-6,-100],[24,-61],[103,-61],[66,13],[213,77],[18,-42],[-9,-74],[-53,-77],[-33,-170],[-83,-29],[-65,-4],[-160,-86],[-39,-90],[0,-180],[-36,-74],[-8,-71],[-56,-60]],[[83922,72798],[-86,15]],[[83545,72570],[-2,-1]],[[83543,72569],[-96,-40],[-113,-12],[-101,31],[-79,-15],[-38,47]],[[83690,74174],[66,11],[70,45],[106,-7]],[[87012,74464],[-44,-19]],[[86816,74277],[-82,30],[-31,-29]],[[86681,74400],[-68,23],[-109,-75]],[[86320,74317],[-40,15],[-70,-7]],[[86138,74268],[-55,-51],[-73,-33]],[[86146,73921],[-18,2],[-7,11],[-51,-50]],[[85263,73122],[13,-72],[90,9]],[[85516,73059],[41,15],[59,-20]],[[86688,71273],[-86,5],[-25,-18]],[[86577,71260],[-27,-30],[-86,-15]],[[86464,71215],[9,92],[-61,48],[-18,46],[-56,44],[-72,-10],[-54,11]],[[86231,71454],[-51,26],[-99,93]],[[85276,71996],[-30,56],[14,67]],[[85101,72520],[-111,-14],[-21,-32]],[[84575,72198],[-25,-42],[-42,1]],[[84543,72393],[-25,10],[10,88],[36,56]],[[84264,72819],[-31,28],[-52,-7]],[[83929,72789],[-7,9]],[[83932,74223],[129,13],[47,-79],[215,44],[180,-34],[211,65],[85,11],[62,-41],[74,62],[74,35],[8,-47],[92,-40],[62,167],[99,8],[82,62],[91,39],[66,-11],[89,50],[95,10],[70,71],[74,5],[87,-19],[63,-57],[113,-15],[114,2],[114,-70],[60,6],[130,80],[40,41],[154,60],[46,72],[13,79],[41,67],[68,-7],[83,21],[6,29],[59,12]],[[80056,75230],[143,-20],[150,82],[78,126],[22,2],[242,-165],[50,-7],[340,56],[114,62],[103,-23],[89,-39],[87,27]],[[86464,71215],[-12,-10]],[[86443,71050],[26,-30],[65,-2]],[[87091,70540],[21,40]],[[87112,70580],[14,-6],[16,-30],[60,-36],[49,-100],[39,-13],[26,-45],[-1,-62],[93,-62],[62,8],[76,-48],[28,-70],[-6,-47],[52,-116],[-92,-134],[35,-29],[-18,-42],[60,-61]],[[87605,69687],[-29,-38]],[[87576,69649],[-72,-25],[-64,-42],[-11,-34],[-39,-33],[-29,-1],[-52,-64],[-13,-76],[-49,-83],[-29,-30],[-32,-52],[-15,-93],[-1,-14],[-8,-88],[11,-17],[-31,-41],[-16,-70],[-42,-16],[-4,-12],[-40,-59],[-17,-31],[-5,-62],[-8,15],[-10,-6],[-43,-13],[-66,7],[-17,-26],[3,-22],[-29,-27],[-6,-28],[-7,-20],[-18,-44],[3,-4],[4,-1],[3,0],[4,1],[2,1],[8,11],[6,-8],[7,-4],[2,1],[16,10],[-18,-20],[-5,5],[4,-14],[-13,-45],[-6,-19],[5,-23]],[[84379,68900],[-61,98],[-2,54],[99,-35],[99,4],[138,-53],[78,126],[40,11],[25,71],[49,34],[58,-3],[37,34],[148,65],[112,-17],[65,39],[17,30],[-59,37],[-48,7],[-27,60],[42,42],[-24,32],[67,36],[11,31],[-29,80],[2,92],[-42,26],[-41,-16],[-84,145],[-63,4],[-61,48],[-24,46],[-68,65],[-48,-26],[-33,80],[-151,-49],[-5,112],[-25,87],[-93,-28],[-12,63],[45,54],[141,77],[80,81],[18,85],[26,13],[11,69]],[[84787,70711],[9,-15]],[[93569,76199],[-142,-139],[-130,-84],[-24,-63],[-80,-53],[-169,-54],[-58,-49],[-76,-4],[-48,-23],[-98,95],[-82,-18],[-19,50],[-50,-35],[-95,-38],[-58,-66],[-63,-126],[-44,-28],[-61,-73],[-28,-112],[-27,-47],[-50,-40]],[[92167,75292],[-61,-25],[-58,-85],[-37,37],[-28,-50]],[[91983,75169],[-91,-60],[-86,-76],[-115,-34],[-112,-9],[-38,71],[-52,-38]],[[95990,79271],[-61,-72],[-36,-13]],[[95893,79186],[-70,-31],[-9,-32]],[[95644,78607],[-48,-19],[-9,-48]],[[95774,78212],[28,-47],[42,-3],[52,-55]],[[95945,77868],[-17,-61],[-36,-8]],[[95869,77775],[15,-40],[-37,-27]],[[96338,77390],[-4,-33],[-56,-34]],[[95795,77116],[-96,-24],[-14,41]],[[94968,76900],[-32,-1],[-41,67]],[[94532,77047],[-50,-58],[11,-28],[-28,-22],[-29,84]],[[94512,77221],[-53,78],[28,31]],[[94487,77330],[54,15],[-9,83]],[[94207,77505],[-13,-18],[-89,41]],[[94069,77520],[-88,7],[-66,77]],[[93737,77682],[-81,94],[32,54]],[[93686,77880],[29,64],[50,16]],[[93765,77960],[38,13],[8,97],[17,42],[48,29]],[[94005,78262],[-46,113],[-37,127]],[[94677,79276],[2,73],[36,61]],[[94776,79468],[73,34],[5,34],[17,41],[32,4]],[[94960,79610],[34,24],[759,74]],[[67413,73759],[-110,-153],[-53,-5],[46,-60],[11,-45],[122,-66],[-4,-107],[40,-17],[-9,-43],[14,-80],[37,-27],[57,-132],[-35,-21],[-3,-157],[-12,-120],[-14,-28]],[[67500,72698],[-7,-11]],[[67493,72687],[24,-26],[-33,-39],[-5,-28],[-45,5],[-22,15],[-46,-13],[-19,2],[-16,-15],[7,-23],[-27,-35],[-12,-22],[-12,-2],[8,-16],[29,-35]],[[67324,72455],[-5,-75],[-82,-15]],[[67237,72365],[-25,-28]],[[67212,72337],[-115,-52],[-2,-57],[-98,-22]],[[66997,72206],[-62,-9],[11,-25]],[[66946,72172],[-51,62],[-64,-49]],[[66831,72185],[-59,46],[-56,-16]],[[66716,72215],[-90,32],[-37,-12],[-11,-5],[-33,-5],[-8,-67],[-12,-24],[-35,5],[26,-24],[-6,-4],[-22,14],[-23,32],[-13,6],[-69,40],[-20,-7],[-139,9]],[[66224,72205],[-46,-67],[-53,9],[3,52]],[[66128,72199],[-48,23],[-77,-73],[-12,0],[-41,-50],[-2,-15],[-20,-16],[-14,45],[-20,11],[-55,-24],[-6,-5],[-68,-30],[-126,22],[-22,24],[-66,5],[-24,43],[-85,-19]],[[65442,72140],[-9,16]],[[65433,72156],[7,13],[-42,19],[-39,42],[47,48],[48,82],[4,62],[76,14]],[[65534,72436],[-1,42],[-59,12]],[[65474,72490],[-11,28],[22,43],[46,33],[5,51],[-61,-2],[-96,29],[-3,41],[66,27],[-4,52],[60,13],[-8,89],[46,64],[-3,36],[-91,-7],[0,14],[39,45],[-53,107],[-47,53],[-8,78],[7,95],[-34,25],[-33,25],[-5,30],[-7,34],[9,52],[83,8],[-28,98],[38,18],[0,58],[-47,50],[3,45],[47,4],[-21,34],[-40,46],[8,30],[19,31],[10,49],[-24,16],[-33,51],[27,36],[-37,34],[29,53],[-10,48],[28,50],[-16,59],[-46,9]],[[65300,74372],[31,43],[9,71],[93,-6],[3,-164],[25,-70],[40,-274],[165,-133],[82,-41],[91,5],[-9,33],[204,0],[73,-32],[-1,-119],[81,-1],[83,-23],[96,-74],[60,50],[-17,41],[10,60],[43,75],[69,41],[135,13],[53,40],[82,27],[173,-35],[107,-47],[19,-48],[121,-49],[-2,-39],[65,-5],[21,35],[108,13]],[[57317,68743],[-15,-44],[-103,3],[-4,-31],[66,-48],[14,-44],[92,3],[-28,-103],[-35,-3],[-19,-49],[26,-52],[-89,-8],[24,-85],[-47,-114],[-79,-5],[-72,-63],[-54,-13],[-14,-59],[37,-41],[69,-22],[9,-61],[48,3],[31,-29],[19,-95],[103,-24],[-26,-46],[28,-61],[-24,-53],[2,-87],[-15,-108],[-69,-10],[-14,-65],[-32,-11],[-93,18],[-59,-18],[-32,-94],[-86,28],[-28,-15],[-33,-153],[10,-69],[-84,-74],[18,-41],[-34,-82],[-74,-66],[-91,-4],[-107,-46],[-73,88],[-65,-20],[-13,93],[-26,60],[-29,-2],[-23,-74],[-78,57],[-28,-26],[3,-58],[-20,-55],[-51,-12],[-8,-65],[-145,-78]],[[55897,66610],[16,48],[-25,74],[-90,164],[-83,-7],[1,-86],[-38,-13],[-131,47],[-41,-49],[-29,46],[-96,-28],[33,-69],[-10,-50],[-89,27],[37,61],[-63,24],[-34,-41],[12,-92],[-52,-24],[-8,-44],[-44,-20],[-72,86],[2,111],[-39,42],[-20,92],[-45,28],[-45,133],[-78,63],[-110,33]],[[54756,67166],[310,501],[54,67],[97,93],[56,68],[77,71],[247,310],[52,46],[180,216],[16,53],[105,81],[89,36],[190,117],[78,188]],[[56307,69013],[96,-50],[-42,-50],[62,-22],[51,6],[59,38],[110,-7],[54,40],[49,-1],[30,-48],[158,3],[11,-82],[87,87],[77,-36],[24,26],[185,-120],[-1,-54]],[[65778,68744],[-54,-102],[-40,-25],[-10,-51],[34,-74],[-17,-183],[23,-40],[-27,-52],[37,-121],[-38,-87],[-143,-56],[-51,-90],[-38,3],[-10,-60],[63,-40],[-44,-69],[12,-79],[-41,-51],[26,-76],[-37,-64],[-2,-48],[-55,-90],[-36,-175]],[[65330,67114],[21,-65],[-80,10],[-60,-12],[-61,49],[-93,47],[-70,-20],[11,61],[-64,0],[20,-46],[-59,-41],[-4,-33],[-68,-91],[45,-180]],[[64868,66793],[-120,108],[-76,-63],[-55,13],[-6,54],[-65,3],[-33,-20],[-10,115],[-48,78],[-131,-2],[-33,-45],[4,-50],[-49,-51],[-45,9],[-80,-35],[-31,6],[-63,-37],[-78,25],[-16,33],[-80,31],[-39,37],[8,49]],[[63822,67051],[-14,48],[22,68],[-15,92],[-95,40],[-37,61],[-39,7],[-43,80],[20,106],[-31,33],[-8,82],[-166,-37],[14,79],[86,18],[-12,76],[30,50],[-6,46],[17,111],[-39,80],[-59,58],[-67,29],[42,51],[-28,64],[14,41],[-11,84],[44,51]],[[63441,68469],[88,-5],[27,-50],[54,-55],[63,7],[23,-42],[77,8],[14,89],[131,9],[9,58],[53,98],[-29,84],[9,64],[73,141],[28,-9],[41,64],[-9,39]],[[64093,68969],[38,-4]],[[64131,68965],[-3,-11],[21,12],[32,-5],[62,-14],[26,-17],[98,13],[48,-27],[36,34],[37,-30],[-2,-27],[-12,6],[7,-19],[36,0],[29,54],[17,8],[94,-23],[5,-21],[59,-14],[38,10],[35,-3],[16,14],[54,-19],[2,15],[20,-8],[25,4],[42,27],[23,-12],[54,-3],[62,-8],[62,19],[39,2],[48,-16],[22,-23],[4,-6],[25,-6],[23,29],[20,19],[36,-1],[30,-19],[82,-22],[32,5],[64,-18],[41,-9],[15,-14],[24,-80],[87,-14]],[[65746,68747],[32,-3]],[[62701,70930],[11,-31],[-52,-130],[25,-49],[-10,-153],[48,-28],[-11,-34],[86,-9],[45,-22],[6,-74],[101,8],[3,-70],[22,-16],[103,103],[77,-28],[17,-70],[54,-36],[24,-66],[46,-39],[101,-57],[56,6]],[[63453,70135],[-15,-58],[-80,2],[-17,-54],[-56,-11],[-79,21],[-169,-79],[-84,-77],[4,-16],[-178,-80],[-3,-67]],[[62776,69716],[-54,-73],[-112,-46],[-115,-103],[-95,-28],[-122,81],[-51,-27],[-76,37],[-23,47],[-56,52],[-112,34],[-50,92]],[[61910,69782],[8,3],[2,74],[-31,43],[-23,93],[-43,-10],[-12,-53],[1,-31],[-26,-26],[-24,-3]],[[61762,69872],[-32,57],[-157,116]],[[61573,70045],[-40,27],[-14,14],[-51,-13],[-59,29],[-42,46],[-64,-26],[-6,-6],[-52,69],[12,103],[43,-3],[32,-23],[6,-4],[10,27],[-27,23],[-30,105],[-80,28]],[[61211,70441],[-84,34],[-18,41],[-56,37]],[[61053,70553],[-43,29],[-91,10],[-78,-21]],[[60841,70571],[-63,-20]],[[60778,70551],[26,75],[30,17],[31,22],[29,34],[1,20],[12,18],[134,-38],[102,-7],[11,39],[6,26]],[[61160,70757],[-11,55],[-60,36]],[[61089,70848],[8,18],[28,38],[15,25],[30,22],[14,-13],[11,16],[14,-5],[25,61],[8,2],[15,18],[15,-53],[4,-18],[24,15],[23,7],[19,-30],[22,-12],[54,16],[40,10],[22,10],[19,4],[53,-57],[8,-17],[22,-48],[26,-17],[78,-61],[50,-33]],[[61736,70746],[41,47],[-13,111]],[[61764,70904],[-16,60],[41,48],[-17,15],[-43,-17],[2,21]],[[61731,71031],[-3,26],[72,60]],[[61800,71117],[-10,39],[-53,44]],[[61737,71200],[3,30],[21,22],[59,7],[24,-25],[10,37],[31,-2],[15,-20],[37,11],[25,35],[57,28],[32,2],[42,-32],[12,5],[-2,6],[57,-12],[11,36],[-27,22],[-80,25],[-3,64],[100,-28],[-15,-22],[3,-10],[34,23],[28,0],[14,-45],[-15,-21],[4,-18],[28,-34],[-27,-19],[-14,-68],[91,29]],[[62292,71226],[25,-24],[9,-88]],[[62326,71114],[21,-79],[62,-37],[70,-9],[62,-11],[25,-23],[25,-43],[67,-11],[43,29]],[[53958,69983],[34,-71],[100,11],[20,-37],[108,-93],[66,-30],[70,-54],[51,-76]],[[54407,69633],[-4,-116],[-41,-34],[-70,-5],[-7,-26],[-102,-6],[-34,-94],[-57,-37],[28,-33],[-5,-64],[23,-34],[12,-81],[-57,-144],[52,-134],[9,-80],[-11,-76],[-59,-55],[-21,-44],[43,-97],[-3,-92],[-48,-38],[-113,-141],[-9,-149],[-115,-87],[-35,-65],[30,-23],[14,-74],[89,-13],[66,-34],[31,-131],[-11,-78],[-59,-41],[-16,-67],[-68,-137],[-25,-28],[-4,-72],[69,-57],[5,-40],[-31,-46],[-17,-75],[30,-44],[-46,-57],[-54,-10],[-39,-63],[-93,-5],[-63,51],[-64,-39],[-129,-13],[-178,11],[-79,-7],[-31,24]],[[53110,66833],[23,97],[4,19],[-5,29],[-22,41],[1,17],[84,80],[-1,6],[-72,14],[12,46],[-9,9],[-20,-7],[-46,23],[-11,74],[48,39],[-46,59],[-17,30],[-10,10],[-30,-9],[-11,50],[10,25],[-12,56],[-44,-12]],[[52936,67529],[-48,-5],[-41,41]],[[52847,67565],[-25,48]],[[52822,67613],[-79,69],[-27,5]],[[52716,67687],[-33,11]],[[52683,67698],[-27,26]],[[52656,67724],[8,19],[5,39],[17,69],[-20,59],[-29,26],[-43,76],[-43,21],[29,37],[-32,33],[17,17],[-27,60],[18,43],[1,100],[-2,35],[-64,31],[6,59],[19,48],[-3,40],[-4,29],[-89,26]],[[52420,68591],[-5,79],[24,36]],[[52439,68706],[-6,30],[11,0],[25,-20],[-3,35],[-12,4],[15,81],[4,8],[16,13],[7,91],[27,-6],[33,50]],[[52556,68992],[-18,27],[-5,83]],[[52533,69102],[-19,50],[10,45],[-35,5],[-7,13],[28,15],[56,33],[50,24],[53,34],[18,20],[7,31],[42,90],[35,-11],[0,26],[32,-33],[9,0],[30,55],[47,-29],[34,19],[30,34]],[[52953,69523],[29,64],[38,15]],[[53020,69602],[12,3],[3,-11],[4,-5],[5,0],[15,24],[19,-12],[34,26]],[[53112,69627],[-3,28],[4,7],[17,-8],[9,-3],[59,37],[-33,13]],[[53165,69701],[73,4]],[[53238,69705],[23,8],[7,-24],[73,57],[67,25],[26,4],[32,-15],[17,24],[14,11],[4,20],[6,-4],[37,-4],[10,62],[37,23],[45,3],[34,8],[35,17],[-4,11],[-40,28],[57,46],[12,10],[46,-5],[55,9],[33,44],[20,-34],[26,16],[9,2],[28,-17],[-32,-32],[43,-15]],[[65956,70221],[-3,-30],[-31,-47],[-41,-13]],[[65881,70131],[-16,-47],[48,-21],[15,-35]],[[65928,70028],[-12,-12],[7,-26],[25,-18],[21,-22],[44,-2],[103,-35],[-26,-63]],[[66090,69850],[36,37],[52,135]],[[66178,70022],[37,15],[129,48],[49,-1],[34,-25],[48,-20]],[[66475,70039],[101,-49],[-6,-21]],[[66570,69969],[40,-25],[34,-8],[58,-53],[149,19]],[[66851,69902],[51,-63],[44,6]],[[66946,69845],[39,-15],[9,30],[5,-15],[21,-60],[53,-16]],[[67073,69769],[-12,-30],[-19,-101],[-10,-60],[-35,3]],[[66997,69581],[-44,42],[-49,1],[-30,48]],[[66874,69672],[-30,-37],[21,-66]],[[66865,69569],[15,-24],[-67,-114],[-2,-70]],[[66811,69361],[-15,-110]],[[66796,69251],[-3,10],[-31,8],[-143,64],[-31,15],[-55,32],[-18,-6],[-32,-12],[-26,-66],[-41,23],[-35,8]],[[66381,69327],[-60,14],[-42,-59]],[[66279,69282],[-9,-31],[-18,-87],[13,-27],[-16,-34],[-6,-13],[-19,-36],[-9,-23],[-17,-78],[-8,-34],[-6,-58],[-56,11],[-41,33],[-43,18],[-5,-1],[-53,-74],[-80,-2],[-8,-7],[-38,-36],[-46,-25],[-26,-12]],[[65788,68766],[-42,-19]],[[64131,68965],[-57,15]],[[64074,68980],[-13,8],[-16,26],[20,36],[38,13],[8,17],[24,52],[-3,32],[8,3],[41,-1],[7,1],[41,38],[8,12],[-38,10],[-31,2],[-39,4],[-25,41],[-8,10],[-4,-45],[-12,-4]],[[64080,69235],[-37,12],[-11,54]],[[64032,69301],[-30,30],[-55,24],[-40,19],[-4,45],[16,16],[118,-9],[51,12]],[[64088,69438],[103,7],[16,16]],[[64207,69461],[15,18]],[[64222,69479],[96,48],[28,6],[48,30],[-21,49],[22,40],[15,40],[11,31],[24,43],[54,-8],[24,17],[23,20],[55,64],[21,11],[36,18],[-30,63],[-26,20],[-4,43],[-24,33],[-35,35],[8,26],[11,43],[1,8]],[[64559,70159],[-15,34]],[[64544,70193],[19,55],[94,-17],[39,48],[42,-16],[74,59],[36,50],[95,3],[44,-65],[88,-11],[51,21],[31,-28],[78,27],[13,-55],[65,32],[95,-8],[33,92],[68,78]],[[65509,70458],[-2,-52],[-16,-81],[-25,-10],[-17,-80],[31,-36],[26,-25],[56,-12],[52,2],[98,6],[20,34],[60,4],[10,-24],[16,-3],[37,19],[37,20],[64,1]],[[57712,71143],[-12,-65],[-70,-11]],[[57630,71067],[-16,-18],[33,-49],[28,-7],[-57,-71],[-12,-67],[20,-12],[-32,-33],[-13,-61],[11,-59]],[[57592,70690],[-69,-43],[-98,-99]],[[57425,70548],[-19,-58],[-32,-116],[26,-73],[51,-92],[-49,-117],[-106,-208],[-3,-25]],[[57293,69859],[-24,-72],[-38,-54]],[[57231,69733],[-33,-18]],[[57198,69715],[-101,-61],[-78,-156],[-89,-85],[-248,-88],[-86,-9],[-137,-81],[-91,-99]],[[56368,69136],[-132,98],[-68,22],[-12,-32],[-59,23],[-102,5],[-57,26],[-71,62],[33,31],[5,110],[-26,71],[41,97],[-31,62],[-63,46],[-93,10],[6,66],[-30,49]],[[55709,69882],[32,10],[9,68],[25,34],[45,-9],[-6,80],[16,50],[45,38],[90,4],[47,147],[-29,66],[-49,5],[5,50],[-35,49],[-2,99],[27,90],[-11,56],[55,96],[3,45],[-44,30],[19,45],[-58,59],[53,38],[62,69],[7,58],[88,125]],[[56103,71284],[43,-21]],[[56146,71263],[7,-16],[5,-58],[48,-40]],[[56206,71149],[44,-13],[2,63]],[[56252,71199],[29,1],[56,9],[22,-15],[13,-45],[5,-29],[22,-19]],[[56399,71101],[79,20],[33,-51]],[[56511,71070],[60,1]],[[56571,71071],[29,25],[12,117]],[[56612,71213],[11,-85],[73,-33],[22,64]],[[56718,71159],[-11,133],[139,10]],[[56846,71302],[22,-43],[72,-77],[105,18],[96,-35],[116,5],[87,19],[113,-68],[63,6],[49,27],[100,-20],[43,9]],[[54509,70636],[64,14],[57,37],[123,96],[79,57],[147,60]],[[54979,70900],[69,20],[11,57]],[[55059,70977],[-22,116]],[[55037,71093],[-13,45],[86,93]],[[55110,71231],[99,14],[47,-1],[-26,-24],[53,12],[13,21],[25,-1]],[[55321,71252],[42,-15],[93,-69]],[[55456,71168],[29,-127],[105,-21],[122,-3],[16,-6]],[[55728,71011],[60,4],[-23,54]],[[55765,71069],[14,-3],[39,-17],[68,1],[17,120],[3,110],[24,42],[22,2],[99,-25],[19,0],[5,15],[40,-18]],[[56115,71296],[-12,-12]],[[55709,69882],[-24,-26],[-114,9],[-48,-32],[-29,68],[-255,24],[-81,-50],[-139,43],[-105,19],[21,-104],[-54,-19],[81,-128],[-65,-84],[-19,-67],[-76,-19],[-83,8],[-81,65],[-194,55],[-37,-11]],[[53958,69983],[5,40],[25,6]],[[53988,70029],[40,-6],[50,36]],[[54078,70059],[30,61],[-38,27]],[[54070,70147],[30,5],[73,1]],[[54173,70153],[50,14],[-28,53]],[[54195,70220],[-41,7],[-37,1],[-4,20],[28,37],[50,-26]],[[54191,70259],[76,46],[13,42]],[[54280,70347],[17,16],[24,16],[21,101],[69,19],[72,109],[26,28]],[[60882,73922],[-18,-48],[-20,-66],[18,1],[40,-4],[45,-2],[22,42],[43,-7],[35,-7],[1,-26],[-6,-34],[22,-21],[42,-29],[-5,-9],[-26,9],[-7,1],[-6,-21],[17,-32],[8,-16],[11,-10],[-4,-10],[-36,-17],[-3,-25],[62,-6],[3,-8],[-17,-62],[-50,8],[-5,-65],[-14,-12],[1,-46],[79,-54],[69,-3],[28,12],[32,-11],[27,-18],[9,14],[77,36],[39,-12],[3,22],[-12,54],[13,14],[24,-11],[25,15],[106,-14],[55,64],[114,-88],[-25,-47],[-4,-85],[43,-57],[56,-8],[23,-79],[-37,-30],[-5,-81],[81,-14],[24,67],[47,-12],[35,31],[35,-45],[74,-5],[40,66],[73,58],[98,-39],[28,1],[84,-4],[127,18],[2,-24],[-10,-78],[79,-45],[23,-41],[13,8],[62,-48],[96,-21],[29,-60],[-32,-39],[9,-125],[11,-29],[72,-47],[81,-81],[9,-56]],[[62964,72469],[29,-19]],[[62993,72450],[4,-13],[-18,-17],[14,-17],[-17,-16],[2,-39],[26,-30],[12,-49],[-16,-17],[18,-25],[-11,-6],[-1,-13],[16,-17],[-23,-33],[25,-42],[-20,-8],[28,-34],[3,-21],[13,3],[27,-12],[10,-21],[1,-13],[-75,-13],[-8,32],[-19,7],[-33,12],[-11,-30],[-9,-5],[-14,-14],[-20,-38],[-8,-35],[-44,-34],[-7,-16]],[[62838,71876],[-40,-35],[5,-37]],[[62803,71804],[-13,-8],[-26,-13]],[[62764,71783],[-30,37],[33,18],[-45,77],[-110,21],[-191,-73],[-58,29],[-298,-6],[-3,32],[-71,3],[-49,48],[-41,11],[-79,106],[-105,-10],[3,-27],[-99,-3],[-23,70],[-55,-9],[-29,29],[-53,-28],[-67,38],[6,40],[-153,44],[-32,63],[8,75],[-144,16],[-145,47],[-67,54],[-56,-46],[-63,-16],[-38,40],[-13,162]],[[60697,72625],[14,73],[32,62],[56,21],[34,46],[-46,67],[-61,11],[12,136],[-94,94],[-14,119],[67,72],[4,53],[-41,59]],[[60660,73438],[71,37],[14,42],[9,53],[-26,28],[-29,8],[-53,1],[-54,-5],[16,15],[91,12],[7,14],[-22,2],[-38,55],[-37,120],[4,25],[54,30],[8,60],[3,27],[27,-2],[71,-35],[106,-3]],[[58930,68728],[-8,-74]],[[58922,68654],[30,3],[27,29],[10,5],[5,43],[43,0],[34,-91],[-10,-41],[26,-28],[42,-3],[6,43],[-1,36],[27,-5],[18,-17],[22,14],[143,-19],[22,-39],[42,-18],[30,27],[37,-43],[6,-18],[7,-43],[32,-1],[53,5],[-30,-57],[15,5]],[[59558,68441],[37,-42]],[[59595,68399],[-50,-69],[4,-185],[-50,-59],[-78,17],[-34,-34],[29,-43],[-63,-52],[-66,-116],[-5,-76],[-49,-68],[-45,-7],[-10,-132],[75,11],[29,-71],[67,-4],[26,-65],[-26,-75],[6,-91],[-68,31],[-40,-16],[36,-95],[-8,-51],[50,-112],[-5,-64],[47,-35],[-41,-57],[111,-37],[56,15],[102,-43],[-20,-36]],[[59575,66780],[-45,-21],[-179,-18],[-74,15],[-62,-36],[9,-82],[-96,2],[-52,-34],[-53,-66],[-72,6],[-44,-16],[-130,-17],[57,-130],[-74,-42],[-114,-35],[-57,-56],[-22,-47],[-41,-3]],[[58526,66200],[-52,23],[31,81],[-19,102],[-54,-77],[-74,39],[-74,-35],[-70,-15],[-76,-136],[-71,-16],[-79,24],[-76,-21],[-18,80],[-70,108],[8,151],[-60,-19],[-53,31],[-46,-50],[-25,66],[19,155],[-45,50],[-124,-26],[-14,-49],[-131,-31],[-59,-89],[-64,-2],[-95,-60],[-44,-94],[5,-69],[-33,-72],[-135,31],[-63,-4],[-99,43],[-46,-57],[23,-50],[-69,-38],[-85,9],[18,-57],[-27,-29],[23,-52],[-28,-22],[-83,-175]],[[56492,65848],[-98,80],[-37,114],[-128,-27],[17,104],[-95,33],[-44,82],[-73,-12],[-88,35],[-35,57],[16,76],[-53,61],[-76,12],[-27,57],[31,56],[95,34]],[[57317,68743],[110,-13],[43,40],[59,-8],[43,40],[83,-28],[104,-17],[72,24],[65,-30],[2,-52],[-25,-86],[130,-90],[20,-67],[200,132],[79,22],[34,-15],[24,54],[59,8],[23,-114],[145,-17],[87,109],[20,77],[48,28],[37,-11],[13,59],[96,15],[-9,-73],[51,-2]],[[56194,74678],[46,-44],[-2,-19],[3,-32],[-11,5]],[[56230,74588],[-59,-88],[31,-10]],[[56202,74490],[22,49],[115,100]],[[56339,74639],[36,-16]],[[56375,74623],[62,-40],[2,-62],[38,-89],[59,-20]],[[56536,74412],[7,-35]],[[56543,74377],[-15,-84],[108,-99]],[[56636,74194],[-2,-80],[41,-14],[45,41]],[[56720,74141],[44,-29]],[[56764,74112],[-14,-60],[42,-34]],[[56792,74018],[12,-39]],[[56804,73979],[5,-47],[65,34]],[[56874,73966],[86,63],[64,6]],[[57024,74035],[142,-114],[54,-26],[13,-44],[-6,-5],[40,-54]],[[57267,73792],[16,-65],[132,-155],[35,-1],[68,-43],[21,-38]],[[57539,73490],[24,-8],[5,-80]],[[57568,73402],[-9,-34],[68,-20]],[[57627,73348],[26,13],[46,-43]],[[57699,73318],[45,-35],[29,-37],[17,1],[23,-53]],[[57813,73194],[8,-29],[82,5],[4,-41]],[[57907,73129],[-26,-18],[-15,-16]],[[57866,73095],[-85,13],[-214,-29],[-170,2]],[[57397,73081],[-63,59],[-81,25],[-17,27],[-104,-6],[-7,104],[-109,42],[11,98],[-146,-1],[-57,34],[-24,40],[-64,-6],[-47,-32],[-9,-59],[-62,32],[49,62],[-74,56],[-64,-24],[-88,15],[-108,57],[7,72],[-77,19],[-104,-28],[-62,22],[-79,-18],[17,-116],[-18,-30],[-2,-88],[-26,-27],[-47,25],[-7,55],[-65,38],[-54,-45],[-60,-4],[-37,-40],[-119,37],[-4,29],[-90,39],[-23,51],[-75,79],[-32,12]],[[55376,73686],[-52,16],[-88,15],[-9,8],[-45,12],[-80,11],[-16,-1],[-24,-15],[-12,-8]],[[55050,73724],[-54,23],[-23,38]],[[54973,73785],[-35,19],[-14,12],[-16,-3],[-11,23],[-58,68],[-25,49],[-65,10],[-29,-49],[-124,13],[-35,13],[-97,30],[-20,3],[-3,64],[21,124],[-20,38],[2,28],[43,9]],[[54487,74236],[70,15],[30,-32]],[[54587,74219],[-3,-9],[69,-18],[19,65],[21,22],[33,-1],[51,-16],[1,-8],[55,26],[115,43],[4,26]],[[54952,74349],[-3,27],[23,38],[8,21],[49,42],[28,37],[9,33],[6,57],[-5,31],[-3,38],[11,13],[36,-14],[33,-14],[59,7],[27,15]],[[55230,74680],[79,0],[-12,-41]],[[55297,74639],[99,-12],[93,-15],[63,-18],[23,-9],[104,-22],[51,-23],[46,10],[22,6],[46,43]],[[55844,74599],[66,-6],[88,19]],[[55998,74612],[68,-19],[85,39],[67,5],[-24,41]],[[61298,68535],[168,0],[24,-66],[29,-8],[72,36],[59,-63],[46,10],[-9,79],[461,8],[20,38],[-2,61],[29,80],[63,-14],[116,-85],[62,-21],[-20,-86],[89,-16],[34,45],[-12,202],[81,36],[74,57],[47,-14],[55,39],[-11,39],[24,48],[177,128],[166,-26]],[[63140,69042],[-24,-41],[11,-78],[-34,-67],[-47,0],[16,-136],[86,-1],[58,-20],[4,-123],[49,-9],[37,-79],[64,16],[81,-35]],[[63822,67051],[-88,-82],[-2,-48],[-99,-50],[11,-41],[-39,-50],[-80,2],[-61,-67],[-54,-126],[6,-169],[-12,-54],[-79,-11],[5,-101],[-19,-69],[-33,-30]],[[63278,66155],[-62,31],[-65,8],[-58,80],[-88,58],[-69,98],[-118,-7],[-54,18],[-10,45],[-75,19],[51,55],[64,120],[-39,88],[30,58],[-20,41],[53,61],[-93,43],[-91,-15],[-61,12],[-34,44],[-74,56],[-6,-78],[-72,-22],[-102,-6],[-46,61],[-66,14],[-26,31],[-26,113],[53,126],[-31,112],[-66,115],[-66,39],[-81,20],[-35,38],[-8,67]],[[61887,67698],[-4,55],[-86,101],[-48,18],[-46,69],[-53,18],[-37,56],[-73,19],[-8,-45],[-49,-1],[-149,43],[-39,130],[-20,15],[12,83],[-51,17],[-11,-58],[-133,-1],[10,111],[110,-25],[-5,44],[-82,124]],[[61125,68471],[62,-1],[79,20],[32,45]],[[57972,69614],[-19,-44],[29,-33],[22,15],[22,51],[75,11],[47,8],[25,68]],[[58173,69690],[25,43],[65,-3]],[[58263,69730],[9,-8],[5,-48],[36,-48],[7,-96],[43,20],[5,3],[39,33],[24,11],[17,-3],[44,-3],[27,-30],[36,31],[-1,18],[60,-32],[11,-25],[18,-1],[13,31],[-3,60],[27,45],[15,28],[78,-19],[46,-13],[7,3]],[[58826,69687],[37,-18]],[[58863,69669],[10,-19],[-2,-27],[-36,-73],[67,-28],[35,2],[-29,-27],[-13,-18],[-62,-22]],[[58833,69457],[-36,-66],[40,-16]],[[58837,69375],[16,-25],[-4,-27],[-18,-11],[-8,-10],[-30,-44],[21,-51],[-8,-58],[31,24],[36,-39],[19,-53],[-69,-38],[-2,-46]],[[58821,68997],[-16,-86],[73,12]],[[58878,68923],[56,-15],[12,-7],[-19,-29],[26,-52],[19,-53],[-26,-31]],[[58946,68736],[-16,-8]],[[56307,69013],[61,123]],[[57198,69715],[21,-60]],[[57219,69655],[48,-24],[-6,-32],[-50,-6],[-13,-41],[-34,-8],[-17,-54],[35,-6],[43,25],[11,0],[67,-33],[25,60],[52,-24],[15,0],[31,-21],[13,0],[38,-2],[2,-70],[-47,-20],[-85,-7],[-41,-30],[-15,2],[-21,-37],[11,-40],[14,-1],[32,28],[11,0],[28,34],[70,15],[35,-3],[67,-17],[30,8],[80,34],[85,-19],[8,-4],[26,44],[18,54],[53,25],[2,40],[24,62],[21,8]],[[57885,69595],[11,22],[76,-3]],[[68744,70593],[20,-51],[36,-9]],[[68800,70533],[34,-17]],[[68834,70516],[45,-63],[-17,-26]],[[68862,70427],[9,-4],[5,-31]],[[68876,70392],[8,-61]],[[68884,70331],[-135,20],[-54,55],[-40,-25],[-61,33],[-21,49],[-86,84],[-110,-9],[-73,-63],[-8,-44],[-106,-16],[-33,-94],[10,-47],[-102,-3],[-28,-73],[-60,-41],[-76,54],[-81,-199],[9,-66],[80,-22],[-25,-127],[34,-60],[35,4],[95,-76],[74,-22],[21,-74],[-25,-91],[-47,-14],[-45,-58],[39,-79],[-15,-35],[-98,54],[-48,8]],[[67904,69354],[-14,97],[-262,38],[1,56],[-58,38],[8,81],[-33,27],[-112,-11],[-89,32],[-67,-17],[-137,85],[-68,-11]],[[66946,69845],[-44,-6],[-51,63]],[[66570,69969],[6,21],[-101,49]],[[66178,70022],[-52,-135],[-36,-37]],[[65928,70028],[-63,56],[16,47]],[[65956,70221],[-9,83],[-56,39],[7,59],[30,30],[20,109],[55,12],[80,68],[-25,76],[10,38],[-33,36],[9,140],[74,31],[-51,36],[-6,60],[-64,111],[62,69],[39,-10],[25,-48],[54,-1],[154,-73],[94,15],[33,-21],[57,8],[78,-28],[70,22],[166,5],[32,-54],[49,40],[118,-15],[73,-55],[53,8],[-21,74],[84,22],[56,-25],[96,41],[39,-42],[64,30],[45,106],[19,107],[82,42],[4,23],[92,2],[56,-46],[72,8],[99,47],[9,43],[75,36],[-44,161],[-72,50],[73,10],[17,41],[-44,96],[56,0]],[[68011,71837],[16,-38],[40,-10],[55,-7],[19,-8],[41,-1],[16,-18],[43,18],[51,-18]],[[68292,71755],[40,-30],[-47,-46]],[[68285,71679],[0,-19],[-22,-30],[9,10],[1,-15],[17,-19],[40,-20],[-3,-15],[-22,13],[-4,-12],[-10,-21],[0,-20],[-4,-3],[11,-113],[13,10],[82,-15],[2,16],[29,-52],[47,-74],[32,-24],[2,-28],[72,-12],[54,-36],[33,-21],[37,-15],[-11,-30],[28,-11],[27,27],[46,-15],[20,-50],[-21,-28],[19,-113],[-14,-4],[-6,-14],[-25,7],[0,-15],[28,-33],[-23,-47],[-20,-65],[25,-12],[-61,-31],[31,-47],[-16,-20],[28,-28],[-13,-8],[-9,-23],[10,-11]],[[63132,71262],[24,1],[53,-114],[81,-34],[35,-86],[43,-36],[-16,-72],[110,-99],[95,-19],[67,23],[34,-41],[80,30],[21,43],[150,37],[37,39],[36,-4],[24,-61],[51,13],[26,60],[148,68],[33,-65],[68,-19],[9,-55],[49,-4],[79,31],[18,25]],[[64487,70923],[5,-10],[21,-15],[66,-41],[23,-8],[13,-83],[-10,-36],[14,-12],[8,-11],[9,-27],[-4,-30],[-21,-42],[17,-60],[-20,-80]],[[64608,70468],[-50,-58],[1,-38]],[[64559,70372],[-11,-65],[-25,-7],[5,-12],[-21,-41],[-2,-6]],[[64505,70241],[54,-82]],[[64222,69479],[-83,64],[-169,1],[-28,21],[-54,112],[61,90],[-88,111],[48,68],[5,73],[-23,29],[-122,77],[-26,67],[0,48],[-42,110],[-27,31],[-65,22],[-40,-24],[-78,-144],[-47,-44],[9,-56]],[[62701,70930],[3,58],[119,11]],[[62823,70999],[53,77],[22,48],[16,17],[68,39],[38,19],[20,18]],[[63040,71217],[34,27],[48,-8]],[[63122,71236],[10,26]],[[69460,73969],[54,-58],[55,-45],[-44,-22],[-86,-83],[4,-34],[47,-33],[33,-6],[24,21],[29,-4],[41,-71],[28,-12],[-3,-22],[-34,-18],[-24,-59],[-9,8],[-16,14],[-14,6],[-17,-30],[-40,-51],[-45,-23],[-17,-51],[-20,-32],[-23,-24],[-35,-8],[-72,-19],[-23,-48],[-47,-16],[-15,-2],[-75,-50],[-5,-58],[-34,-5],[-21,4],[-14,-19],[-35,-25],[-12,-15],[-30,-22],[-14,-12],[-8,-33],[-50,-34],[-11,-36],[-38,-8],[-74,15],[-13,-28],[-76,-58],[12,-45],[-29,2],[-37,-6],[-49,65],[-65,-38],[19,-36],[-3,-28],[-2,-24],[7,-61],[-52,-24],[53,-42],[9,-26],[-14,-13],[-29,10],[-76,2],[-23,-58],[-32,29],[-15,42],[-76,-30],[-11,1],[-15,-31],[-42,-22],[-3,-40]],[[68208,72490],[-41,2],[-49,-41]],[[68118,72451],[-26,-48],[-29,-117],[-25,-66],[17,-80],[-25,-59],[16,-21],[-6,-34]],[[68040,72026],[-31,4],[-30,54]],[[67979,72084],[-8,44],[27,66],[9,92],[53,78],[21,101],[3,37],[66,73],[-17,8],[23,49],[-18,41],[10,16],[-6,18],[-21,-40],[-83,-4],[-18,18],[-32,4],[-72,6],[-30,-19],[-53,-21],[-3,50],[-62,14],[-75,-11],[-48,39],[-59,-23],[-36,-17]],[[67550,72703],[-50,-5]],[[67413,73759],[24,46],[98,37],[-2,74],[49,1],[61,-31],[83,-74],[48,41],[22,-39],[67,42],[12,106],[55,79],[129,-70],[-5,-38],[71,-13],[43,51],[-10,51],[95,48],[50,4],[33,-74],[50,-42],[7,-71],[22,-37],[116,-78],[89,-17],[3,-86],[53,-32],[77,14],[-10,64],[38,42],[140,101],[57,67],[29,109],[-28,186],[27,8],[2,65]],[[69008,74293],[90,-86],[65,16],[23,7],[30,59],[47,0],[9,32],[50,2],[9,-18],[45,11],[29,17],[44,-52],[-163,-121],[-25,-36],[43,-28],[8,-42],[111,0],[-37,-23],[48,-70],[26,8]],[[62776,69716],[-29,-51],[70,-14],[88,34],[13,-96],[33,-35],[9,-56],[38,-34],[18,-62],[168,-108],[-17,-41],[-64,-40],[54,-64],[-17,-107]],[[61298,68535],[26,153],[39,-11],[28,52],[134,67],[-17,46],[28,76],[0,110],[32,123],[-18,54],[-97,137],[-24,101]],[[61429,69443],[-16,23],[-27,15],[-40,41],[9,15]],[[61355,69537],[8,110]],[[61363,69647],[20,-7],[62,23],[8,38],[-1,40],[61,0]],[[61513,69741],[141,-39],[75,-54]],[[61729,69648],[9,4],[9,-22],[20,-3],[26,40],[23,11],[17,89],[-6,11],[47,28],[36,-24]],[[65474,72490],[59,-12],[1,-42]],[[65433,72156],[2,-22]],[[65435,72134],[-69,21],[-18,-48]],[[65348,72107],[-16,-8],[-14,7],[-32,17],[-43,-23],[-46,-29],[-46,-3],[-24,-34],[45,-81],[50,-61],[2,-15],[27,21],[7,-7],[16,-70],[-2,-13],[-11,-50],[28,-41],[0,-67],[-18,-65],[-18,-3],[-14,11],[-16,-11],[0,-17],[4,-66]],[[65227,71499],[-23,-44],[-4,-70]],[[65200,71385],[-11,-64],[46,-88]],[[65235,71233],[45,-24],[18,-18],[22,-38],[11,-67],[-35,-56],[-38,-11],[-1,-49],[38,-81],[24,-22],[-8,-58]],[[65311,70809],[7,-55],[50,-50]],[[65368,70704],[6,-56]],[[65374,70648],[-28,-104],[9,-22]],[[65355,70522],[11,-31],[25,11],[33,-27],[11,7],[56,13],[18,-37]],[[64544,70193],[-39,48]],[[64559,70372],[-1,38],[50,58]],[[64487,70923],[8,9],[-11,32],[0,31],[12,-3],[65,31],[46,50]],[[64607,71073],[58,-13],[8,39]],[[64673,71099],[-10,40]],[[64663,71139],[41,43],[16,54]],[[64720,71236],[-18,30],[-82,23],[7,36],[42,4],[-32,12],[26,49],[-19,51],[7,18],[20,35],[-14,28]],[[64657,71522],[-12,62],[59,16]],[[64704,71600],[-58,70],[-9,29],[-12,17],[-25,68],[6,13],[-39,-5],[-20,-1],[-53,22],[-61,-42],[-51,-12]],[[64382,71759],[-69,8],[-25,-19]],[[64288,71748],[-74,33],[-57,1],[-29,86],[-8,59],[-50,6],[-21,114],[-22,-5],[-13,-23],[-74,-26],[-23,11],[-31,16],[-48,50],[-11,14],[46,74],[-18,-1],[-37,15],[-19,81],[4,17]],[[63803,72270],[5,42],[64,34]],[[63872,72346],[14,44]],[[63886,72390],[87,-23],[68,14],[33,35],[26,122],[30,23],[57,85],[38,85],[23,3],[76,-51],[34,-47],[39,0],[58,46],[97,18],[39,-43],[83,-23],[253,-25],[175,-70],[40,-7],[52,40],[127,-44],[43,-30],[110,-8]],[[64180,73918],[-88,-163],[-2,-71],[-62,3],[-37,-24],[-49,12],[-74,-44],[-29,-77],[-71,22],[-99,-36],[-51,-38],[-31,-54],[-51,-2]],[[63536,73446],[-31,-10],[-39,-87]],[[63466,73349],[-44,-7],[-18,-49],[45,-55],[9,-23],[-11,-84],[-54,1],[-26,-19],[-140,-8],[-38,19],[-9,-26],[8,-26],[-27,-32],[-69,4],[-14,28],[6,-43],[5,-32],[-21,-21],[-1,-31],[50,-39],[39,6],[7,12],[10,-19],[12,-11],[44,47],[20,1],[41,-65],[0,-10],[54,-2],[46,28],[48,32],[30,-24],[35,-14],[14,-24],[-24,-55],[-24,-28]],[[63469,72780],[-32,-26],[-45,11]],[[63392,72765],[-25,11],[-66,-11],[-44,-57],[-44,-38],[-31,-84],[-11,-19]],[[63171,72567],[-31,-63],[-65,-44],[-4,-8]],[[63071,72452],[-78,-2],[-29,19]],[[60882,73922],[18,36],[-61,35],[-13,54],[47,10],[102,-58],[34,20],[29,59],[-69,28],[-34,-24],[-78,47],[63,108],[43,-4],[15,-77],[107,168],[-67,50],[64,175]],[[61082,74549],[53,27],[68,-5],[23,-75],[-32,-49],[36,-30],[112,98],[79,52],[45,7],[99,72],[4,73],[67,34],[83,-13],[99,45],[143,-37],[14,-27],[152,-72],[72,-6],[9,-46],[49,-26],[57,27],[71,-9],[17,-79],[70,-20],[48,15],[75,89],[79,5],[60,-15],[52,25],[126,-14],[-11,-38],[183,-43],[4,-36],[122,-46],[88,-18],[150,-98],[79,6],[70,-19],[78,-141],[213,-75],[20,-54],[223,-68],[49,-47]],[[64207,69461],[-16,-16],[-103,-7]],[[64032,69301],[11,-54],[37,-12]],[[64074,68980],[19,-11]],[[60697,72625],[-22,-104],[-37,-69],[-26,10],[-32,-76],[-53,-1],[-51,-68],[-83,-12],[-18,-64],[41,-67],[-29,-59],[41,-62],[-14,-58]],[[60414,71995],[-50,-4],[-45,8],[-37,-5],[-58,-19],[-15,11],[-45,-10],[-24,-49],[-50,14],[-15,40],[-75,-52]],[[60000,71929],[-70,2],[-11,43],[-66,42]],[[59853,72016],[-53,-20],[-35,0],[-37,24],[-19,19],[-80,28],[-3,-13],[-49,-19],[-77,-15],[-19,33],[-35,-1],[-71,40],[-62,-27],[-51,10],[-55,25],[9,5],[17,66],[2,32],[-6,59],[-48,60],[-26,14],[-74,-6],[-46,-20],[-25,-7],[-43,-10],[-18,1],[-17,13]],[[58932,72307],[-62,-10],[-18,25],[-62,-2]],[[58790,72320],[-19,-6],[-8,-3]],[[58763,72311],[-30,-2],[2,-76]],[[58735,72233],[-22,9]],[[58713,72242],[-97,17],[-26,-24]],[[58590,72235],[11,-20],[-25,-16],[-17,-16],[-65,-14]],[[58494,72169],[-67,49]],[[58427,72218],[-20,28]],[[58407,72246],[-110,-11],[-38,48]],[[58259,72283],[-41,53],[-40,-32],[-27,-20],[-2,-5],[-1,-2],[-2,-4],[-7,-7],[-4,-2],[-7,-2],[-27,7],[-4,3],[-7,11],[-10,35],[-69,32],[-3,41],[-15,52],[46,44],[7,73],[-12,74],[-19,12],[27,37]],[[58042,72683],[-15,46],[-56,54]],[[57971,72783],[-24,18],[-24,62],[16,43],[-5,57],[-21,52],[-47,80]],[[57907,73129],[-4,41],[-82,-5],[-8,29]],[[57813,73194],[-23,53],[19,18],[8,52]],[[57817,73317],[71,178],[19,-9]],[[57907,73486],[43,21],[121,1]],[[58071,73508],[88,-7],[36,32],[58,-6],[24,-28],[25,-19],[42,53],[35,33],[60,6],[35,-49],[49,-18],[35,-13],[59,-27],[43,10],[17,-3],[8,-15],[17,22],[74,7],[39,52],[20,23],[36,-23],[11,-44],[9,-31],[-1,42],[29,-51],[8,31],[-15,-93],[30,27],[-23,-53],[7,-8],[31,43],[77,22],[-13,18],[22,-2],[50,-29],[23,-5],[11,1],[-9,21],[-9,20],[24,87],[11,-10],[23,19],[-48,34],[-61,10],[-7,18],[-23,12],[-21,-13],[-19,13],[14,60],[38,-6],[27,-4],[41,-67],[51,6],[39,-7]],[[59198,73599],[5,-11]],[[59203,73588],[54,-9],[100,22],[11,-71],[23,-6],[12,47],[16,9],[28,-24],[26,35]],[[59473,73591],[35,-19],[18,-63]],[[59526,73509],[9,-50]],[[59535,73459],[32,-14],[10,21],[2,31],[34,-14],[50,-51],[-56,-12],[14,-19],[-27,-9],[-4,-55],[33,37],[8,-27],[8,-23],[7,-20],[40,62],[20,18],[-21,-74],[57,39],[-6,-37],[71,102],[22,57],[27,48],[-7,23],[35,8],[11,47],[8,22],[30,5],[51,96],[43,-22],[36,11],[9,-28],[12,4],[59,30],[52,34],[49,-20],[-18,-43],[-16,-31],[46,-16],[35,-19],[25,-10],[40,-23],[62,-72],[20,-28],[60,3],[22,-8],[49,10],[46,-10],[37,-38],[8,-6]],[[61359,69630],[-4,-93]],[[61429,69443],[-67,-46],[-74,-9],[-38,35],[-47,12],[-22,1],[-52,-36],[-17,-38],[-50,-11],[-24,24]],[[61038,69375],[-44,14],[-44,-45]],[[60950,69344],[-1,64],[17,62],[-73,-24],[2,70],[-33,7],[-56,-12],[-31,7],[-44,46],[-77,-24],[-6,-139],[85,-52],[17,-68],[-30,-22],[-15,-19],[-40,1],[-33,-41],[22,-30],[-32,-45]],[[60622,69125],[-18,-89],[-64,-37]],[[60540,68999],[-47,-6],[-81,30]],[[60412,69023],[-89,-11],[9,-77]],[[60332,68935],[10,20],[33,7],[67,-63]],[[60442,68899],[34,-53]],[[60476,68846],[37,-70],[-35,-13]],[[60478,68763],[-49,-16],[-39,-30],[-59,-50],[-30,-27],[-101,-2],[-25,18],[-15,-3],[-13,-32]],[[60147,68621],[-1,-38],[41,-40]],[[60187,68543],[16,-1],[-4,-36],[-15,-4],[-39,-14],[-43,18],[-12,72],[-37,-27],[-122,-8],[-107,-63],[-107,-41],[-84,-11]],[[59633,68428],[-38,-29],[-37,42]],[[58922,68654],[24,82]],[[58878,68923],[-73,-12],[16,86]],[[58837,69375],[-40,16],[36,66]],[[58863,69669],[-14,20]],[[58849,69689],[43,112],[-4,161],[-34,25],[20,52],[66,24],[17,27],[56,-5],[24,-38],[75,31],[3,-41],[171,-23],[27,30],[100,12],[60,-15],[60,104],[21,-15],[65,37],[9,93],[48,-3],[65,-52],[116,-20],[74,14],[16,-61],[126,-2],[57,-27],[96,14],[16,-107],[26,-43],[131,-14],[77,-154],[-65,-23],[-5,-35],[104,-30],[-1,74],[109,69],[82,3],[21,33],[44,-109],[71,-67],[78,3],[103,-36],[14,-64],[91,-2],[92,22],[7,-53],[53,-11],[49,65],[36,-14]],[[60442,68899],[157,52],[133,-75],[122,34],[60,-33],[-22,-46],[12,-51],[-23,-147],[-67,-38],[23,-90],[61,-6],[38,36],[41,-84],[41,-26],[34,53],[73,-7]],[[61887,67698],[-154,-52],[-22,-54],[-78,-14],[-25,-53],[-69,-5],[-78,31],[-80,78]],[[61381,67629],[-10,33],[-83,114],[-83,27],[-92,8],[-58,-57],[-115,17],[-41,51],[-100,38],[-54,-134],[-39,-23],[-22,-88],[16,-37],[-11,-71],[-28,-57],[-59,-74],[-105,-25],[36,-47],[3,-90],[40,-117],[-26,-141],[-71,-14],[-124,25],[-35,48],[-75,20],[-40,-24],[-13,-49],[24,-69],[-41,-17],[-69,12],[13,-51],[-21,-68],[-55,-29],[-49,20],[-34,78],[-77,-10],[-54,-33],[-50,1]],[[59779,66796],[-31,-12],[-77,33],[-96,-37]],[[59595,68399],[38,29]],[[60187,68543],[-41,40],[1,38]],[[60478,68763],[35,13],[-37,70]],[[57396,76055],[-52,-78],[12,-44],[-49,-64],[-69,-9],[-21,-17],[-44,-33],[-4,-79],[-59,-6],[12,-89],[20,-44],[99,-83],[6,-46],[52,-10],[-3,-70],[37,-50],[-31,-55],[-29,1],[-25,-56],[12,-144],[-68,-40],[-3,-60],[-27,-3],[-47,-56],[-34,-2],[-55,-76],[-58,8],[-39,42],[-90,-43],[-32,-32],[-4,-16],[-80,-18],[-63,-29],[-97,-114],[15,-93],[-55,-9],[-66,15]],[[56457,74553],[-20,30],[-62,40]],[[56339,74639],[-115,-100],[-22,-49]],[[56202,74490],[-31,10],[59,88]],[[56194,74678],[-18,125],[-181,38],[-45,0],[-47,26],[-17,105],[-45,80],[-26,59],[-67,-8],[-67,-39],[-17,-25]],[[55664,75039],[-42,-13],[-29,33]],[[55593,75059],[-32,66]],[[55561,75125],[37,37],[45,97]],[[55643,75259],[14,60],[-14,46],[-19,3]],[[55624,75368],[28,34],[4,53]],[[55656,75455],[-23,52],[-58,41],[-24,2],[-44,3],[-68,-42],[-30,-9],[-15,-15],[-4,-28],[-22,-43]],[[55368,75416],[-64,18],[-65,61]],[[55239,75495],[-5,111],[-72,35],[-31,24],[2,-26],[-30,-60],[-16,17]],[[55087,75596],[-40,-14],[-60,45]],[[54987,75627],[-35,35],[-13,18],[-10,16]],[[54929,75696],[24,21],[-5,64],[-39,5]],[[54909,75786],[-23,24],[-17,12],[23,25],[12,-2],[20,33],[11,12],[-2,74],[-24,13],[45,26]],[[54954,76003],[-66,79],[18,28],[16,60]],[[54922,76170],[-16,42]],[[54906,76212],[-39,-7],[-42,34],[-60,28],[-13,38]],[[54752,76305],[50,3],[39,44],[7,36],[6,8],[-53,32],[-44,-14],[-40,-24],[-11,-5],[-104,-24],[-25,13],[-1,48],[4,65],[32,25],[6,10],[-6,44],[55,75]],[[54667,76641],[64,79],[-22,70],[-8,11]],[[54701,76801],[-41,29],[-15,21],[10,17],[-6,25],[-19,21]],[[54630,76914],[-27,18],[-141,37]],[[54462,76969],[-19,15],[-20,94]],[[54423,77078],[27,15]],[[54450,77093],[75,87],[-7,46],[-54,52],[-70,-15],[-54,-38],[-75,-15],[-11,17],[-17,17],[-41,0],[-6,6],[1,17],[70,31],[31,57]],[[54292,77355],[22,-17],[87,45],[54,67],[6,50],[-111,9],[8,52],[-25,86],[44,22],[113,25],[61,31],[52,-31],[158,11],[118,-22],[91,17],[34,49],[25,88],[91,39],[16,78],[30,42],[74,-37],[73,19],[-19,-78],[12,-38],[78,-39],[119,-23],[9,-101],[80,51],[78,-15],[16,-50],[48,-38],[20,-50],[-10,-54],[55,-60],[32,20],[59,-31],[145,-32],[46,11],[66,-31],[113,14],[58,-7],[99,-56],[56,12],[165,-32],[109,-9],[152,-43],[47,1],[72,-113],[161,-315],[-31,-82],[-17,-114],[27,-101],[-28,-77],[1,-74],[-33,-58],[-69,-46],[-12,-105],[136,-60],[67,-17],[75,-50],[101,-33]],[[58881,70876],[14,-3],[88,-39],[108,-66],[41,-58]],[[59132,70710],[45,-53],[106,-178],[43,-23],[84,-4],[134,-21],[40,-2]],[[59584,70429],[22,3],[73,-23],[32,-16],[26,69],[99,-53]],[[59836,70409],[31,-10],[74,-13],[12,-23],[21,-14],[16,36],[19,35],[78,7]],[[60087,70427],[4,-63],[211,15],[-29,-52],[163,-58],[36,9],[-28,136],[51,3],[12,-37],[64,15],[15,-67],[102,99],[26,75],[56,4]],[[60770,70506],[71,65]],[[61053,70553],[56,-37],[18,-41],[84,-34]],[[61573,70045],[157,-116],[32,-57]],[[61729,69648],[-75,54],[-141,39]],[[61363,69647],[-4,-17]],[[58849,69689],[-23,-2]],[[58263,69730],[-65,3],[-25,-43]],[[57972,69614],[-76,3],[-11,-22]],[[57219,69655],[-21,60],[33,18]],[[57231,69733],[38,54],[24,72]],[[57425,70548],[98,99],[69,43]],[[57630,71067],[19,10],[51,1],[31,75]],[[57731,71153],[41,65],[43,-15],[54,16],[33,-27],[54,-13],[19,-1],[61,-6],[22,-6],[87,73],[22,16],[77,23],[82,0],[100,-54],[35,-13],[63,-10],[58,-121],[36,-99],[8,-19],[35,-44],[49,-36],[72,-2],[99,-4]],[[59147,75121],[-49,-76],[29,-149],[-73,-60],[95,-91],[0,-46]],[[59149,74699],[-1,-16],[31,-25],[-48,-155],[-47,-51]],[[59084,74452],[-33,-54],[-55,-45],[-6,-7],[6,-62],[-10,-44]],[[58986,74240],[17,-40],[-7,-20],[-23,-10]],[[58973,74170],[-110,-10],[-7,-19]],[[58856,74141],[-10,-19],[38,-58],[31,-20],[51,-74],[-24,-6],[62,-79],[13,-33],[16,24],[43,-18],[50,-19],[-4,-5],[20,-69],[40,-23],[26,6],[12,-32],[12,-7],[-32,-36],[2,-55]],[[59202,73618],[-4,-19]],[[58071,73508],[-121,-1],[-43,-21]],[[57817,73317],[-8,-52],[-36,-19],[-29,37],[-45,35]],[[57627,73348],[-68,20],[9,34]],[[57539,73490],[-21,38],[-68,43],[-35,1],[-132,155],[-16,65]],[[57024,74035],[-64,-6],[-86,-63]],[[56874,73966],[-65,-34],[-17,6],[12,41]],[[56792,74018],[-42,34],[14,60]],[[56720,74141],[-45,-41],[-41,14],[2,80]],[[56636,74194],[-108,99],[15,84]],[[56536,74412],[-59,20],[-38,89],[18,32]],[[57396,76055],[71,48],[56,-33],[16,-49],[84,93],[42,-4],[86,-43],[15,-76],[179,-75],[65,3],[114,-31],[55,-76],[-26,-87],[100,-19],[-23,-35],[38,-29],[138,-14],[56,-22],[-69,-40],[-37,2],[-2,-60],[53,-31],[157,33],[2,34],[74,13],[79,-17],[191,8],[16,-105],[-26,-77],[-32,-24],[17,-58],[45,-54],[9,-59],[57,-43],[62,20],[89,-27]],[[67979,72084],[30,-54]],[[68009,72030],[-42,-17],[6,-38],[-12,-23],[23,7],[22,-35],[1,-80],[4,-7]],[[65355,70522],[-9,22],[28,104]],[[65368,70704],[-50,50],[-7,55]],[[65235,71233],[-46,88],[11,64]],[[65200,71385],[4,70],[23,44]],[[65348,72107],[18,48],[69,-21]],[[65435,72134],[7,6]],[[66128,72199],[-3,-52],[53,-9],[46,67]],[[66716,72215],[56,16],[59,-46]],[[66831,72185],[64,49],[51,-62]],[[66997,72206],[98,22],[2,57],[115,52]],[[67237,72365],[82,15],[5,75]],[[67493,72687],[57,16]],[[54756,67166],[-69,-155],[-51,-76],[-101,-107],[-210,-56]],[[54325,66772],[-36,17],[-203,-29],[-174,-72],[-111,-21],[-119,40],[-130,2],[-155,-11],[-100,14],[-100,34],[-153,4]],[[53044,66750],[-17,56],[83,27]],[[63171,72567],[30,10],[70,-2],[7,-13],[10,-58],[91,-15],[12,20]],[[63391,72509],[53,-12],[-21,-45]],[[63423,72452],[-39,-67],[58,-52],[24,-43]],[[63466,72290],[49,43]],[[63515,72333],[47,16],[24,59]],[[63586,72408],[13,7],[53,-18],[125,-31],[53,28]],[[63830,72394],[42,-48]],[[63872,72346],[-64,-34],[-5,-42]],[[64288,71748],[25,19],[69,-8]],[[64704,71600],[-59,-16],[12,-62]],[[64720,71236],[-16,-54],[-41,-43]],[[64673,71099],[-8,-39],[-58,13]],[[63132,71262],[-40,25],[26,114],[-15,13],[11,13],[-29,12],[14,30],[20,2],[-7,15],[2,13],[9,19],[-48,28],[10,23],[-33,11],[-50,5],[12,16],[4,34],[-20,13],[-23,16],[-5,15],[-4,14],[7,29],[-11,0],[-52,18],[-21,22],[-23,-4],[-25,-3],[-10,-15]],[[62831,71740],[-44,11],[-23,32],[26,13],[13,8]],[[62803,71804],[-5,37],[40,35]],[[62993,72450],[78,2]],[[62764,71783],[23,-32],[44,-11]],[[63122,71236],[-48,8],[-34,-27]],[[62823,70999],[-119,-11],[-3,-58]],[[62326,71114],[-9,88],[-25,24]],[[61737,71200],[53,-44],[10,-39]],[[61800,71117],[-72,-60],[3,-26]],[[61764,70904],[13,-111],[-41,-47]],[[61089,70848],[60,-36],[11,-55]],[[60778,70551],[-8,-45]],[[60087,70427],[-20,144],[40,22],[31,-45],[11,79],[-7,10],[-2,36],[-45,14],[-24,38],[1,63]],[[60072,70788],[19,61],[39,-1]],[[60130,70848],[23,77],[17,69],[33,103],[21,-3],[21,17],[54,44],[43,29],[9,70],[-10,11],[39,90],[-11,15],[19,8],[8,50],[-53,1],[-9,45],[4,23],[-20,26],[29,70],[-19,41],[23,23],[-26,32],[-19,4],[25,24],[-2,64],[44,36],[17,39],[0,12],[4,57]],[[60394,71925],[32,17],[-12,53]],[[57971,72783],[56,-54],[15,-46]],[[58259,72283],[38,-48],[110,11]],[[58427,72218],[32,-38]],[[58459,72180],[47,-176],[44,-33],[72,-92],[11,-117],[20,-27],[145,-77],[51,-170],[-20,-128],[49,-120],[35,-175],[-8,-98],[15,-46],[-25,-48]],[[58895,70873],[-14,3]],[[57731,71153],[-19,-10]],[[56846,71302],[60,-32],[61,-9],[-28,72]],[[56939,71333],[-26,20]],[[56913,71353],[-50,30],[8,44]],[[56871,71427],[25,18],[31,44],[4,19],[-76,59],[-93,76]],[[56762,71643],[-51,28],[-34,15],[-48,-34]],[[56629,71652],[-21,7]],[[56608,71659],[-2,80],[-22,21]],[[56584,71760],[69,-3],[-29,47],[-87,-2],[-73,64],[-23,-4]],[[56441,71862],[-42,-17],[-55,24]],[[56344,71869],[30,112],[-19,15],[0,98],[-76,47],[17,68],[34,53],[-83,7],[-7,68],[-63,1],[17,73],[196,-19],[80,24],[28,-25],[65,34],[102,-21],[73,9],[61,66],[17,79],[62,-29],[9,72],[66,-21],[109,-11],[144,29],[39,144],[50,40],[88,37],[17,102],[58,29],[-7,83],[-54,48]],[[60332,68935],[-9,77],[89,11]],[[60540,68999],[64,37],[18,89]],[[60950,69344],[44,45],[44,-14]],[[58856,74141],[7,19],[110,10]],[[58973,74170],[23,10],[7,20],[-12,18],[-5,22]],[[59084,74452],[47,51],[48,155],[-31,25],[1,16],[158,6]],[[59307,74705],[83,6],[73,-40]],[[59463,74671],[46,-40],[-10,-209],[64,8],[7,-86],[-46,-41]],[[59524,74303],[76,-21],[18,-50],[75,-11],[30,6]],[[59723,74227],[60,81],[87,-183],[-36,-51],[-115,-79]],[[59719,73995],[0,-68],[66,-61],[33,-29],[-3,-12],[-89,-126]],[[59726,73699],[-42,-14],[-98,8],[-20,-13]],[[59566,73680],[-5,-27],[20,-46]],[[59581,73607],[-19,-65],[-36,-33]],[[59526,73509],[-18,63],[-35,19]],[[59203,73588],[-1,30]],[[59535,73459],[-9,50],[36,33],[19,65]],[[59566,73680],[20,13],[98,-8],[42,14]],[[59719,73995],[115,79],[36,51],[-87,183],[-60,-81]],[[59524,74303],[46,41],[-7,86],[-64,-8],[10,209],[-46,40]],[[59463,74671],[-73,40],[-83,-6]],[[59307,74705],[-158,-6]],[[59147,75121],[209,-27],[56,-28],[72,71],[69,1],[32,51],[64,32],[17,32],[87,-5],[70,-31],[150,62],[6,52],[77,8],[79,89],[37,-14],[43,25],[22,60],[45,-36],[76,37],[59,62],[36,-6],[27,-71],[132,-37],[141,-87],[46,-91],[2,-67],[-21,-105],[4,-57],[-23,-133],[1,-95],[44,-39],[-14,-35],[50,-55],[79,-38],[105,-19],[56,-78]],[[56344,71869],[-95,9],[-6,36],[-43,84],[-3,26],[-76,25],[-130,82]],[[55991,72131],[-121,-45],[-61,-3]],[[55809,72083],[-72,53]],[[55737,72136],[-107,59],[-14,22]],[[55616,72217],[-19,12],[-73,38]],[[55524,72267],[-42,17],[-25,-35]],[[55457,72249],[-63,24],[-36,19],[4,85],[-29,26],[-107,87],[-72,99],[-56,55],[-76,10]],[[55022,72654],[-72,18]],[[54950,72672],[-11,9],[-5,41],[-5,54],[-30,22]],[[54899,72798],[-54,29],[19,34]],[[54864,72861],[17,20],[-19,22],[-11,-5],[-58,53]],[[54793,72951],[-3,45],[24,35],[20,-8]],[[54834,73023],[30,13],[-1,14],[-15,18],[5,54],[-12,-8],[-30,14],[-9,33],[17,17],[3,8],[24,-8],[20,3],[33,-28],[46,-7],[40,-13],[52,-7],[29,9],[-8,17],[44,32],[32,11],[39,24],[-1,26],[39,9],[61,-4],[55,-51],[-5,31],[-2,20],[29,13],[27,24],[-11,23],[10,48],[-8,24],[45,90],[-50,79],[14,135]],[[63886,72390],[-56,4]],[[63586,72408],[-24,-59],[-47,-16]],[[63466,72290],[-24,43],[-58,52],[39,67]],[[63423,72452],[21,45],[-53,12]],[[63392,72765],[45,-11],[32,26]],[[63466,73349],[39,87],[31,10]],[[64180,73918],[54,-39],[73,10],[23,68],[54,49],[110,-45],[113,-32],[96,70],[41,-13],[77,50],[-7,76],[127,7],[10,102],[99,27],[48,-14],[139,45],[63,93]],[[58459,72180],[35,-11]],[[58590,72235],[26,24],[97,-17]],[[58735,72233],[-2,76],[30,2]],[[58790,72320],[62,2],[18,-25],[62,10]],[[59853,72016],[66,-42],[11,-43],[70,-2]],[[60414,71995],[12,-53],[-32,-17]],[[60130,70848],[-39,1],[-19,-61]],[[59836,70409],[-23,4],[-76,49],[-26,-69],[-127,36]],[[59132,70710],[-41,58],[-108,66],[-88,39]],[[29907,89880],[-32,-3]],[[29875,89877],[-16,-18]],[[29859,89859],[-40,-41]],[[29819,89818],[-171,80],[-23,-5]],[[29625,89893],[-19,30],[-29,25],[8,14],[-41,21],[1,7],[-19,77],[-59,82],[-8,10]],[[29459,90159],[60,38],[36,-4]],[[29555,90193],[38,27],[21,25],[10,26],[6,5],[20,13],[18,8],[58,-6],[30,-42],[-12,-3],[28,-35],[53,45],[21,-15],[4,-16],[-36,-42],[122,-10]],[[29936,90173],[-19,-89],[47,-97],[-64,-89],[7,-18]],[[47193,50368],[102,-17],[6,-73],[18,-151],[66,-65],[6,-113],[4,-11]],[[47395,49938],[-5,-59]],[[47390,49879],[-2,-4],[-28,-94],[-21,-48]],[[47339,49733],[-4,-51],[-35,-103]],[[47300,49579],[-4,-36],[34,-26],[-11,-89],[44,-58],[137,-79],[144,-51]],[[47644,49240],[72,-38],[-10,-71]],[[47706,49131],[44,-87]],[[47750,49044],[35,-64],[66,10]],[[47851,48990],[13,1]],[[47864,48991],[90,-24],[80,-3]],[[48034,48964],[27,-31],[-15,-83]],[[48046,48850],[6,-29],[-46,-59]],[[48006,48762],[1,-32],[-2,-57],[-7,-21],[-11,-59]],[[47987,48593],[29,-87],[-2,-96],[16,-46]],[[48030,48364],[-9,-60],[-13,-18],[-25,-49],[-12,-27],[13,-51],[17,-72]],[[48001,48087],[12,-72],[-17,-49]],[[47996,47966],[-38,-43],[-27,-47],[130,7],[38,46],[74,-23]],[[48173,47906],[-4,-59],[28,-17],[9,-59],[-17,-48],[78,-139]],[[48267,47584],[177,21],[44,-45],[-19,-45]],[[48469,47515],[-13,-108],[-26,-41],[-54,16]],[[48376,47382],[-33,-17],[4,-66],[92,-41]],[[48439,47258],[29,-18],[10,-1],[-23,-59],[-12,-52],[-6,-45]],[[48437,47083],[-35,-34],[-25,-87]],[[48377,46962],[2,-131],[33,-57]],[[48412,46774],[-19,-44],[61,-46],[-1,-74],[20,-22],[-37,-94],[79,-66],[61,-141],[-50,-69],[98,-147],[60,-416],[-19,-19],[-71,26],[-149,-78],[-1,-52],[-43,-96],[24,-82],[-31,-114],[18,-33],[-54,-67],[-52,-12],[-5,-47],[-53,12],[-78,-17],[-22,-88]],[[48148,44988],[-22,-78],[-72,2]],[[48054,44912],[-29,19],[-35,-2]],[[47990,44929],[-82,-13],[-83,-60],[-83,-26]],[[47742,44830],[-44,-39],[19,-47],[-46,-45],[-5,-35],[9,-52],[-4,-14],[-110,26],[-37,40],[-35,20],[-33,-6]],[[47456,44678],[-63,-40],[-115,-37],[-93,-66],[-92,-46],[-98,4],[-38,-22],[-153,34],[-164,-9],[-26,25],[32,140],[186,53],[46,25],[41,-29],[65,-18],[30,38],[-91,47],[41,45],[-25,43],[21,44],[-1,76],[79,19],[9,104],[-25,38],[-40,113],[-97,46],[-57,47],[-24,-52],[-76,-1],[-73,-88],[-146,79],[-26,34],[25,43],[-50,44],[-73,-30],[-33,83],[-65,34],[-24,49],[22,89],[-93,41],[-48,-43],[-16,63],[-107,57],[-32,53],[48,40],[-39,69],[-6,71],[49,23],[103,1],[31,20],[22,83],[-90,24],[-19,39],[26,61],[-43,49],[0,74],[-40,58],[47,16],[-1,48],[-89,29],[-28,-21],[-159,135],[-151,-8],[-103,-118],[-81,43],[-52,52],[-16,43],[40,75],[-151,141],[-61,29],[-11,-54],[-72,-43],[-25,24],[-78,25],[-53,134],[-67,52],[-3,53],[-59,16],[-5,-80],[13,-62],[-59,-9],[-59,64],[-66,9],[-74,-26],[11,-140],[-64,-20],[-24,27],[-167,-7],[-105,-25],[18,98],[-42,107],[14,93],[-43,46],[-93,17],[-34,-18],[-69,16],[-20,59],[-139,20],[-29,-21],[-34,61]],[[43788,47299],[57,68],[-105,62],[-14,54],[-72,111],[164,59],[112,4],[85,84],[-8,126],[-37,74],[-93,19],[-39,36],[-26,84],[-48,35],[-119,-19],[-65,30],[-8,62],[-150,89],[-131,8],[-73,-7],[-20,61],[32,180],[-3,67]],[[43227,48586],[130,38],[48,4],[-38,117],[-3,81],[14,62],[45,54],[133,57],[65,-72],[35,76],[92,35],[-21,55],[-129,31],[-99,-71],[-52,-17],[-10,-50],[-35,-17],[-2,131],[21,31],[112,105],[129,58],[53,62],[76,22],[99,138],[93,-40],[119,-19],[47,76],[223,11],[142,-28],[13,-140],[-52,-126],[-77,-140],[0,-168],[90,-112],[181,-126],[220,-70],[155,-14],[25,154],[26,42],[168,28],[116,-70],[277,0],[27,27],[-30,190],[77,113],[-58,73],[86,62],[-5,55],[-131,110],[-48,-9],[-9,61],[-56,34],[-11,118],[-80,33],[-9,95],[-29,61],[72,24],[91,47],[59,-12],[9,46],[102,4],[11,51],[46,68],[-14,136],[62,126],[5,30],[110,-38],[80,48],[171,38],[115,81],[106,15],[96,-132],[97,-62],[143,-48],[146,48],[14,51],[75,27],[58,-23],[130,14],[29,32]],[[51370,58143],[-114,-10],[13,52],[46,30],[55,-72]],[[48574,60800],[-8,-47],[-59,-85],[-77,-74],[-42,-19],[-20,-61],[-57,-55],[5,-34],[59,-18],[-5,-72],[20,-31],[-1,-68],[-27,-201],[43,-43],[15,-120],[17,-9],[8,-106],[40,17],[59,-39],[51,4],[78,-18],[-16,-90],[9,-48],[-22,-101],[-91,12],[-23,-48],[-84,-99],[-76,-54],[36,-44],[-20,-113],[-53,-74],[1,-109],[86,-45],[41,-122],[-40,-27],[-18,-60],[-33,-35],[-4,-95],[-41,-74],[131,-15],[24,-28],[71,-10],[31,81],[54,-29],[26,15],[95,4],[20,-50],[-32,-76],[75,-53],[36,-5],[40,37],[58,92],[108,16],[58,-35],[24,-52],[70,10],[69,-80],[-79,-77],[97,-56],[51,-82],[78,-46]],[[49430,58056],[-7,-66],[51,-31],[-91,-55],[-61,-87],[-12,-46],[-105,-33],[-83,27],[-47,-8],[-35,-34],[-45,-83],[12,-96],[-25,-116],[8,-133],[-34,-28],[7,-132],[18,-28],[-66,-108],[-16,-106],[33,-90],[61,-67],[66,-39],[52,-158],[14,-78],[36,-114],[37,13],[66,-15],[36,-48],[56,-24]],[[49356,56273],[-24,-33],[-77,-54],[-74,-19],[-201,5],[-93,50],[-50,95],[-254,22],[-57,24],[-29,38],[-25,132],[13,105],[-16,26],[-76,12],[-129,-47],[-82,85],[-118,54],[-52,41],[-51,9],[-35,-82],[-59,-28],[-114,-5],[-71,-27],[-25,-87],[-27,-29]],[[47630,56560],[-42,53],[-105,55],[-6,115],[12,46],[-54,15],[-31,-32],[-45,53],[-55,-18],[-17,-48],[-79,29],[25,113],[-73,42],[0,54],[-74,37],[-49,-19],[-40,21],[-104,-33],[-71,52],[-88,7],[-68,27],[0,62],[-41,28],[-95,-19],[-23,61],[-47,68],[-50,5],[10,-108],[-28,-27],[-78,40],[-34,42],[-91,-9],[-26,-47],[-52,82]],[[46111,57307],[-12,61],[17,93],[28,3],[36,104],[-45,108],[14,106],[44,63],[0,70],[43,70],[-19,89],[31,69],[29,16],[-3,113],[-63,25],[12,50],[-49,90],[83,38],[60,77],[-55,17],[-87,112],[-19,57],[-86,64],[17,125],[-38,56],[3,129]],[[46052,59112],[35,56]],[[46087,59168],[11,42],[77,65]],[[46175,59275],[12,12],[59,-26],[39,-7],[34,3],[21,71],[69,-24],[58,-33],[55,12],[22,18],[-9,36],[14,41],[50,-8],[37,26],[-14,54],[-10,32],[7,84],[39,27]],[[46658,59593],[82,103],[70,-11],[53,36]],[[46863,59721],[19,54],[12,23]],[[46894,59798],[48,-26],[13,-79],[29,-8],[48,66],[11,47],[-67,189],[55,33],[5,43],[70,75],[-34,71],[5,55],[-52,128],[29,63],[1,84],[57,14]],[[47112,60553],[140,19],[120,44],[-3,79],[50,-6],[41,44],[52,30],[15,28],[61,40],[59,22],[7,69],[-4,36],[-9,60],[-6,9],[-16,53],[-45,72],[23,96],[42,59],[50,-5],[58,11],[45,25],[29,-6],[40,-23],[49,3],[41,9],[61,66],[54,63],[27,-4],[58,-21],[104,-21]],[[48255,61404],[110,-136],[28,-64],[51,-36],[29,-95],[-25,-97],[8,-81],[118,-95]],[[47456,44678],[14,-34],[-5,-36],[2,-40],[85,-30],[58,-62],[30,-18],[56,-19],[-30,-44],[4,-59],[-37,-6],[-38,0],[-18,-1],[-24,15],[-16,11],[-31,-57],[-4,-48],[-6,-30],[-49,3],[-25,-29],[-16,-14],[-27,-1],[-35,-38],[-12,-68],[-180,-186],[-123,-106],[-6,-43],[-49,-181],[-31,-28],[-131,-3],[-143,-16],[-31,-31],[1,-2],[38,-55],[-6,-18],[-108,-23],[-40,-15],[-66,5],[-17,-18],[-20,-20],[-42,-41],[-90,-72],[-70,-11],[-17,-119],[-49,-131],[-14,-33],[62,-99],[-24,-66]],[[46176,42761],[-14,-40],[-11,-138],[-41,-74]],[[46110,42509],[-6,-38],[-47,-48],[-26,-80],[12,-32],[1,-99],[-16,-39],[15,-50],[-6,-11],[-72,-77],[-34,-79],[3,-31],[1,-26],[-9,-64],[-3,-30],[-19,-35],[-5,-2],[-19,-3],[-65,40],[-44,12],[-11,-3],[-21,-96],[29,-58],[-2,-11],[-45,-67],[-5,-20],[7,-53]],[[41851,44932],[-44,69],[-48,47],[5,41],[43,24],[59,-14],[96,117],[67,9],[95,57],[8,48],[-44,121],[-154,194],[-72,65],[-22,58],[17,89],[-5,87],[71,100],[25,56],[-23,65],[94,69],[22,39],[-8,50],[40,48],[-37,88],[14,64],[37,23],[34,57],[124,67],[17,56],[-31,82],[7,57],[32,40],[107,27],[91,73],[87,222],[36,33],[114,39],[61,98],[96,88],[47,3],[39,-80],[5,-91],[64,-154],[48,-27],[161,82],[52,-9],[21,-43],[-6,-97],[58,-17],[169,17],[59,80],[75,60],[134,90]],[[46491,53592],[40,-34],[28,-20],[79,-40],[20,-7],[69,-4],[25,12],[76,60],[31,-30]],[[46859,53529],[109,4],[33,-49]],[[47001,53484],[18,-47],[32,-14]],[[47051,53423],[40,-56],[39,-7]],[[47130,53360],[58,-17],[5,-40],[5,-13],[109,-22],[53,66]],[[47360,53334],[45,18],[1,-123]],[[47406,53229],[38,-89],[14,-79],[-3,-51]],[[47455,53010],[40,-83],[14,-61]],[[47509,52866],[56,-54],[2,-45],[-47,-61],[21,-33],[33,-59],[2,-66],[24,-29],[161,-56],[16,-29]],[[47777,52434],[-2,-63],[98,-100]],[[47873,52271],[5,-21],[-36,-75],[-27,-56],[3,-27],[12,-9],[40,-128]],[[47870,51955],[20,-53],[3,-74]],[[47893,51828],[6,-44]],[[47899,51784],[9,-74],[51,-53]],[[47959,51657],[13,-26],[30,-29],[4,-37],[18,-56],[-8,-35],[33,-62],[4,-40],[36,-27],[28,-97],[5,-98],[-16,-38],[28,-81],[-7,-40],[33,-58],[43,-114],[24,-8],[95,-3],[50,-70],[61,-33],[-3,-16],[-39,-68],[-8,-32],[-18,-22],[-25,-13],[-45,-127],[-5,-111],[9,-33],[-51,-32],[-11,-10],[-14,-10],[-12,-65],[-27,-43],[-81,-7],[-45,13]],[[48058,50129],[-83,-37],[-25,8]],[[47950,50100],[-39,-130],[0,-34]],[[47911,49936],[-23,-20]],[[47888,49916],[-60,11],[-66,104],[-102,98],[-35,-9],[-64,-95],[-90,-115],[-55,11]],[[47416,49921],[-21,17]],[[47193,50368],[-9,33]],[[47184,50401],[2,45],[-44,89]],[[47142,50535],[-48,-11],[-37,83],[25,54],[17,52],[37,-14],[11,5],[-35,96]],[[47112,50800],[-49,-14],[-48,17]],[[47015,50803],[-1,86],[66,50],[42,4]],[[47122,50943],[5,28],[-44,100]],[[47083,51071],[-10,2],[-43,-11],[-15,23],[10,58],[5,46],[-51,34],[-54,91],[-10,69],[22,99],[-22,22],[2,42],[-116,-1],[-28,2],[-68,29],[-55,29],[-33,-8],[-27,34]],[[46590,51631],[-75,39],[-28,-5]],[[46487,51665],[-30,12],[-62,6],[-142,-14],[-29,-61]],[[46224,51608],[-49,-20],[-40,25]],[[46135,51613],[-12,23],[-29,52],[-36,-22],[-104,4],[-117,14],[-42,34],[-4,93]],[[45791,51811],[45,-1],[30,42],[15,8]],[[45881,51860],[63,7],[-33,85]],[[45911,51952],[87,-2],[10,1],[48,-23],[10,-1],[61,18],[17,28],[-52,-6],[-16,-5],[-13,38],[9,-2],[74,41],[-15,24],[-33,-31],[-25,33],[0,23],[15,12]],[[46088,52100],[17,63],[-21,48]],[[46084,52211],[50,21],[16,35],[-6,60],[13,86],[-42,16],[-27,-14],[-21,9],[-22,33],[1,39],[13,92],[-21,54],[86,91],[35,68],[-9,54],[-17,-2],[-27,1],[-11,66],[-68,32],[-14,57]],[[46013,53009],[36,2],[47,78]],[[46096,53089],[73,10],[71,122],[117,36]],[[46357,53257],[57,19],[66,66]],[[46480,53342],[10,11],[0,67],[36,35],[-13,43],[-38,69],[16,25]],[[47630,56560],[-173,-151],[-104,-28],[-47,-36],[-99,10],[-46,38],[-70,-21],[-49,15],[-85,-74],[-41,61],[-98,-8],[-31,-49],[56,-73],[35,-76],[-8,-62],[-45,-43],[-89,-25],[-36,-53],[-48,-24],[12,-36],[90,-65],[33,-43],[-3,-52],[-52,-105],[-51,-38],[0,-74],[-85,-15],[5,-83],[-47,-51],[0,-118],[-23,-38],[27,-69],[-3,-113],[24,-45],[-44,-63],[-53,-14],[7,-39],[-60,-50],[2,-48],[-38,-43],[-59,7],[-53,-18],[-8,-86],[-53,-46],[31,-69],[7,-132],[58,-10],[51,-74],[86,-60],[75,-167],[-62,-9],[-78,-133],[-21,-110],[20,-86],[80,-24],[7,-32],[-27,-63],[44,-55]],[[46480,53342],[-66,-66],[-57,-19]],[[46096,53089],[-47,-78],[-36,-2]],[[46084,52211],[21,-48],[-17,-63]],[[45911,51952],[33,-85],[-63,-7]],[[45791,51811],[-80,-67],[-85,10],[-37,48],[-80,22],[-50,-19],[-29,-81],[-54,-59],[-116,-49],[25,-75],[-61,-152],[-33,5],[-55,-91],[-119,-27],[-40,-21],[-81,-99],[-82,51],[-198,108],[-77,4],[-50,32],[-40,65],[-83,45],[-75,-57],[-68,-31],[-46,21]],[[44177,51394],[1,77],[90,41],[-14,90],[-82,46],[35,76],[-4,68],[49,36],[38,0],[52,76],[-16,127],[-176,82],[24,95],[-53,26],[-32,-51],[-39,56],[-93,-31],[-95,65],[22,54],[-113,-12],[-51,38],[-29,93],[72,165],[65,25],[87,62],[47,62],[51,13],[31,-24],[-19,-49],[123,-27],[23,88],[110,93],[-81,57],[20,47],[79,26],[49,62],[-45,69],[-58,55],[-6,142],[-64,-15],[14,91],[-26,28],[57,45],[-26,43],[126,17],[136,-51],[38,10],[116,-10],[79,12],[91,42],[54,70],[-10,35],[49,87],[-14,47],[41,33],[22,82],[54,8],[45,-26],[58,23],[-29,81],[39,14],[26,113],[-2,51],[-63,103],[-5,85],[-155,-31],[42,88],[-39,30],[46,49],[-8,112],[43,35],[40,85],[21,176],[-2,92],[-33,18],[-36,158],[22,25],[11,137],[-74,18],[-2,58],[97,-19],[25,70],[-111,48],[-24,66],[-51,47],[44,87],[78,64],[5,94],[44,42],[-38,37],[8,61],[-16,43],[-6,122]],[[44976,56142],[111,25],[26,-20],[56,21],[-21,52],[0,112],[94,-25],[153,78],[59,-36],[82,25],[-28,79],[5,95],[-20,56],[41,47],[171,-22],[60,5],[-33,90],[-2,85],[55,45],[20,73],[54,-41],[95,56],[4,97],[59,66],[-15,58],[37,69],[-42,84],[49,11],[65,-20]],[[51088,57711],[95,-88],[162,-94],[18,-76],[-43,-96],[36,-20],[21,-56],[-76,-137],[19,-30],[186,11],[13,25],[98,-2],[82,-155],[78,-20],[54,-43],[84,5],[14,24],[64,-18],[55,-56],[5,-74],[-37,-15],[-5,-49],[-71,-34],[-9,-45],[86,-16],[54,-28],[-49,-62],[54,-90],[49,-12],[3,-56],[33,-90],[38,-10],[29,-49],[-28,-26],[28,-61],[46,-26],[102,-15],[24,-78],[-47,-6],[-178,64],[-237,62],[-221,26],[-115,-20],[-212,88],[-83,-15],[-109,-48],[-74,5]],[[51124,56205],[-36,-8],[-119,-81],[-97,-34],[-41,-1],[-110,50],[-137,78],[-73,-13],[-98,0],[-147,30],[-112,-59],[-47,-4],[-99,72],[-101,-62],[-92,34],[-76,53],[-35,6],[-208,-43],[-94,56],[-46,-6]],[[49430,58056],[53,39],[66,86],[82,22],[52,-85],[23,-81],[126,52],[42,77],[12,60],[71,-8],[103,-71],[2,-85],[53,-101],[-28,-99],[-53,-144],[44,-92],[82,-68],[46,31],[58,-15],[33,-134],[27,-30],[70,-12],[-17,129],[-17,50],[82,38],[26,86],[134,51],[-11,35],[89,51],[102,7],[23,43],[43,9],[71,-34],[35,-80],[91,-69],[43,-3]],[[54900,61645],[-13,-70]],[[54887,61575],[11,-24],[41,-46],[48,-68],[27,-20],[73,9]],[[55087,61426],[59,-39],[26,-45],[59,-21]],[[55231,61321],[8,-53],[-29,-85]],[[55210,61183],[11,-71],[37,-74],[4,-29],[23,-60],[10,-70],[81,49],[6,82],[-2,32],[15,50],[74,-6],[-5,-56],[63,-100],[7,-4],[71,15],[60,-25],[25,24],[33,33],[2,-68],[60,-35],[87,40],[37,27],[23,-1],[57,-12],[77,-3],[25,-87],[39,-50],[-9,-82],[-54,-57],[21,-15],[5,-37],[-8,-24],[-21,-47],[0,-16],[-76,-5],[-64,-14],[-32,-38],[-9,-121],[-49,-70],[-46,-43],[-9,-61]],[[55779,60154],[-8,-28],[-87,6],[-21,-8],[-9,-18],[-34,-37]],[[55620,60069],[-57,-49],[14,-113]],[[55577,59907],[-6,-27]],[[55571,59880],[16,-35],[-40,-74]],[[55547,59771],[-38,-22],[-28,8],[-35,-19]],[[55446,59738],[-39,-39],[-79,-33]],[[55328,59666],[-26,-25],[-148,9]],[[55154,59650],[-33,-14]],[[55121,59636],[-60,13],[-73,-109]],[[54988,59540],[-39,-50],[-21,-7],[-72,-19],[-4,-16],[-31,-30],[-24,-75]],[[54797,59343],[-16,-58],[18,-35]],[[54799,59250],[-8,-35]],[[54791,59215],[-28,30],[-62,-39],[-1,-61],[128,-64],[30,-49],[68,-30],[-5,-117],[-88,-109],[-45,-89],[-1,-40],[-80,-17],[-39,-27],[-51,12],[-78,-18],[-49,13],[-64,-75],[-87,-3],[-38,18],[-62,-66],[-71,-40],[-6,-73],[-81,-25]],[[54081,58346],[-26,73],[-101,51],[-93,202],[-63,16],[-100,-16],[-150,63],[-40,89],[-46,24],[-29,51],[-112,64],[-22,80],[34,70],[25,141],[-73,43],[-108,-105],[-128,-32],[-35,-56],[-91,51],[-87,76],[-34,52],[-100,50],[-15,28],[40,77],[-12,110],[-49,55],[68,23],[-6,32]],[[52728,59658],[10,73],[43,9],[34,48],[146,-21],[90,-38],[20,61],[76,21],[89,71],[149,-90],[102,-38],[64,-41],[39,-80],[43,-20],[45,71],[9,61],[-25,69],[-156,79],[-17,17],[2,81],[64,39],[9,173],[-24,141],[-69,28],[-31,47],[-82,53],[13,33],[-71,28],[-22,61],[-117,102],[-85,101],[-17,49],[21,105],[60,58],[62,116],[-18,39],[-70,64],[-62,6],[-15,46],[26,64],[45,37],[46,73],[80,57],[5,40],[-25,86],[46,26],[32,59],[93,-30],[77,133],[63,6],[94,32],[101,-30],[24,-56],[53,13],[10,62],[85,52],[94,-61],[48,90],[33,-22],[108,-23],[76,-43],[98,-71],[46,-77],[46,-3],[72,-58],[7,-72],[33,-1],[28,60],[59,25],[14,41],[106,4],[70,22],[27,-36],[24,-15],[19,-19]],[[46135,51613],[22,-20],[18,-5],[49,20]],[[46487,51665],[28,5],[75,-39]],[[47083,51071],[44,-100],[-5,-28]],[[47015,50803],[48,-17],[49,14]],[[47142,50535],[44,-89],[-2,-45]],[[43227,48586],[-108,104],[-70,39],[-108,35],[-40,62],[-70,37],[-37,38],[16,137],[-91,67],[-145,-4],[-57,-62],[53,-30],[26,-85],[-104,46],[-34,-9],[-86,24],[-61,-13],[-9,85],[68,-26],[50,4],[99,66],[29,36],[22,73],[78,44],[-26,94],[-100,37],[-58,-37],[-144,60],[12,86],[65,18],[65,58],[72,-25],[18,-47],[111,-33],[64,23],[42,136],[41,54],[-2,51],[-38,33],[31,125],[16,107],[-39,74],[19,92]],[[42797,50160],[44,34],[40,140],[-13,80],[60,-18],[136,46],[68,57],[14,57],[67,15],[81,-116],[83,-12],[49,55],[28,78],[5,61],[-28,104],[63,24],[6,40],[97,28],[59,-35],[94,55],[31,44],[-25,181],[37,-29],[50,3],[59,133],[69,0],[57,54],[74,106],[75,49]],[[45659,59191],[42,-34],[21,-104],[5,-100]],[[45727,58953],[9,-24],[27,-13],[61,27],[16,22]],[[45840,58965],[-4,73],[24,21],[39,-37],[42,-8],[-16,16],[-15,30],[18,28],[-21,26],[28,7],[82,-7],[22,-7]],[[46039,59107],[13,5]],[[44976,56142],[-55,41],[-93,4],[-22,-28],[-89,89],[-100,-6],[-54,-22],[-45,49],[-74,8],[-79,-52],[-80,64],[-25,60],[-56,26],[-1,59],[-36,89],[-34,17],[-24,62],[-111,6],[-58,-14],[-115,33]],[[43825,56627],[-19,54],[33,39],[-6,71],[-49,42],[-3,82],[40,73],[-9,70],[63,107],[27,94],[32,42],[1,84],[35,101],[42,20],[24,133],[66,74],[75,-7],[41,-23],[52,-116],[-8,-89],[54,-38],[70,50],[-6,72],[23,51],[-48,55],[-67,21],[55,61],[101,7],[11,122],[-25,71],[48,51],[-34,62],[12,57],[73,42]],[[44529,58162],[78,24],[34,-19],[41,18],[42,116]],[[44724,58301],[59,63],[5,34]],[[44788,58398],[-2,35],[-9,83],[-5,69]],[[44772,58585],[-33,113],[13,104]],[[44752,58802],[-4,42],[22,71],[44,25],[88,31]],[[44902,58971],[34,70],[77,59]],[[45013,59100],[43,-29]],[[45056,59071],[6,-77],[84,-39]],[[45146,58955],[76,28],[52,50],[3,59],[53,29],[30,11],[82,-64],[42,30]],[[45484,59098],[-4,98],[16,14]],[[45496,59210],[43,11]],[[45539,59221],[56,-31],[64,1]],[[49823,60883],[-40,-36],[48,-72],[-4,-85],[62,-36],[-51,-38],[-31,-105],[-40,-17],[2,-66],[45,-50],[116,-6],[178,-75],[60,27],[74,56],[97,-10],[80,-91],[74,-60],[30,-72],[66,-43],[131,-56],[116,14],[115,-113],[64,-46],[91,-115],[90,-48],[68,4],[94,-86],[144,100],[107,31],[80,8]],[[51689,59797],[35,-96],[-64,-45],[-29,-61],[11,-64],[-23,-114],[51,-141],[0,-102],[-51,-63],[-18,-78],[29,-58],[-15,-38],[9,-66],[64,-27],[-10,-133],[-25,-21],[24,-67],[-73,-65],[-22,-48],[5,-63],[-103,-127],[23,-83],[-83,-48],[52,-118],[0,-72],[-36,-30],[-41,-82],[-214,-24],[-24,-69],[-53,5],[-20,-88]],[[48574,60800],[93,-20],[62,4],[121,82],[126,24],[65,83],[77,30],[122,-17],[44,-70],[88,-24],[236,0],[98,26],[87,-7],[30,-28]],[[49557,63965],[-1,-77],[64,-29],[51,12],[59,-24],[17,-60],[39,-20],[98,-140],[33,-107],[-34,-83],[-36,-21],[-27,-79],[33,-239],[-10,-45],[107,-108],[53,-13],[48,-44],[43,-139],[8,-177],[-20,-61],[7,-51],[78,-47],[156,-44],[86,-9],[45,-102],[-17,-51],[20,-56],[-36,-42],[3,-101],[-18,-43],[-81,-29],[-82,-13],[-35,-77],[-74,-73],[-18,-75],[-57,-137],[-32,-17],[-95,5],[-80,-47],[-10,-34],[27,-76],[-12,-60],[-38,-8],[25,-93],[55,-91],[41,-42],[-28,-96],[-48,-19],[6,-58],[-47,-42]],[[48255,61404],[46,39],[6,56],[70,48],[1,70],[-39,12],[-9,92]],[[48330,61721],[32,80],[-15,69]],[[48347,61870],[16,16],[67,110],[6,23],[20,19],[36,10],[19,106],[-8,71],[-29,18],[-73,23],[-9,8],[-44,72],[-47,24],[-51,-26],[-23,17],[-9,91],[-15,30],[-7,15],[-14,14],[-110,-23],[-22,5],[-14,-32],[-24,-27]],[[48012,62434],[-57,36],[-51,1]],[[47904,62471],[-3,9],[22,40],[-6,76],[-8,9],[-57,-40],[-26,24],[-55,-23],[-9,17]],[[47762,62583],[-8,112],[-73,70],[-4,115],[-51,33],[-62,100],[-43,11],[-85,-62],[-100,-8],[-81,-19],[-59,42],[3,43],[-47,56],[-142,14],[-30,48],[-65,-1],[-34,-34],[-45,-85],[-46,-38],[-89,32],[-44,-1],[-24,-110],[-58,-40],[-48,12],[-41,60],[5,128],[-15,33],[-88,4],[-25,127],[36,31],[78,12],[-5,52],[29,72],[13,105],[103,-2],[22,86],[82,38],[49,105],[-52,70],[-10,65],[-87,40],[-20,37],[14,100],[-58,118],[-57,-1],[-38,68],[57,71],[-62,61]],[[46457,64353],[61,73],[51,-3],[112,68],[62,-68],[10,-67],[52,-14],[18,-85],[64,-10],[20,-74],[159,-101],[72,1],[63,-18],[69,44],[74,11],[32,40],[111,35],[77,108],[119,-75],[115,34],[58,4],[38,-41],[81,-36],[-14,-40],[50,-43],[113,-13],[136,23],[58,-19],[124,25],[9,49],[109,57],[-16,-79],[112,-91],[82,53],[78,-18],[69,-33],[33,11],[73,-28],[65,0],[74,28],[69,-37],[121,18],[46,-5],[43,26],[50,-3],[67,-50],[31,-45]],[[51066,55350],[80,-12],[36,-77],[30,18],[81,-68],[59,45],[7,64],[102,-27],[24,-90],[-4,-53],[40,-33],[156,-22],[40,-100],[46,-31],[-7,-48],[52,-59],[85,80],[36,55],[53,-54],[24,44],[46,-12],[23,-45],[77,3],[101,-16]],[[52253,54912],[-13,-112],[-39,-50],[14,-112],[48,-23],[6,-39],[-24,-64],[-87,29],[-61,-35],[-37,-61],[17,-102],[-40,-84],[13,-38],[-41,-64],[-23,-130],[-56,-33],[-53,3],[-95,-99],[-49,-15],[-40,25],[-45,-13],[-82,14],[-41,29],[-66,12],[-105,99],[-106,45],[-51,-6],[-31,74],[-48,-47],[-70,-18],[-68,18],[-80,-52],[-113,34],[-23,20],[-96,-18],[-105,-66],[-85,66],[-126,1],[-71,-21],[-56,18],[-78,-28],[-90,-5],[-7,-49],[48,-43],[-29,-30],[19,-56],[-45,-56]],[[50043,53830],[-58,-45],[-21,-42],[46,-103],[-62,-115],[-78,-72],[-14,-29]],[[49856,53424],[-40,-45],[-47,-96],[-25,-24],[-34,-21],[-58,-18],[-55,-40]],[[49597,53180],[-33,-17],[-37,-37],[6,-75],[-12,-68],[-13,-56],[-49,-26],[-3,-46],[-49,-20],[-25,6],[-16,22],[-73,-12],[-34,41],[6,23],[-17,55]],[[49248,52970],[-68,45],[-83,-13]],[[49097,53002],[1,61]],[[49098,53063],[-44,4],[-18,-59]],[[49036,53008],[-30,-4],[-98,91],[-96,37],[-44,74],[-1,55],[-80,13],[-71,31],[-10,-57],[-87,22],[-42,91],[-40,23],[-40,159],[-62,24],[-60,-4],[-58,32],[-92,25],[-79,111],[-118,-17],[-130,97],[19,141],[20,75],[47,72],[17,91],[-5,128],[28,50],[141,145],[28,18],[179,75],[91,98],[41,21],[49,79],[48,110],[38,21],[126,187],[38,-60],[84,-63],[7,-63],[-58,-5],[-53,-67],[36,-45],[10,-100],[-48,-50],[50,-14],[65,-46],[7,-92],[67,-17],[2,41],[49,2],[10,39],[70,-32],[53,2],[23,-60],[50,29],[41,-45],[26,15],[12,86],[66,59],[88,4],[24,-30],[-26,-58],[55,-21],[33,119],[-5,56],[138,-36],[55,16],[38,38],[50,-43],[67,-9],[100,82],[189,22],[15,-46],[157,2],[19,158],[-17,81],[10,36],[-13,171],[-30,123],[149,32],[136,112],[46,-40],[148,-28],[-20,74],[53,57],[132,53],[73,-80],[80,-155],[50,24]],[[54081,58346],[-66,-56],[-25,-65],[-89,-60],[-182,16],[-48,-18],[-75,-60],[-41,-1],[-92,-106],[-46,-145],[-168,-217],[149,-129],[-58,-40],[-157,2],[-20,-80],[5,-45],[50,-58],[-48,-114],[2,-48],[78,-74],[-15,-44],[119,-23],[44,-57],[-100,-146],[43,-72],[2,-35],[-38,-52]],[[53305,56619],[-56,18]],[[53249,56637],[-31,3],[-60,-13],[18,-50],[8,-67],[-7,-25],[-50,1],[-55,23],[-53,53],[-19,-42],[-39,-64],[6,-47],[7,-34],[-9,-42],[30,-45],[-21,-51],[-57,-81],[-14,-25],[-27,-33],[-75,5],[-11,-12],[-18,-53],[54,-44],[19,-30],[118,-53],[29,-6]],[[52992,55905],[5,-53],[-51,5],[-24,-80],[-49,10],[-26,37],[0,118],[-96,-49],[-114,-89],[-43,-59],[-21,-92],[12,-86],[-40,-53],[-29,-102],[-39,-48],[26,-38],[5,-77],[24,-78],[68,-30],[39,-100],[43,-38],[2,-144],[29,-47],[-51,-36],[-45,4],[-226,92],[-138,40]],[[51066,55350],[-27,182],[13,53],[47,43],[5,37],[97,145],[38,94],[-23,98],[-31,70],[-51,0],[-10,133]],[[51689,59797],[-8,32],[42,46],[-8,112],[114,41],[37,129],[88,51],[35,-13],[58,28],[68,-17],[10,-40],[46,-22],[128,-9],[99,-24],[33,23],[48,-50],[35,-76],[49,-3],[64,40],[45,-24],[14,-41],[-28,-118],[-43,0],[22,-137],[91,-67]],[[49036,53008],[-25,-104],[-3,-78]],[[49008,52826],[13,-152],[-6,-78],[18,-44],[-4,-79]],[[49029,52473],[27,-43],[-5,-73]],[[49051,52357],[20,-63],[32,-23]],[[49103,52271],[20,-194],[-37,-63],[-27,-7],[-32,-28],[-1,-13]],[[49026,51966],[14,-58],[-18,-38]],[[49022,51870],[-33,-12],[-5,-20],[34,-50]],[[49018,51788],[44,-77],[34,-25]],[[49096,51686],[39,-8],[39,-46],[17,-99],[12,-38],[59,3],[33,0],[12,-33],[-6,-72],[39,-47],[-21,-28]],[[49319,51318],[4,-30],[-49,-28]],[[49274,51260],[2,-76]],[[49276,51184],[-44,-100],[0,-34]],[[49232,51050],[-14,-43],[23,-40],[76,-57],[24,-100],[-59,-49]],[[49282,50761],[-25,-24],[11,-82]],[[49268,50655],[0,-79],[18,-69],[-20,-31]],[[49266,50476],[-7,-56],[-78,-70]],[[49181,50350],[-15,-59],[27,-43],[14,-54],[7,-40]],[[49214,50154],[7,-72],[-15,-93]],[[49206,49989],[19,-58],[36,-10]],[[49261,49921],[64,-10],[25,-17],[152,-34],[91,-62],[77,-11],[67,6],[122,-62],[68,-38],[70,23],[61,25],[155,-11],[39,-11],[20,1]],[[50272,49720],[45,-36],[-6,-137],[-31,-150],[1,-50],[30,-87],[6,-81],[-44,-82],[-52,-12],[-130,6],[-14,-43],[-45,-38],[-34,-66],[-69,-18],[-49,-39]],[[49880,48887],[-13,7],[-7,45],[-5,11],[5,36],[-26,18],[1,21],[-2,55],[10,36],[25,32]],[[49868,49148],[55,75],[-13,16]],[[49910,49239],[-55,-5],[-38,32]],[[49817,49266],[-55,10],[-23,-21],[-27,30],[-64,-2],[-19,29],[-48,4]],[[49581,49316],[-3,37],[-103,17]],[[49475,49370],[-34,-18],[-55,31]],[[49386,49383],[-74,-18],[-111,-62],[-38,-49],[-34,-53],[-37,-19],[-62,-73],[-44,31],[-19,51],[-80,119]],[[48887,49310],[-10,58],[-42,72]],[[48835,49440],[-48,102],[-27,99],[-98,91],[-48,-9],[-31,-10],[-22,-40],[-69,4],[-63,55],[-119,63],[-36,-11],[-18,2],[-47,40],[-17,9],[-16,35],[-35,0],[-23,43],[-64,22],[-31,-55],[-62,-47],[2,-23],[-58,11],[-2,63]],[[47903,49884],[8,52]],[[47950,50100],[25,-8],[83,37]],[[47959,51657],[-51,53],[-9,74]],[[47893,51828],[-3,74],[-20,53]],[[47873,52271],[-98,100],[2,63]],[[47509,52866],[-14,61],[-40,83]],[[47406,53229],[-1,123],[-45,-18]],[[47130,53360],[-39,7],[-40,56]],[[47001,53484],[-33,49],[-109,-4]],[[42797,50160],[-58,55],[-70,16],[-19,38],[-52,-4],[-110,26],[-25,-54],[-59,-1],[-115,52],[-32,55],[35,86],[65,23],[-5,55],[-49,39],[-52,109],[127,37],[128,65],[132,22],[56,-19],[87,94],[21,46],[147,47],[73,3],[39,21],[0,44],[-37,71],[-13,75],[-56,59],[13,78],[47,76],[-30,50],[30,60],[23,261],[0,92],[34,41],[-24,87],[33,50],[-152,39],[-68,-16],[-26,-41],[-111,-54],[-67,8],[-25,65],[-39,49],[0,48],[28,38],[101,82],[64,8],[53,34],[89,22],[-12,73],[-51,51],[-19,132],[-31,69],[-8,99],[43,105]],[[42850,52826],[-19,97],[-2,163],[-50,159],[-85,-9],[-179,-3],[-70,163],[-3,77],[-49,66],[74,80],[11,70],[-26,78],[4,39],[-30,62]],[[42426,53868],[83,284],[61,-5],[71,44],[48,1],[40,75],[49,-14],[91,23],[37,41],[109,40],[43,47],[79,56],[22,80],[34,50],[63,33],[-1,49],[-56,73]],[[43199,54745],[52,105],[44,52],[52,156],[-6,49],[71,69],[42,100],[-28,89],[30,161],[-59,64],[20,59],[-34,50],[-1,72],[43,50],[-9,99],[-23,10],[-18,95],[57,83],[9,141],[47,95],[77,6],[71,-69],[99,29],[1,62],[70,154],[19,101]],[[52453,65144],[63,-9],[56,18]],[[52572,65153],[74,-8],[60,-68]],[[52706,65077],[72,8],[14,0],[18,-55],[-5,-27],[64,-73],[72,-7],[114,-38],[53,-75],[-32,-35],[1,-82],[16,-47]],[[53093,64646],[92,-126],[-5,-70],[41,-82]],[[53221,64368],[72,-10],[21,-22],[-15,-80],[100,-36]],[[53399,64220],[102,-23],[67,3]],[[53568,64200],[31,-76],[48,-30],[34,22],[46,-19],[1,-49],[42,-48],[16,-85],[59,-66],[0,-86],[11,-29],[-1,-73]],[[53855,63661],[-60,-54],[22,-62]],[[53817,63545],[79,-55]],[[53896,63490],[28,-38],[-32,-32]],[[53892,63420],[17,-52],[62,-34],[32,-68],[39,-5],[49,-56],[72,6],[57,-13],[76,-11],[135,-27],[56,-9]],[[54487,63151],[71,-22],[-19,115]],[[54539,63244],[28,108],[86,14],[44,18],[110,5]],[[54807,63389],[-12,-22],[31,-78],[33,-50],[11,-100],[-9,-80],[-34,-88],[-14,-80],[-56,-54],[-28,-36],[-51,-105],[27,-61],[1,-65],[-6,-25],[-36,-99],[15,-44],[45,-37]],[[54724,62365],[81,-25],[17,39]],[[54822,62379],[32,46],[60,2],[19,-24],[18,-58],[75,-91]],[[55026,62254],[-38,-97],[-1,-82],[-27,-134],[3,-96],[5,-30],[17,-36],[-26,-53],[-24,-18]],[[54935,61708],[-35,-63]],[[49557,63965],[85,-5],[98,37],[-16,66],[-43,46],[72,11],[131,-15],[69,50],[81,11],[39,71],[39,-6],[29,52],[-49,69],[30,66],[94,23],[69,47],[56,-13],[104,3],[20,51],[73,10],[76,86],[38,6]],[[50652,64631],[45,8],[98,-68],[48,-80],[63,-58],[153,-73],[47,-56],[51,-12],[105,26],[182,13],[86,-29],[88,11],[141,44],[62,75],[79,30],[75,12],[6,43],[36,30],[33,74],[-10,47],[26,62],[73,45],[35,52],[41,-13],[59,44],[3,84],[54,118],[108,91]],[[52439,65151],[14,-7]],[[16640,50844],[109,3],[-7,92]],[[16742,50939],[23,-87],[37,-13]],[[16802,50839],[24,2],[12,95],[26,33],[40,3],[30,13],[38,-13],[39,34],[16,88],[12,7],[20,-16],[10,-13],[13,-37],[14,-37],[-22,-109],[82,21],[28,27],[103,-17],[3,-6],[-3,-11],[8,-67],[-44,-24],[-19,31],[-11,-5],[-10,-19],[-6,-31],[-23,15],[-2,-2],[-13,-45],[-20,-30]],[[17147,50726],[-42,-15],[-39,-47]],[[17066,50664],[-17,-21],[-23,-36],[-49,19],[-37,-16]],[[16940,50610],[-44,-100],[8,-19]],[[16904,50491],[13,-2]],[[16917,50489],[14,-19],[4,-121]],[[16935,50349],[38,-12],[12,50],[27,11],[6,-3],[33,-50],[27,-1],[28,-8],[81,108],[-8,7],[-13,64],[26,5],[11,-11],[3,-2]],[[17206,50507],[53,-10],[38,34]],[[17297,50531],[29,-30],[55,-9],[20,-3],[66,-50],[-8,-29],[-95,-56],[-14,-40],[2,-41],[52,-61]],[[17404,50212],[24,-65]],[[17428,50147],[-14,-59]],[[17414,50088],[-55,-48],[3,-59],[-45,-35]],[[17317,49946],[-7,-2],[-29,21],[-18,29]],[[17263,49994],[-24,28],[-65,18]],[[17174,50040],[-27,28],[-31,-27],[-16,-1],[-39,19],[-5,6],[-18,10],[-59,27],[-105,9],[4,-109],[-48,15],[-47,47],[-42,78],[-32,20],[22,75],[3,17],[-34,-9],[0,-12],[-12,-43],[-66,-17],[-41,66]],[[16581,50239],[44,100],[0,71],[-34,13],[-20,122]],[[16571,50545],[13,10],[-31,83],[-75,29],[-74,111],[8,16],[47,35],[44,15],[66,-65],[35,-15],[27,15],[9,65]],[[16055,51141],[18,55],[6,180],[49,91],[30,-11]],[[16158,51456],[-9,-6],[-34,-54]],[[16115,51396],[1,-77],[24,-14]],[[16140,51305],[81,-40],[21,-87],[-19,39]],[[16223,51217],[-32,45],[-34,18],[-28,-19]],[[16129,51261],[-1,-14]],[[16128,51247],[-39,-115],[-34,9]],[[9615,52487],[121,-58],[-70,-40],[-76,1],[-72,28],[-59,-6],[-7,-32],[-57,-7],[-25,34]],[[9370,52407],[45,69],[86,20],[65,7],[49,-16]],[[9240,52577],[0,-5]],[[9240,52572],[-50,-82],[105,-43]],[[9295,52447],[-3,-48],[-141,12],[-46,21],[-75,-14],[-122,43],[-51,-9],[-189,103],[-53,40],[10,39]],[[8625,52634],[-6,7],[27,51],[-3,64],[-20,67],[9,94],[19,26],[34,120],[81,110]],[[8766,53173],[6,93],[39,87]],[[8811,53353],[34,63],[-23,44],[27,6],[48,-61],[44,-45],[17,-3],[22,22],[49,-28],[50,18],[59,-15],[73,38],[18,-27],[38,-9],[62,-21],[33,-73],[41,-122],[-4,-66],[-55,-47],[-152,-58],[-9,-79],[43,-20],[78,13],[61,-7],[23,-63],[-11,-81],[-108,-49],[3,-68],[-32,-38]],[[31284,82930],[-13,-82],[-66,7],[0,-49]],[[31205,82806],[8,-26],[40,-30],[16,-3],[41,4],[-13,-36],[28,-21],[58,-57],[25,-17],[11,-48],[35,-2],[16,-4],[44,-73],[32,-34],[9,12],[75,16],[16,-20],[19,-101]],[[31665,82366],[-34,-50]],[[31631,82316],[-22,-102],[90,-85],[-32,-64]],[[31667,82065],[-62,-22],[-52,-62],[-4,-11]],[[31549,81970],[5,-69],[27,-41]],[[31581,81860],[41,-33],[54,-66],[22,-31]],[[31698,81730],[-27,-28]],[[31671,81702],[-49,-51],[-48,-17],[-80,30],[-83,-47],[-75,-37],[-23,-44],[61,-62],[-9,-70],[-88,-50],[-69,-12],[-103,-15]],[[31105,81327],[-48,75],[-71,39],[-65,43]],[[30921,81484],[-38,99],[6,25]],[[30889,81608],[15,40],[-60,43],[-62,56]],[[30782,81747],[-53,-24],[-54,19],[-76,54]],[[30599,81796],[-14,0],[-53,33]],[[30532,81829],[-7,-37],[46,-30],[-21,-37]],[[30550,81725],[-100,35]],[[30450,81760],[-28,15],[-83,-53],[-39,9]],[[30300,81731],[-86,-4],[-51,5],[-50,-27]],[[30113,81705],[1,56],[-71,67]],[[30043,81828],[-74,57],[-17,96]],[[29952,81981],[8,33],[68,4],[80,170],[55,-18],[58,19]],[[30221,82189],[46,-35],[8,2],[27,32],[-54,59]],[[30248,82247],[17,59],[67,23]],[[30332,82329],[16,7],[10,64],[16,42],[-46,44]],[[30328,82486],[32,73],[-1,38]],[[30359,82597],[-42,49],[29,54]],[[30346,82700],[-31,111],[37,53]],[[30352,82864],[34,48]],[[30386,82912],[54,-17],[20,41]],[[30460,82936],[14,8]],[[30474,82944],[80,-14],[86,6],[22,60]],[[30662,82996],[42,77],[116,5],[56,-8],[35,-24],[65,-3],[25,-47],[52,-16],[48,45],[66,7]],[[31167,83032],[12,17]],[[31179,83049],[62,-15],[43,-104]],[[20574,33411],[58,-12],[107,19],[7,68],[50,40],[22,-60],[53,-15],[43,-40],[26,61],[47,-3],[35,-43],[15,-112],[27,-28],[-8,-101],[-30,-28],[-7,-63],[63,-44],[36,-47],[3,-83]],[[21121,32920],[-7,-25],[-85,-61],[-3,-27]],[[21026,32807],[-66,-24],[-31,-32],[-95,-52],[-28,-68],[-205,-27],[-47,-38],[-84,-19],[-55,-42],[15,-74],[32,-3],[59,-86],[2,-41],[-67,-117],[31,-104],[48,-47],[-16,-55],[-59,30],[-33,-13],[-19,64],[-205,59],[-20,146],[-100,75],[-58,15],[-15,67],[-19,40],[-90,18],[26,4],[33,8],[-6,8],[-38,14],[-5,6],[5,28],[0,2],[32,40],[-11,10],[-20,-6],[-19,-16],[-5,-17],[-7,-4],[-30,-7],[-49,-19],[-50,38]],[[19757,32568],[-36,26],[-63,-16],[-8,51],[-35,38],[-52,-6],[-115,38],[20,47],[-4,81],[-131,-14],[-45,205],[-79,164],[-2,72],[39,-15],[42,48],[-32,35],[-45,-34],[-34,47],[-40,144],[-81,194],[-26,16]],[[19030,33689],[40,10],[51,-20],[42,0],[78,-11],[26,45],[94,-1],[37,-27],[118,63],[43,-8],[20,86],[93,138],[74,-102],[-23,-67],[98,-38],[127,-3],[47,-114],[-5,-55],[48,-35],[16,-103],[-23,-58],[24,-58],[91,-75],[89,-17],[39,61],[143,20],[157,91]],[[21026,32807],[56,-91],[35,-83],[-24,-72],[31,-84],[-7,-49],[25,-28],[55,-2],[78,-50],[-20,-38],[21,-52],[-18,-51],[16,-62],[47,-76],[-26,-38],[-110,11],[-89,-43],[-45,-122],[133,-51],[69,-166],[-38,-83],[-74,-71],[12,-87],[-42,-68],[22,-122],[52,-111],[-46,-36],[3,-32],[-28,-23],[-37,-63],[2,-4],[-35,-26],[43,-58],[-26,-32],[-15,-35],[-39,13],[-24,-13]],[[20983,30809],[-8,-41],[-59,-20],[-19,-37]],[[20897,30711],[-56,-15],[4,39],[-23,21]],[[20822,30756],[-38,38],[-58,-23]],[[20726,30771],[0,-19],[-13,-21],[32,-77],[0,-27],[-102,32],[-43,-6],[-70,-18],[-31,-28]],[[20499,30607],[-24,-30],[-189,86],[13,59],[-12,56],[22,31],[-57,156],[-42,49],[-97,23],[-33,119],[-26,2],[-31,58],[-64,36],[-60,11],[-48,41],[31,28],[-11,50],[61,36],[-14,55],[40,49],[-59,241],[-7,47],[-68,248],[-79,227],[-46,74],[-109,-38],[-27,36],[-88,26],[-17,69],[-44,-3],[-29,68],[61,0],[56,-30],[95,17],[5,-34],[63,10],[66,-15],[48,63],[-22,40]],[[14403,61412],[67,-77],[46,10],[47,-45],[-1,-61],[59,-22],[23,45],[75,-8],[34,-81],[40,59],[81,19],[1,26],[-48,41],[65,14],[19,40],[53,11]],[[14964,61383],[6,29],[-51,102],[8,39]],[[14927,61553],[31,-5],[27,24],[19,27],[56,-35],[54,-9],[11,-50],[45,14],[34,-32],[-1,-71],[79,-38],[26,-10],[5,-22],[141,12],[40,20],[65,-9],[17,36],[36,-18],[75,37],[23,-30],[20,-23],[51,11],[27,-10],[74,-9],[51,-65],[-46,-51],[57,-16],[51,-17],[3,-40],[43,-21],[7,-56],[54,-22],[-18,-15],[35,-42],[27,-31]],[[16146,60987],[9,-104],[-49,-43],[-63,-44],[-34,-43],[-4,-45]],[[16005,60708],[-29,-41],[-62,4]],[[15914,60671],[-47,-19],[-46,12],[-47,23],[-57,-38],[-42,-70],[-39,-19],[-70,19],[-47,37]],[[15519,60616],[-30,10],[-46,-38]],[[15443,60588],[-15,-16],[-83,9],[-27,-68],[29,-27],[-19,-80],[24,-83],[-44,33],[-53,-17],[-73,-8],[-38,-46],[-39,-9]],[[15105,60276],[-53,-25],[-4,-35]],[[15048,60216],[-7,-30],[36,-29],[-3,-26],[-6,-20],[-13,-28],[28,-23],[-16,-67],[41,-69],[-54,0],[-18,-24],[19,-26],[64,-32],[-40,-24],[64,-40],[-19,-64],[-36,-40],[9,-51],[-49,1],[-23,6],[-28,-29]],[[14997,59601],[4,-37]],[[15001,59564],[-132,-133],[-96,-54],[-47,34],[-13,-51],[49,-102],[5,-109],[-61,-85],[-157,-38],[-20,-107],[-13,-139],[-89,-79],[35,-31]],[[14462,58670],[69,0],[78,-91],[-87,-58],[-31,-80]],[[14491,58441],[-17,-37],[-6,6],[-26,16],[-30,-9],[-9,-2],[-27,0],[1,-30],[38,12],[-7,-67],[-21,-95],[5,-32],[-5,-7],[-64,-72],[-16,0],[-11,5],[-19,17],[-84,-66],[-19,-58],[-23,30],[-22,-10],[22,-102],[29,-143],[-8,-7],[-44,-8],[-22,-27],[-24,-63],[-37,-29],[19,-160],[-4,6],[-7,11],[-9,-4],[-39,21],[-12,22],[-11,41],[-4,-3],[-2,-55],[-19,-58],[9,-75],[-45,-53],[48,8],[2,-43]],[[13971,57321],[-12,-17]],[[13959,57304],[-21,9]],[[13938,57313],[-39,46],[-2,40]],[[13897,57399],[3,101],[17,97],[-14,-3],[-14,9],[-16,-9],[28,-24],[-19,-58],[-21,-77],[-11,-20],[-16,29],[-72,79],[-15,46],[-39,-6],[36,-50],[6,-2],[30,-44],[21,-20],[-7,-10],[-14,-2],[-15,-9],[-8,-12],[13,-31],[40,-5],[-11,-16],[0,-3],[15,-12],[17,-30],[-2,-6],[-14,5],[-47,25],[-62,107]],[[13706,57448],[-26,20],[-128,-2]],[[13552,57466],[-36,14]],[[13516,57480],[-65,130],[6,37]],[[13457,57647],[-19,-1],[-78,69],[-38,-72],[-137,1],[-99,20],[-45,25],[-115,30],[-31,-81],[-161,-30],[-4,52],[-44,21],[14,60],[-102,28],[-39,-28],[-88,23],[-56,-16],[-16,44],[-47,18],[-21,122],[-88,3],[-56,65],[-62,-4],[-62,64],[-76,-54],[-38,33],[-5,63],[95,73],[-53,106],[-57,14],[-28,88],[6,69],[-14,65]],[[11893,58517],[48,19],[-5,140],[46,15],[33,56],[76,-65],[131,54],[44,-61],[48,-4],[16,-68],[170,3],[-12,90],[49,25],[114,4],[-13,-122],[29,-18],[76,56],[-11,70],[51,53],[87,59],[40,-47],[47,-91],[61,-5],[-14,151],[-23,107],[49,47],[83,28],[-13,76],[-87,-15],[-19,-31],[-64,10],[21,87],[-19,52],[44,15],[44,62],[40,8],[81,-43],[-9,-71],[112,-6],[39,18],[71,-22],[15,-59],[54,-68],[-2,-106],[118,-26],[82,50],[40,46],[142,63],[-39,73]],[[13764,59126],[1,6],[-25,51],[22,26]],[[13762,59209],[73,52],[59,36],[-65,95],[-92,65],[-159,67],[-89,-39],[-25,17],[-7,194],[-86,73],[-24,39]],[[13347,59808],[93,48],[57,-69]],[[13497,59787],[59,2],[32,60],[25,109],[-120,44],[-52,56],[-12,79],[-25,-1],[14,55],[-44,28],[-73,12],[-63,143],[-51,89],[15,112],[52,144],[-48,37],[1,60],[67,80],[39,81],[-40,53],[32,49],[-14,40],[9,77],[-13,33],[-81,35],[-128,-53],[-26,56],[-46,-10],[-57,46],[-49,117],[19,39],[-9,65],[22,160],[60,22],[84,79],[133,31],[29,126],[-43,26],[-88,-37],[-63,-5],[-32,82],[-88,-8],[-20,-130],[-15,-22],[-74,-1],[0,83],[21,44],[-26,77],[38,106],[-21,33],[19,55],[34,10],[-34,104],[-33,38],[-6,48],[64,31],[50,-24],[85,29],[94,2],[26,43],[17,97],[-14,108],[21,52],[56,34],[33,80]],[[13239,62897],[120,7],[-14,-77],[22,-103],[56,-52],[157,58],[33,-34],[59,7],[113,-29],[48,-24],[13,-55],[42,-38],[62,29],[15,40],[120,30],[9,43],[52,37],[32,-50],[45,-30],[-13,-40],[60,-55],[-37,-81],[-90,-83],[10,-89],[-83,-87],[-51,-13],[-60,-43],[-31,-73],[-1,-45],[-70,-10],[-7,-61],[25,-47],[3,-114],[-51,-74],[13,-69],[34,-42],[15,-83],[-76,-16],[-8,-135],[93,5],[25,44],[86,20],[56,-17],[74,-48],[0,-64],[70,-22],[20,-26],[0,-75],[28,-53],[92,54],[7,47],[-57,68],[34,62],[70,21]],[[11154,57163],[19,-91],[74,-37],[89,18],[66,-93],[-40,-111],[-30,41],[-84,6],[-9,-22],[39,-97],[84,-37],[-19,-52],[36,-37],[-4,-67],[43,-94],[79,11],[57,-38],[6,-39],[102,-44],[82,-112],[81,-21],[36,-29],[-37,-198],[10,-54],[97,-56],[13,-56],[-99,-7],[-49,18],[-70,-30],[-20,-33],[14,-123],[-32,-84],[-31,-28],[-130,-38],[-38,-112],[-16,-88],[-19,-24],[34,-63],[39,-23],[85,-2],[25,-67],[105,8],[129,-4],[44,-19],[-6,-126],[19,-62],[50,-3],[-6,-221],[56,37],[8,43],[-7,129],[50,37],[103,-2],[23,-31],[-55,-139],[-4,-56]],[[12146,54741],[-97,-46],[-37,-2]],[[12012,54693],[-85,8],[-86,-30],[-53,-45],[-21,-58],[-56,-10],[-69,10],[-2,-87],[-28,-62],[9,-62],[-21,-58],[22,-68],[-14,-33],[-11,-24],[5,-30],[102,-13],[28,-48],[106,-47],[85,-110],[39,-30],[18,-69],[-4,-63],[-66,-15],[3,-52],[67,24],[25,-13],[10,-97],[90,-14],[26,-64]],[[12131,53533],[-32,-40],[-55,7],[-88,-35],[-6,-62],[-130,-32],[-106,-41],[-79,-12],[-54,-28],[-71,3],[-5,-105],[-52,7],[-40,-50],[-16,-56],[-50,-33],[-49,2],[-38,-49],[-144,-12],[-83,-44],[-171,-27],[-138,-74],[-110,-47]],[[10614,52805],[-45,42],[-15,76],[-35,89],[-68,12],[-18,45],[48,44],[-45,56],[27,36],[65,11],[53,110],[-89,76],[-29,-33],[-46,-7],[-117,-59],[-55,47],[21,87],[2,86],[50,83],[-29,48],[-17,73],[-31,48],[-47,5],[-45,34],[-78,106],[-95,51],[-96,75],[-58,72],[-58,13],[-48,-26],[-79,17],[-202,62],[-67,-57],[-63,-15],[-12,48],[-92,61],[-11,53],[-60,79],[-9,80],[28,42],[-46,60],[25,88],[-9,79],[78,-6],[58,-68],[89,39],[24,73],[-13,150],[39,4],[39,72],[37,12],[39,-50],[117,47],[-9,92],[-56,28],[-19,124],[-68,-4],[-60,-74],[-66,88],[-123,-33],[-13,29],[12,106],[-75,-6],[-19,87],[76,-17],[65,9],[18,75],[63,-19],[65,4],[21,28],[-39,67],[-25,89],[-46,91],[-68,61],[-47,62],[-71,34],[-51,85]],[[9091,55981],[27,178],[-78,-49],[-33,33],[53,44],[-16,39],[158,48],[99,-24],[51,13],[55,-21],[30,110],[86,-5],[55,-64],[71,-3],[32,21],[43,-76],[189,43],[51,57],[-15,46],[31,72],[-32,60],[17,73],[93,11],[32,-11],[28,59],[60,55],[-19,62],[-78,-27],[-75,-52],[-85,60],[84,62],[-1,83],[41,24],[154,35],[27,70],[51,37],[103,45],[33,-8],[81,63],[-8,99],[73,22],[96,13],[37,-34],[-23,-103],[45,-59],[99,11],[12,53],[-78,160],[113,95],[75,-61],[-1,-73],[33,-22],[21,-58],[80,-9],[43,11],[43,-26]],[[17493,59641],[-41,-53],[-46,-14],[-41,-41],[-106,-58],[-50,-182],[-29,-53],[-53,-35],[-96,-31],[-24,-42],[16,-153],[-11,-33],[-79,-86],[21,-116],[-32,-61],[-51,-54],[1,-43],[44,-112],[1,-37],[-89,-77],[-127,-131],[-76,-40],[-23,46],[-71,10],[3,96],[-47,49],[-44,12],[-44,-56],[-5,-86]],[[16394,58260],[-84,-77],[-98,-13],[-27,45],[-22,102],[-31,2],[-116,-64],[-177,-127],[-234,21],[-116,123],[-7,35],[-66,20],[-99,-19],[-43,-22],[-79,-71],[-55,18],[-56,-61],[-59,8],[-57,-52],[-70,-128],[-46,13],[68,156],[-80,1],[-124,220],[-164,45],[50,54],[35,116],[-46,39],[-17,51],[-62,10],[-50,-35]],[[15001,59564],[17,-8]],[[15018,59556],[72,-102],[-1,-62],[73,-10],[10,-90],[32,-7],[18,-70]],[[15222,59215],[5,-55],[43,-28]],[[15270,59132],[88,38],[53,-11],[44,-16],[35,18],[21,-27],[55,19],[-17,82],[-75,-1],[20,78],[72,65],[8,50],[40,33],[39,-26],[38,26],[-6,39],[-51,28],[-7,79],[63,21],[61,-16],[58,65],[59,-38],[126,20],[45,-68],[75,6],[21,-39],[-44,-25],[17,-46],[67,14],[91,79],[3,-65],[-38,-10],[32,-64],[81,40],[82,10],[42,116],[127,36],[61,83],[38,141],[31,34],[-12,45],[87,67],[83,13],[12,-74],[143,35],[14,-33],[98,17],[32,-29],[49,-102],[25,-22],[102,16],[45,-13],[6,-101],[84,-78]],[[14514,58117],[34,39],[-10,83],[15,66],[-4,77]],[[14549,58382],[84,1],[18,-55],[-11,-129],[12,-86],[-55,-97],[-83,101]],[[14387,67110],[47,-18],[-40,-93],[-97,-30],[-48,55],[-82,-3],[-89,-72],[72,-113],[64,31],[17,-75],[129,15],[5,51],[84,-13],[98,-195],[121,28],[74,-14],[19,-41],[-33,-54],[-6,-69],[67,-84],[30,-117],[79,-6],[70,17],[8,31],[-33,120],[39,-11],[7,65],[98,151],[111,-62],[50,-59],[243,-61],[119,14],[1,-153],[46,-105],[90,-113],[56,-14],[83,12],[148,-10],[48,26],[134,3],[113,-54],[81,-94],[34,37],[109,56]],[[16553,66089],[11,-23],[4,-140],[11,-17],[114,-46],[49,-33],[49,-6],[-41,-164],[-47,-42],[-82,-226],[-65,-58],[-46,-85],[1,-112],[-49,-51],[-14,-86],[-44,-91],[-48,-56],[-132,-23]],[[16224,64830],[-49,81],[-40,-31],[-62,21],[-102,175],[0,44],[-54,-2],[-24,-76],[-70,-18],[-48,60],[-69,12],[-30,-49],[-130,-44],[-47,-33],[-50,49],[-22,-63],[-40,-36],[57,-53],[25,-67],[-5,-72],[-59,4],[-107,-39],[-35,-33],[3,-83],[-30,-56],[-46,-9],[-152,29],[-91,-40],[-59,3]],[[14888,64504],[0,62],[-22,50],[-75,38],[-49,-23],[-31,55],[-61,-32],[-151,2],[-40,202],[-162,29],[-29,47],[-86,9],[-50,92],[-100,-27],[-28,31],[-21,115],[35,39],[1,58],[-62,-6],[-43,-30],[-33,-62],[-95,43],[-10,84],[-91,9],[-10,-52],[-32,-21],[-59,18],[2,-61],[181,19],[10,-83],[26,-66],[-134,-130],[-95,28],[10,-80],[-61,23],[-59,-45],[-82,67],[-40,62],[-54,-57],[16,-81],[95,-77],[-38,-58],[-144,11],[-35,45],[-72,-15],[-38,55],[-75,9],[-24,-37],[14,-84],[61,-17],[-3,-35],[-53,-44],[55,-116],[96,-65],[-2,-47],[-126,-31],[-46,5],[-66,-27],[-47,5],[-75,-34],[-34,-81],[-99,-10],[-74,31],[-130,-57],[-58,7],[-31,38],[-89,50],[-33,62],[17,40],[8,128],[-68,31],[-31,117],[-65,17],[-122,-65],[-112,-37],[-54,87],[6,37],[-70,9],[-25,66],[-41,-2],[-35,-63],[-90,-13],[-36,-21],[-45,21],[14,140],[-35,38],[-66,-48],[-8,-43],[-61,-62],[18,-92],[-13,-65],[-106,-56],[-65,136],[-28,-40],[-47,4],[-30,50],[-110,7],[-58,50]],[[10875,64684],[-12,18]],[[10863,64702],[-49,1],[-36,14],[-6,29],[103,154],[32,58],[-31,56],[2,11],[35,68],[9,44],[48,31],[-25,85],[-65,-9],[-10,13],[-43,-3],[-81,14],[23,42],[15,15],[-48,34],[38,54],[20,-9],[41,-26],[29,-42],[34,-27],[47,25],[-13,30],[70,20],[11,9],[16,19],[23,-2],[7,44],[-2,15],[-45,-3],[-26,-2],[-27,-30],[-27,76],[-30,3],[-42,101],[-46,24],[16,12],[34,0],[-15,57]],[[10849,65707],[16,68],[-15,30]],[[10850,65805],[3,20],[-16,68],[49,50],[18,13],[80,30],[55,-3],[14,12],[37,18],[41,14],[13,46],[-16,50],[-28,107],[-43,-12],[-64,11],[-72,7],[-1,32],[47,81],[14,27],[9,10],[-75,31],[51,109],[7,27],[-19,24],[30,48],[1,71],[-129,4]],[[10856,66700],[-61,-4],[-91,-32]],[[10704,66664],[-28,9],[3,87]],[[10679,66760],[20,39],[88,7]],[[10787,66806],[8,15],[29,2],[30,26],[10,94],[-33,35],[-32,12],[-23,62]],[[10776,67052],[99,133],[105,42],[38,-101],[45,-22],[144,63],[101,78],[79,16],[49,40],[119,5],[50,14],[50,-31],[109,22],[51,-48],[65,26],[99,-68],[18,-47],[39,-25],[85,24],[105,55],[102,-1],[134,55],[50,6],[49,-36],[15,-56],[-19,-90],[33,-20],[87,-7],[41,-40],[36,73],[-21,97],[29,86],[36,13],[43,-37],[63,14],[48,-28],[-25,-60],[55,-73],[114,42],[90,71],[2,78],[46,32],[116,35],[41,39],[113,-33],[25,-84],[-35,-23],[9,-59],[110,-73],[118,3],[38,-69],[84,-24],[105,41],[48,47],[65,-45],[90,5],[65,-34],[74,-16],[56,11],[31,42]],[[15712,56004],[81,-27],[0,-45],[-84,-13],[-39,62],[42,23]],[[16236,58099],[49,-91],[1,-66],[24,-34],[109,66],[35,-34],[6,-45],[-44,-28],[-68,-6],[-43,21],[-59,-39],[-5,-55],[32,-15],[23,-66],[-21,-43],[25,-46],[59,-21],[22,-89],[52,-31],[10,-50],[36,-22],[49,34],[107,-3],[35,-77],[142,-115],[109,54],[24,-101],[-65,-28],[13,-114],[-14,-27],[-115,8],[-73,-45],[11,-61],[68,25],[170,14],[77,22],[-6,-43],[-81,-19],[-10,-118],[83,-5],[23,-32],[102,20],[47,-48],[49,-11],[118,-116],[87,-36],[62,14],[70,68],[11,79],[-75,112],[-12,89],[83,63],[58,-11],[56,-108],[56,-43]],[[17738,56846],[24,-135],[-18,-80],[34,-23],[77,30],[18,-96],[99,-30],[31,-80],[60,-23],[10,-51],[41,-48],[-20,-75],[28,-65],[83,1],[109,34],[77,-59],[10,-105],[-56,-75],[42,-63],[-21,-33],[9,-73],[-37,-18],[0,-54],[-77,-82],[-36,-101],[36,-74]],[[18261,55468],[-91,-10],[-15,-27],[-66,-23],[-44,23],[-141,-10],[-80,-94],[-61,72],[-112,4],[-66,-47],[-94,1],[-48,33],[-103,-1],[-34,-34],[-101,11],[-83,-53],[-17,54],[-41,33],[-84,-7],[6,103],[-24,87],[-67,41],[-30,-107],[-25,-45],[64,-111],[-15,-53],[-40,-19],[-54,17],[-26,39],[1,121],[-31,-5],[-47,54],[-37,-2],[-4,-59],[-100,-15],[-45,-19],[40,-101],[-102,-70],[-2,-21],[-20,-49],[-29,-63],[-40,0],[-49,40],[-103,36],[-58,-16],[-43,-76],[-38,-22],[-94,14],[9,78],[-28,49],[-79,-27],[-14,39],[-53,35],[-120,-22],[-60,-65],[-38,-5]],[[15585,55174],[-57,8],[-61,-42],[2,99],[44,66],[33,156],[-14,57],[-96,-108],[-56,-21],[-99,158],[27,133],[70,109],[7,31],[68,1],[44,41],[42,-1],[112,91],[63,-50],[84,14],[14,28],[125,-18],[77,26],[81,54],[-3,25],[-118,-43],[-126,29],[-50,59],[-38,17],[-87,-42],[-181,-1],[-164,15],[-50,-5],[-133,-81],[-40,-3],[-81,81],[-15,125],[83,111],[-2,70],[31,116],[57,119],[-119,89],[-38,7],[-22,149],[-32,32],[-18,140],[18,222],[37,133],[30,180],[71,272],[74,141],[113,98],[43,14],[120,-2],[178,-121],[96,-10],[72,-33],[33,3],[57,77],[28,68],[57,93],[67,39],[28,-26],[75,-16],[90,-48]],[[14514,58117],[16,58],[-13,63],[-66,28],[43,-87],[-38,-75],[23,-94],[48,-18],[33,-44],[-10,-89],[-97,61],[-21,-43],[12,-49],[-49,-62],[-65,45],[-35,-37],[33,-55],[-41,-41],[14,-35],[-123,-507],[-17,-139],[-28,27],[-22,83],[4,80],[-34,24],[31,120],[-54,51],[-12,63],[155,92],[39,-41],[22,51],[-8,113],[-95,-53],[13,-48],[-134,-75],[-30,-42],[7,-117],[-44,-4]],[[14491,58441],[58,-59]],[[13457,57647],[-6,-37],[65,-130]],[[13552,57466],[128,2],[26,-20]],[[13897,57399],[2,-40],[39,-46]],[[13959,57304],[52,-32],[-41,-208],[31,-62],[67,-90],[29,-66],[-4,-98],[14,-131],[3,-168],[35,-103],[-23,-62],[-38,77],[-15,106],[-24,-7],[23,-137],[40,-103],[71,-126],[17,-86],[61,-86],[12,-59],[-130,-211],[-12,-115],[-48,-179],[-93,-201],[-79,-90],[-106,-100],[-14,-50],[-111,-130],[-63,-94],[-26,-61],[5,-53],[-48,-91],[-51,-62],[23,-63],[77,-36],[16,-65],[-99,-44],[-44,-43],[-62,-25],[-29,-43],[-131,-57],[40,136],[-61,-3],[-1,-45],[-62,-45],[19,-54],[-50,-44],[-86,-47],[-125,-24],[-94,-38],[-32,-45],[-35,1],[-159,-82],[-13,14],[-80,-53],[34,-76],[-64,8],[-84,-70],[-150,2],[-110,-52]],[[12012,54693],[37,2],[97,46]],[[11154,57163],[100,35],[58,38],[38,-6],[36,39],[-19,90],[173,86],[-30,78],[-3,94],[19,46],[-51,78],[-55,19],[29,127],[2,51],[-43,33],[-125,65],[-7,34],[101,40],[4,60],[-46,14],[-41,41]],[[11294,58225],[20,105],[140,38],[54,34],[64,94],[53,39],[96,-11],[19,-63],[44,-1],[8,92],[59,10],[42,-45]],[[14432,55807],[42,-96],[-45,-8],[-22,60],[25,44]],[[20008,62447],[73,-81],[25,-83],[145,-20],[-9,-47],[65,-93],[142,11],[58,-15],[25,-63],[77,-47],[12,-143],[-51,-76],[8,-104],[64,-13],[33,-66],[97,-21],[22,74],[63,76],[146,-51],[42,-26],[34,-59],[27,-97],[30,-43],[-19,-89],[95,-58],[44,-63]],[[21256,61250],[17,-75],[75,-47],[21,-102],[53,-86],[-47,-11],[-54,-47],[64,-85],[7,-34],[68,-87],[65,-39],[63,71],[69,-3],[45,24],[39,-40],[12,-71],[44,-134],[-48,-164],[-90,-21],[0,-90],[-48,-95],[-77,-111],[-21,-145],[-42,-85],[-2,-97],[-70,-27],[-125,29],[-9,-21],[-107,11],[-56,23],[-76,-45],[4,-42],[-72,-40],[-37,-108],[-42,-66],[-50,10],[-27,-63],[-66,-32],[-52,-47],[-15,-56],[-89,26],[-19,42],[-57,8],[-74,45],[-61,5]],[[20369,59328],[-19,36],[-71,42],[-57,3],[-15,-45],[-55,-8],[-126,-69],[-90,14],[-101,-130],[-81,-18],[-63,5],[-64,39],[-28,67],[-86,51],[-196,0],[-56,-42],[-34,-75],[0,-106],[-17,-62],[7,-60]],[[19217,58970],[-162,39],[-26,119],[-98,58],[-5,-46],[-82,-85],[-107,29],[0,69],[-31,83],[11,75],[-45,82],[40,39],[114,67],[30,46],[-69,45],[104,100],[-1,51],[40,26],[51,-27],[102,22],[-30,116],[14,71],[47,-34],[78,-27],[69,26],[-33,180],[12,45],[53,53],[97,36],[95,-10],[67,10],[46,127],[1,80],[85,-17],[57,103],[-19,32],[28,99],[48,50],[32,71],[-58,32],[70,87],[68,47],[-81,17],[-5,65],[35,48],[-20,25],[-13,103],[-159,47],[-83,117],[-111,64],[-13,-41],[-90,-80],[-56,-6],[-105,-42],[-44,-43],[-73,-29],[-126,-74],[-51,-19],[-38,52],[5,40],[70,81],[31,94],[41,50],[93,29],[-7,107],[-15,46],[63,35],[40,44],[16,54],[6,117],[40,7],[33,53],[-25,91],[-29,39],[-60,-35],[-74,35],[56,67],[-13,44],[-60,104],[-3,105],[36,74],[-25,64],[93,43],[0,33]],[[19189,62564],[27,46],[107,127],[63,-90],[152,46],[33,-61],[105,-131],[44,-104],[54,-58],[-3,-58],[69,-5],[86,21],[29,120],[53,30]],[[15748,62463],[28,-73],[-37,-35],[7,-117],[252,-8],[45,-29],[54,37],[38,-2],[80,-49],[74,-3],[31,32],[53,5],[21,-32],[-6,-66],[-93,-13],[52,-44],[46,26],[29,-19],[-2,-67],[50,-82],[82,5],[10,53],[57,13],[-19,70],[49,4],[45,60],[50,-71],[-61,-74],[-26,-59],[-23,-104],[9,-51],[-40,-129],[38,-25],[106,3]],[[16747,61619],[6,-48],[49,-43],[-36,-29],[-70,24],[-66,-25],[-37,-86],[-27,-119],[-119,11],[-51,-44],[8,-42],[-26,-72],[-37,-53],[-85,-51],[-89,14],[13,-44],[-34,-25]],[[14927,61553],[-8,-39],[51,-102],[-6,-29]],[[14403,61412],[24,67],[41,-13],[67,-66],[105,100],[46,4],[34,74],[-90,-16],[-39,18],[-18,64],[47,51],[51,18],[12,63],[78,6],[-35,104],[58,73],[-80,19],[-31,87],[36,78],[48,13],[46,-28],[49,8],[45,61],[-27,90],[54,-4],[116,44],[1,46],[-45,35],[-12,49],[58,59],[9,72],[60,40],[46,-11],[36,-78],[124,16],[42,-94],[49,-7],[47,-44],[38,48],[55,25],[108,-60],[92,40]],[[4990,58985],[52,-33],[40,-74],[-61,-92],[-141,67],[-27,47],[20,33],[117,52]],[[3862,59039],[58,-6],[31,-34],[-26,-47],[-66,8],[-27,28],[30,51]],[[3289,59053],[-89,-51],[-25,-118],[-30,36],[12,73],[132,60]],[[3939,59240],[93,-4],[42,-56],[-56,-28],[-109,59],[30,29]],[[5998,59336],[46,-29],[33,-60],[0,-43],[-89,-23],[-71,2],[-5,41],[21,82],[65,30]],[[6311,59487],[55,-26],[8,-69],[-67,-52],[-76,-29],[-77,-4],[-24,58],[34,66],[91,23],[56,33]],[[8037,60856],[68,-15],[84,3]],[[8189,60844],[-38,-30],[-125,1],[-65,12],[-7,-38],[216,-13],[15,-46],[60,-12],[56,-54],[42,6],[86,-130],[64,-11],[79,-68],[54,-93],[-66,-44],[29,-65],[-9,-70],[-78,-36],[-36,-47],[30,-141],[68,-69],[-39,-45],[-71,-33],[13,-131],[-45,-59],[-96,-23],[-7,-56],[-76,-170],[-8,-46],[36,-71],[43,44],[32,-11],[68,-77],[-99,-32],[-26,38],[-90,-4],[-36,-64],[30,-63],[139,55],[37,-89],[-84,-5],[-71,-28],[31,-59],[-53,-17],[-71,28],[-23,61],[-41,-24],[14,-80],[-68,-2],[-58,44],[-11,-95],[-49,-42],[51,-38],[29,24],[121,9],[9,-47],[-55,-17],[-13,-59],[-43,-68],[37,-38],[75,-16],[43,-27],[31,-52],[-44,-42],[-61,-28],[-26,20],[-72,-18],[19,-57],[61,-39],[102,-192],[42,14],[44,-71],[98,31],[33,-108],[94,-58],[-95,-28],[2,-70],[-52,-22],[-28,-71],[31,-92],[54,-4],[-9,-52],[-93,-32],[-23,-55],[36,-24],[-44,-48],[2,-51],[70,-45],[-34,-59],[-78,-55],[-125,-31],[4,74],[61,6],[30,100],[-110,34],[-142,-15],[-3,-51],[-131,-32],[-143,65],[-93,20],[-61,-12],[-8,-116],[-96,-19],[-73,-59],[-64,-11],[-24,-99],[-46,-20],[-78,9],[-11,-61],[17,-82],[-7,-72],[-69,-55],[-59,4],[-15,109],[-24,49],[-77,16],[-17,-176],[-51,-64],[9,-45],[-59,-50],[-43,-15],[-22,-46],[62,-44],[-89,-16],[23,-73],[-110,-3],[-96,-31],[66,-69],[23,-57],[38,-25],[29,-69]],[[6615,56223],[-66,-116],[-54,-18],[-66,41],[-6,139],[-38,46],[4,164],[-67,26],[-51,-33],[-101,-22],[-44,-50],[-61,-5],[-119,-44],[-54,30],[7,-79],[-13,-73],[-12,-10],[-47,-7],[-43,41],[-59,12],[-24,85],[20,70],[-3,137],[-56,2],[-108,-11],[-95,41],[-17,-13],[-33,-36],[-4,-54],[-35,-42],[-25,9],[-37,47],[-28,40],[-39,0],[-39,-26],[-28,85],[-70,-8],[-13,-93],[-58,-19],[-10,17],[0,86],[-14,19],[6,106],[53,17],[20,4],[51,5],[35,-4],[37,87]],[[5211,56816],[16,47],[-6,75]],[[5221,56938],[37,3]],[[5258,56941],[15,-59],[18,9],[56,54]],[[5347,56945],[4,21]],[[5351,56966],[35,11],[9,80],[-18,68]],[[5377,57125],[-94,11],[-18,-71],[-112,-15],[19,-123],[-80,-15],[-16,15],[-40,70],[-34,14],[-92,1],[-54,-17],[-74,-66],[-28,-119],[-35,-5],[-69,37],[-60,-23],[6,-146],[-140,-16],[-44,84],[-87,18],[-68,-43],[25,-50],[-42,-32],[-7,-105],[-45,-15]],[[4188,56514],[-69,91],[-84,48],[-323,296],[-164,174],[-297,342],[-125,160],[-110,106],[-145,186],[-122,137],[-98,138],[14,46],[-40,79],[-31,114],[23,78],[43,8],[6,118],[43,94],[53,86],[81,96],[249,147],[-17,-93],[-27,-9],[-80,-78],[39,-79],[48,-54],[47,-13],[93,66],[50,-37],[85,10],[77,73],[71,0],[32,-118],[-75,-55],[-39,-116],[0,-70],[-25,-75],[36,-50],[124,-109],[59,-24],[52,6],[64,36],[117,25],[24,45],[55,2],[71,61],[21,98],[91,-32],[195,-20],[111,71],[44,-20],[74,30],[4,66],[37,42],[71,46],[-18,60],[24,118],[57,-62],[40,-22],[31,-141],[55,7],[54,-29],[31,-45],[61,2],[-4,65],[92,-40],[39,11],[33,131],[121,7],[-23,96],[34,48],[-39,65],[102,39],[34,46],[37,-63],[-4,-64],[23,-42],[54,14],[59,-75],[47,-35],[50,5],[55,85],[20,91],[43,16],[67,-34],[52,4],[66,66],[57,10],[6,75],[77,92],[30,-3],[9,63],[129,57],[156,22],[65,20],[65,-27],[249,2],[87,12],[42,43],[30,66],[32,23],[22,115],[71,48],[89,150],[-23,99],[10,44],[47,-6],[-2,74],[59,27],[102,91],[1,52],[130,222],[9,67],[50,86],[101,145],[88,38],[41,46],[49,118]],[[7792,60878],[63,-14],[48,-8],[25,3]],[[7928,60859],[58,27],[51,-30]],[[6866,55958],[9,-53],[-80,-39],[40,-94],[82,-1],[189,91],[39,0],[55,-85],[60,0],[24,-135],[-82,-42],[47,-149],[69,53],[53,23],[-9,75],[34,78],[92,9],[131,33],[15,64],[-12,83],[65,5],[18,37],[157,40],[45,44],[27,-82],[77,19],[39,-21],[51,63],[125,39],[24,-17],[14,-71],[-32,-26],[33,-66],[42,-27],[43,41],[113,-21],[85,44],[18,54],[105,-29],[39,-33],[40,-104],[91,16],[38,114],[129,12],[26,67],[57,14]],[[10614,52805],[0,-1],[-1,0],[-60,-34],[-79,-8],[-30,-53],[-142,-29],[-29,-19],[-12,-69],[-129,12],[-90,-16],[-19,-68],[-101,-24],[-57,28],[-127,4],[-24,21],[-68,-28],[-31,-34]],[[9370,52407],[-12,3],[-51,3],[0,65],[-67,99]],[[8811,53353],[-39,-87],[-6,-93]],[[8625,52634],[-19,-29],[-91,9],[-29,22],[-73,9],[-105,38],[-121,86],[-63,18],[-109,53],[-89,66],[-42,1],[-130,81],[-111,118],[-72,31],[-27,-7],[-72,57],[-214,149],[-84,64],[-64,77],[-44,21],[-294,265],[-28,40],[-95,86],[-24,7],[-136,142],[-108,135],[-105,109]],[[6276,54282],[37,61],[54,35]],[[6367,54378],[-1,43],[34,34]],[[6400,54455],[57,50],[-65,23],[-32,38],[-63,8]],[[6297,54574],[-10,145],[-17,16]],[[6270,54735],[-58,23],[-14,22]],[[6198,54780],[-36,76],[25,53]],[[6187,54909],[-17,43],[52,18],[34,59],[51,23],[-7,53],[122,27],[40,-28],[57,33],[14,42],[-29,67],[-70,14],[-75,-14],[-47,122],[-19,95],[75,48],[-61,101],[-37,-16],[-26,98],[65,32],[23,-84],[92,55],[92,7],[8,-36],[52,-4],[34,30],[-20,62],[-94,-3],[-26,104],[50,48],[25,-47],[122,40],[55,-5],[-4,76],[58,54],[39,-56],[51,-9]],[[9240,52572],[55,-125]],[[10787,66806],[-88,-7],[-20,-39]],[[10704,66664],[91,32],[61,4]],[[10850,65805],[15,-30],[-16,-68]],[[10863,64702],[12,-18],[-11,-16],[-45,-37],[-9,-11],[19,-44]],[[10829,64576],[-41,-15],[29,-63],[0,-13],[-28,-11],[-66,-10],[-25,-7],[-14,12],[-42,15],[-30,-42],[-71,51],[-45,-12],[-49,-33],[-37,17],[-127,-54],[-49,-8],[-103,-26],[-64,-113],[-36,-96],[-23,-20],[15,-61],[-7,-24],[-6,-23],[-26,-28],[-50,-21],[40,-73],[3,-102],[21,-40],[27,-27],[-16,-24],[-1,-27],[-17,-42],[28,-56],[4,-32],[-93,-51],[-15,-23]],[[9915,63494],[-12,-63],[14,-46]],[[9917,63385],[37,-52],[39,-13]],[[9993,63320],[12,-14],[37,-49],[55,1],[2,71],[55,-20],[114,48],[-7,41]],[[10261,63398],[-2,78],[17,19]],[[10276,63495],[30,45],[22,51],[60,51],[2,32],[-43,22],[-50,-7],[-4,32],[43,13],[51,1],[50,32],[44,-12],[29,-8],[50,-73],[-14,-31],[12,-41],[-12,-32],[3,-48],[7,-44],[105,-31],[69,-8],[104,-13],[137,31],[45,5],[75,-23],[15,-54],[39,-119],[98,90]],[[11243,63356],[14,-93],[-16,-18]],[[11241,63245],[-8,-49],[3,-54],[8,-13],[118,-18],[45,-27],[-69,-60],[-10,-220],[24,-27],[91,89]],[[11443,62866],[59,31],[48,69]],[[11550,62966],[33,0],[-1,-60],[-12,-22],[-22,-61],[12,-38],[67,24]],[[11627,62809],[-14,-40],[9,-16],[112,-1],[67,-39],[12,-12],[29,-58],[-5,-85],[-33,-94],[15,-115],[52,-7],[50,20],[25,-18],[59,-71],[10,-23],[-10,-54],[-29,-26],[52,-75],[53,11],[5,-38],[-26,-6],[-88,-99],[-10,-47],[-38,-53],[27,-93],[69,-78],[80,-29],[52,-14],[45,46],[60,-27],[7,-39],[-23,-61],[-74,11],[-110,43]],[[12057,61622],[-49,34],[-40,-18]],[[11968,61638],[-34,-27],[21,-44],[-7,-20],[-107,-29],[-34,13]],[[11807,61531],[-174,93],[-76,-26]],[[11557,61598],[-57,-11],[-91,-38],[-71,5],[-73,4],[-100,26],[-33,11],[-67,25],[-34,51],[-47,-15],[-15,-20],[-24,13],[-46,53],[-56,-59],[-13,41],[-42,-37],[-33,-18],[7,-49],[-26,23],[-127,-22],[-54,-27],[-26,32]],[[10529,61586],[-13,71],[-58,56]],[[10458,61713],[-121,-29]],[[10337,61684],[-7,60],[-36,11]],[[10294,61755],[-26,26],[-50,-22],[-36,-2],[-21,-5],[-115,-70],[-14,-28],[-86,-17]],[[9946,61637],[-78,15],[-77,-16],[-37,8],[-20,0],[-19,-44],[-25,1],[-37,-18],[4,38],[3,25],[-39,-25],[-5,-40],[23,-26],[-13,-23],[40,-13],[-29,-12],[-12,7],[-9,-21],[-18,13],[-49,-2],[35,72],[-37,18],[-135,-3],[0,-34],[-6,-34],[22,-41],[-17,1],[-23,11],[-12,-30],[-4,-13],[-25,2],[13,56],[-37,3],[-103,46],[-23,-6],[75,-35],[24,-42],[-53,-69],[-15,2],[-11,-3],[6,-45],[-26,-71],[-18,21],[3,43],[12,27],[-11,23],[22,72],[-51,26],[-11,42],[15,44],[-58,2],[-36,-34],[4,42],[-29,-1],[-36,24],[-27,-59],[-26,-46],[-17,16],[-66,-25],[-92,-51],[2,-9],[-17,-17],[-13,-7],[-42,-36],[1,-7],[-4,0],[-22,-16],[-127,-59],[-31,-21],[-15,-32],[-16,-10],[-63,-10],[-23,-8],[-71,-84],[-54,-16],[-27,-50],[-23,-63],[-17,-114],[-24,-52]],[[8037,60856],[-51,30],[-58,-27]],[[7792,60878],[68,88],[53,95],[69,189],[7,47],[-163,-38],[-59,-32],[-111,-115],[-13,-236],[-34,-70],[-133,-53],[-80,24],[-61,54],[-60,-22],[-67,41],[-56,62],[-78,16],[-14,-63],[-57,-32],[-113,-2],[-50,-32],[-144,82],[-27,-24],[93,-65],[-25,-61],[-90,-58],[-84,-1],[-94,-17],[-81,-30],[-25,20],[-119,-7],[-133,-26],[-58,-27],[-100,-73],[-35,-3],[-103,27],[-170,-77],[-65,-6],[-157,-115],[-28,-62],[8,-36],[-110,-159],[-14,-50],[-74,24],[-56,47],[-65,5],[-47,31],[-68,3],[-84,-29],[-101,40],[-54,58],[-101,17],[-49,-10],[-123,-53],[-95,25],[-73,57],[-126,71],[-107,31],[-39,-8],[-97,45],[-63,0],[-117,-31],[-151,44],[-90,10],[-167,104],[-77,35],[-62,55],[-223,148],[-197,99],[-149,92],[-135,98],[-73,33],[-252,170],[-94,47],[-78,21],[-169,149],[-212,138],[-56,109],[-34,10],[-143,132],[-2,41],[50,28],[2,-65],[47,18],[-27,59],[70,-1],[114,67],[-8,41],[-53,-21],[-32,111],[101,-1],[-87,78],[5,103],[-84,67],[-25,68],[-49,-21],[-36,59],[-48,-43],[-35,42],[26,45],[-20,71],[-85,11],[-11,92],[-82,55],[-23,48],[14,53],[-45,49],[23,42],[-30,97],[18,63],[-30,149],[24,40],[-14,107],[40,82],[57,19],[37,99],[63,32],[36,76],[134,55],[31,63],[92,39],[78,141],[110,90],[146,33],[27,32],[-20,64],[-199,25],[-19,-33],[-73,-56],[-63,-9],[-104,16],[-77,-69],[-35,-88],[-104,-155],[-33,9],[6,46],[-37,45],[4,40],[28,25],[-8,62],[96,87],[53,86],[20,64],[144,87],[21,49],[-41,72],[-70,19],[4,-68],[-31,7],[-69,-2],[1,25],[-8,9],[-45,9],[-24,38],[32,67],[701,-4],[5,142],[30,135],[7,241],[2,342],[7,169],[0,180],[30,38],[186,53],[48,-301],[26,-74],[106,-43],[68,7],[21,39],[35,135],[27,51],[88,67],[80,-147],[55,-42],[95,11],[248,147],[114,-22],[65,-35],[184,-65],[33,-2],[102,60],[134,47],[25,19],[122,29],[179,-39],[70,-1],[102,30],[70,-1],[241,-70],[93,15],[179,43],[72,28],[59,-66],[220,-208],[96,-60],[55,-52],[349,-29],[301,-12],[230,3],[157,16],[86,54],[99,120],[38,74],[75,186],[140,59],[300,63],[207,85],[100,28],[155,23],[309,126],[82,14],[167,72],[150,39],[127,-71],[-67,-161],[-69,-53],[31,-107],[-26,-67],[49,-48],[-53,-77],[6,-47],[67,-45],[70,-3],[144,-54],[244,-16],[277,7],[109,44],[57,48],[140,37],[-34,89],[3,37],[138,99],[121,110],[50,7],[84,46],[50,-51],[119,2],[71,36],[71,92],[117,35],[42,86],[-53,65],[-89,18],[-61,-8],[-163,-1],[-72,33],[-1,92],[24,132],[3,79],[-59,69],[18,95],[-16,68],[6,55],[69,117],[89,31],[135,85],[76,73]],[[10115,67327],[43,-46],[181,-74]],[[10339,67207],[124,-35]],[[10463,67172],[118,-48],[67,-23],[128,-49]],[[7834,61210],[-38,-118],[-45,-79],[-49,-4],[9,68],[123,133]],[[1285,62193],[22,-44],[147,-14],[27,-92],[-31,-21],[-116,-27],[-12,-41],[-99,61],[2,70],[58,-40],[23,15],[-38,72],[17,61]],[[1104,62300],[75,-20],[28,-77],[-84,8],[-22,32],[3,57]],[[1392,62420],[37,-60],[58,-42],[-1,-53],[-76,22],[-82,131],[64,2]],[[1107,62729],[42,-28],[6,-46],[-57,-22],[9,96]],[[989,62819],[48,-27],[27,-60],[-14,-48],[-17,-150],[-65,5],[-25,101],[8,78],[-93,-46],[31,95],[100,52]],[[1011,63100],[-15,-64],[-62,14],[77,50]],[[1021,63256],[12,-81],[-67,-89],[-84,-63],[-42,-8],[16,82],[57,40],[59,99],[49,20]],[[932,63361],[29,-7],[6,-78],[-88,5],[-22,46],[75,34]],[[1030,63373],[23,-75],[-44,-7],[-30,40],[51,42]],[[593,64038],[64,-50],[72,-26],[98,42],[-5,-71],[-31,-89],[10,-93],[-19,-68],[-78,-209],[-70,-79],[-40,-23],[-42,-111],[-56,-34],[-83,-10],[-41,-29],[-49,14],[-22,42],[42,43],[-58,29],[-19,-39],[-65,6],[-8,-39],[-80,-9],[-17,37],[-68,10],[-28,27],[3,66],[66,50],[215,30],[41,75],[108,122],[8,45],[69,41],[15,29],[-14,97],[49,89],[2,53],[31,32]],[[418,64108],[16,-8],[32,-69],[-22,-52],[0,-93],[30,-114],[-84,-22],[-49,-54],[-63,-34],[-35,41],[27,41],[12,93],[-15,31],[47,139],[68,26],[-11,59],[47,16]],[[1071,64135],[41,-19],[51,-83],[-37,-56],[11,-36],[23,-15],[-18,-75],[-102,-68],[-80,24],[-95,-1],[67,116],[-30,119],[34,43],[135,51]],[[722,64313],[73,-28],[76,-137],[-48,-91],[-86,-77],[-74,22],[-32,53],[-55,4],[-38,97],[108,87],[10,50],[66,20]],[[211,64321],[9,-69],[-60,-74],[-61,20],[3,75],[109,48]],[[907,64539],[24,-16],[-26,-155],[12,-42],[-34,-41],[-52,-21],[-35,27],[-74,27],[-60,-13],[-19,-28],[-2,-34],[-58,1],[2,61],[-20,57],[19,44],[105,12],[117,55],[25,47],[76,19]],[[1206,64567],[24,-46],[51,-7],[7,-12],[-2,-20],[10,-2],[92,-5],[-77,-76],[-4,-28],[-88,-95],[-23,29],[-41,-73],[-105,40],[-13,89],[93,46],[59,52],[17,108]],[[1021,64743],[68,-76],[-21,-49],[24,-51],[51,-14],[4,-67],[-56,-66],[-58,-29],[-44,-136],[-100,-54],[-44,18],[78,107],[7,177],[17,17],[-45,23],[-68,-6],[68,161],[54,42],[65,3]],[[841,64753],[23,-29],[-16,-106],[-46,-96],[-56,-50],[-136,-26],[-45,-20],[-28,-69],[21,-53],[-4,-61],[-38,-78],[5,-73],[-63,-42],[-17,59],[-29,4],[-42,-16],[5,-62],[-74,-26],[-42,-140],[12,-54],[-35,-127],[40,-61],[-38,-60],[-61,5],[-107,97],[-52,91],[46,90],[70,29],[-58,181],[23,95],[65,-1],[23,51],[45,35],[14,81],[59,68],[28,82],[47,2],[101,-25],[56,39],[18,144],[42,54],[51,26],[45,-73],[43,11],[69,86],[36,18]],[[18511,62091],[-7,-65],[41,-70],[60,82],[65,8],[16,-91],[-45,-46],[-40,-1],[-27,-45],[82,-121],[-81,-3],[-79,-86],[5,-43],[-60,-42],[-25,23],[-132,0],[-80,-32],[-23,44],[-101,-40],[-61,-46],[-28,-93],[74,-25],[57,18],[39,-27],[-26,-71],[7,-130],[-14,-62],[73,-5],[3,-102],[52,-121],[-10,-24],[-101,-97],[-114,-85],[-50,-53],[-12,-51],[44,-52],[21,-78],[-47,-73],[-3,-46],[-34,-47],[0,-45],[-40,-22]],[[17910,60226],[-106,-34],[-136,-6],[-60,-30],[-15,-32],[-20,-176],[53,-153],[-21,-66],[-112,-88]],[[15270,59132],[-43,28],[-5,55]],[[15018,59556],[-21,45]],[[15048,60216],[4,35],[53,25]],[[15443,60588],[46,38],[30,-10]],[[15914,60671],[62,-4],[29,41]],[[16747,61619],[25,40],[52,-33],[35,13],[73,-18],[37,30],[63,17],[74,45],[27,57],[36,17],[69,-60],[5,-114],[52,-64],[65,28],[47,-18],[-1,-67],[25,-63],[41,-16],[53,-72],[20,-57],[96,-46],[30,12],[47,73],[114,4],[10,66],[38,-4],[-8,112],[27,24],[87,12],[-12,52],[21,77],[-92,37],[-21,69],[44,36],[93,38],[-28,62],[66,56],[202,116],[80,14],[-1,-58],[173,55]],[[16224,64830],[-36,-27],[-8,-113],[-36,-55],[-67,-36],[-23,-38],[38,-47],[-15,-35],[-54,-21],[-22,-36],[6,-106],[-48,-174],[6,-57],[51,-40],[14,-55],[-47,-115],[9,-84],[73,-156],[35,-46],[17,-61],[-14,-56],[-41,-79],[65,-75],[15,-42],[-115,-75],[-7,-54],[21,-47],[65,-57],[-39,-161],[-68,-9],[56,-63],[10,-65],[-39,-93],[-36,-50],[23,-51],[-25,-25],[-77,36],[-41,-25],[-102,-30],[-20,-44]],[[13239,62897],[-59,27],[-7,49],[-38,28]],[[13135,63001],[-40,169],[139,37],[87,86],[75,21],[49,-45],[53,-111],[72,-8],[71,78],[68,12],[15,37],[0,180],[23,65],[68,49],[49,-25],[7,-85],[34,-123],[0,-45],[68,-12],[38,28],[26,58],[143,28],[97,-3],[27,130],[83,22],[27,53],[-63,74],[80,98],[134,-9],[67,43],[77,-40],[14,26],[-10,78],[21,39],[72,19],[41,-41],[93,8],[79,84],[-17,50],[20,75],[33,53],[3,48],[-91,19],[-67,0],[-17,105],[-22,39],[27,139]],[[19962,56772],[-95,-52],[-77,-8],[-69,-59],[-132,-1],[-108,-57],[11,-49],[48,6],[54,-149],[-41,-35],[52,-78],[87,-76],[65,-42],[22,-39],[6,-124],[-43,-83],[-54,-24],[-34,12],[-52,-33],[-57,25],[-100,-19],[-43,-36],[67,-86],[61,-15],[32,-168],[56,-160],[37,-57],[171,66],[2,26],[94,1],[6,-39],[121,52],[46,-6]],[[20095,55465],[-19,-147],[32,-21],[-50,-60],[-89,-5],[-94,-45],[-79,20],[-37,-8],[-151,-101],[-22,-48],[-57,-41],[-31,25],[-93,18],[-126,-7],[-106,-20],[-65,-25],[0,104],[-22,88],[-47,90],[-75,19],[-134,-27],[-70,45],[-116,-41],[-81,13],[-204,66],[40,71],[-68,-16],[-70,56]],[[17738,56846],[91,-57],[75,1],[18,29],[-3,125],[49,46],[32,-6],[92,-58],[51,-8],[55,21],[43,80],[-10,91],[30,62],[67,4],[126,-54],[99,52],[39,6],[81,-79],[73,-49],[4,-75],[43,-101],[57,43],[110,-7],[103,31],[19,81],[-11,40],[-66,11],[-44,56],[73,0],[165,57],[40,-5],[58,-66],[69,11],[46,-18],[-19,-52],[50,-57],[50,-11],[90,52],[85,34],[19,-77],[30,-32],[68,12],[62,-63],[24,-60],[53,-10],[38,-74]],[[18430,52822],[-11,-33]],[[18419,52789],[-13,-26],[-13,-76],[16,-84],[-12,-20],[-50,-26],[-29,-27],[2,-72]],[[18320,52458],[-58,-28],[-39,-50],[32,-28],[-45,-58],[-13,-50],[-72,-16],[-53,-31],[42,-98]],[[18114,52099],[-79,-47],[-57,14],[-52,-40],[-69,-21],[-54,5],[-27,-40],[-43,11],[-63,-39],[-64,-11],[-49,46],[-69,11],[-36,26],[-51,-48],[-61,6],[-95,51],[-48,-20],[-108,15],[-29,-27],[-95,9],[-5,74],[-22,40],[29,80],[-63,38],[-29,-5],[-68,56],[50,29],[11,72],[-35,2],[-79,74],[-46,19],[-93,56],[-17,0],[-16,-68],[-29,-20],[-84,57],[-121,5]],[[16348,52509],[-33,10],[-78,-14]],[[16237,52505],[-60,119],[-39,14],[-38,46],[15,63],[-46,59],[-20,79],[-97,229],[-21,96],[5,77],[-55,-31],[-60,33],[-65,193],[-40,157],[0,52],[64,-3]],[[15780,53688],[15,-65],[49,-22],[88,22],[53,38],[57,-38],[122,-17],[73,37],[32,59],[63,21],[55,-58],[65,-2],[84,81],[149,-3],[54,13],[29,-32],[-17,-153],[35,2],[46,-61],[22,13],[101,-128],[46,-17],[30,-114],[22,-26],[91,-34],[-4,-88],[55,17],[80,-3],[71,-62],[44,-90],[178,-44],[-1,-94],[29,-22],[75,-9],[81,7],[14,53],[-7,105],[23,85],[47,-44],[67,-29],[36,-61],[103,-80],[36,14],[130,-48],[75,-10],[71,17],[45,-11],[38,15]],[[19217,58970],[45,-61],[-32,-94],[18,-88],[52,-18],[62,5],[-42,-79],[-17,-75],[-85,-39],[-16,-84],[24,-33],[-29,-60],[-38,52],[-41,-19],[-4,-42],[-127,-2],[-51,52],[-45,6],[-8,40],[56,4],[35,85],[126,7],[32,78],[-73,54],[-136,48],[-87,-95],[41,-137],[-122,-1],[-102,16],[-54,55],[-130,19],[-93,-3],[-67,44],[22,75],[-41,2],[-71,73],[23,48],[-84,61],[-5,71],[34,41],[-25,132],[-57,53],[42,103],[3,54],[-162,21],[32,82],[-12,23],[24,155],[-72,8],[22,80],[60,-20],[92,70],[-39,95],[-41,-2],[-27,118],[5,87],[89,64],[52,11],[-19,91],[-55,27],[10,61],[-78,3],[-18,-84],[-3,-104],[-62,41],[-10,58],[-28,23]],[[18511,62091],[58,88],[43,32],[39,112],[53,51],[50,81],[62,30],[66,126],[-26,35],[9,68]],[[18865,62714],[71,-45],[54,43],[87,26],[36,-12],[45,-138],[31,-24]],[[13135,63001],[-86,-43],[-9,-49],[-42,-27],[-66,-7],[-163,-87],[-29,-43],[-21,-94],[-47,-63],[-128,-81],[-103,16],[-28,50],[15,75],[47,74],[-37,48],[-130,20],[-9,72],[-72,-27],[-230,29],[-102,29],[-72,-2],[-34,-27],[-51,8],[-111,-63]],[[11550,62966],[-48,-69],[-59,-31]],[[11241,63245],[16,18],[-14,93]],[[10276,63495],[-17,-19],[2,-78]],[[9993,63320],[-39,13],[-37,52]],[[9917,63385],[-14,46],[12,63]],[[10829,64576],[-19,44],[9,11],[45,37],[11,16]],[[5347,56945],[-56,-54],[-18,-9],[-3,19],[-12,40]],[[5221,56938],[6,-75],[-16,-47]],[[6615,56223],[28,6],[21,-116],[103,9],[87,-90],[12,-74]],[[6187,54909],[-25,-53],[36,-76]],[[6270,54735],[17,-16],[10,-145]],[[6400,54455],[-34,-34],[1,-43]],[[6276,54282],[-207,255],[-56,62],[-146,186],[-384,472],[-198,231],[57,54],[-12,47],[72,26],[2,40],[59,22],[-3,63],[-44,56],[-24,96],[-24,28],[-42,-42],[-94,45],[-21,-55],[72,-74],[-61,-63],[-9,78],[-80,45],[30,-84],[73,-53],[20,0],[71,-74],[-23,-34],[-9,-76],[-33,-7],[-114,100],[-247,271],[-62,2],[-182,165],[-211,222],[-126,93],[-132,135]],[[5377,57125],[18,-68],[-9,-80],[-35,-11]],[[9946,61637],[-2,-47],[28,-128],[-19,-37],[44,-25],[14,-49],[-80,-44],[-13,44],[-71,41],[-55,-9],[-73,-191],[-67,-110],[-46,15],[29,-97],[38,3],[45,-91],[61,-39],[-7,-134],[22,-97],[51,-36],[11,-87],[-46,-56],[-89,-44],[-15,-50],[46,-156],[55,0],[86,30],[50,-29],[-1,-76],[33,-19],[78,20],[168,-59],[19,-51],[71,-112],[60,-46],[-17,-73],[-60,-71],[-57,-36],[4,-71],[-65,22],[-56,-145],[21,-87],[-20,-55],[-64,-24],[-6,-113],[95,-52],[45,125],[70,-14],[36,-68],[63,-86],[-1,-71],[-110,-14],[-15,-78],[-45,-24],[30,-60],[-72,-9],[-15,-104],[-70,-5],[-15,64],[-55,54],[-111,9],[-139,-84],[33,-51],[62,30],[98,-90],[-71,-29],[-24,-93],[35,-91],[71,-37],[65,-60],[-4,-98],[57,-40],[14,-38],[93,-1],[-10,-30],[28,-75],[94,-139],[62,-35],[-9,-58],[-101,-52],[-45,-74],[37,-38],[54,7],[23,31],[100,46],[4,49],[41,59],[77,46],[55,-71],[58,6],[76,-27],[83,10],[26,66],[-50,110],[-131,44],[-90,-6],[-31,81],[58,29],[19,100],[137,-11],[72,-79],[49,107],[52,-14],[69,-67],[97,57],[61,4],[-6,-95],[11,-103],[110,37],[43,107]],[[17957,64073],[-33,-85],[52,-94],[48,10],[35,55],[71,-18],[41,-64],[64,-36],[14,-48],[63,-53],[22,-63],[78,-9],[29,-36],[2,-88],[-13,-59],[16,-48],[-36,-36],[42,-70],[46,-23],[91,78],[62,83],[131,3],[36,-11],[80,-76],[64,-31],[-37,-57],[-1,-122],[-39,-48],[-5,-118],[74,-64],[0,-37],[-50,-28],[-11,-89],[-28,-77]],[[16553,66089],[91,48],[-14,42],[-81,64],[92,108],[-34,113],[111,118]],[[16718,66582],[31,-65],[101,1],[22,27],[128,83],[15,-83],[30,-59],[-4,-137],[-33,-12],[-40,-85],[46,-34],[45,5],[56,-68],[120,-60],[62,-8],[107,93],[71,-40],[-52,-54],[-19,-61],[-83,3],[-8,-97],[-39,-30],[-77,36],[-22,-11],[-20,-104],[-80,-66],[-52,-93],[36,-25],[-68,-38],[-31,-135],[117,-121],[24,-47],[82,-67],[85,-42],[98,-11],[83,-38],[-81,-199],[79,-48],[21,-32],[80,-48],[79,63],[55,-2],[54,90],[69,42],[27,75],[-9,81],[11,42],[120,-10],[0,-92],[93,-58],[60,-81],[-16,-132],[5,-66],[37,-89],[-4,-192],[-83,-25],[-34,-42],[-92,-192],[33,-60],[4,-91]],[[19643,53494],[76,-42],[95,-12],[26,-50],[-43,-31],[-23,-57],[5,-51]],[[19779,53251],[-49,-18]],[[19730,53233],[-18,56],[-44,19]],[[19668,53308],[-131,24],[-18,-15],[-65,30],[-12,77],[-16,32],[-95,36],[-34,28],[-15,1],[-30,-13],[-22,12],[-58,13],[-93,-10],[-47,-15],[-36,20],[-12,-1],[-37,-54],[-27,-68],[-32,16],[-54,62],[-13,-49],[-92,-46],[26,107],[-82,53],[-46,-1],[-33,-39],[-11,-105]],[[18583,53403],[-26,-36],[-17,-102]],[[18540,53265],[-68,-7],[-31,-43]],[[18441,53215],[-32,-39],[-1,-90],[17,-59],[2,-46],[13,-48],[-4,-52],[1,-16]],[[18437,52865],[-7,-43]],[[15780,53688],[34,48],[-71,30],[-88,13],[-21,103],[23,99],[32,50],[-120,67],[-56,-19],[-18,-55],[-3,-191],[-26,-41],[-65,12],[-23,37],[-9,92],[6,89],[-15,18],[0,242],[-8,58],[-75,102],[6,71],[-29,33],[-5,76],[15,53],[100,126],[3,111],[81,100],[64,96],[55,27],[18,39]],[[20095,55465],[-14,74],[75,-5],[70,45],[75,-12],[73,37],[71,-11],[164,1],[61,-20],[29,30],[84,1],[13,-40],[59,-72],[66,29],[42,47],[61,-52],[55,1],[12,34],[57,50],[70,23],[11,-76],[71,-17],[-27,-167],[-49,-23],[-20,-36],[-123,-17],[-31,-37],[-66,-3],[-19,51],[-55,-11],[-1,-62],[-75,3],[-53,27],[-57,-13],[-30,-38],[-69,34],[-62,-9],[-7,-39],[-141,28],[-38,90],[-41,-95],[-19,-111],[-146,-48],[-97,-61],[-68,-16],[-23,-70],[6,-112],[-18,-52],[-12,-124],[-51,-46],[-144,-86],[-117,28],[-91,-9],[15,-95],[-56,-77],[4,-99],[50,-1],[-46,-87],[-91,37],[-23,-49],[-35,-16],[-131,10],[22,-59],[-40,-50],[-49,4],[-32,42],[-110,6],[-34,-26],[-122,-47],[4,77],[-62,18],[-44,77],[-65,-39],[2,-52],[79,1],[42,-62],[17,-67],[101,4],[8,-48],[65,3],[50,-31],[54,43],[93,-34],[29,-81],[-6,-99],[18,-58],[64,0],[65,-76],[80,11],[30,-100],[105,-8],[36,14]],[[15553,54088],[92,-36],[6,-47],[-28,-56],[6,-40],[-43,-65],[-36,54],[-38,163],[41,27]],[[13497,59787],[-57,69],[-93,-48]],[[13762,59209],[-22,-26],[24,-57]],[[10294,61755],[36,-11],[7,-60]],[[10458,61713],[58,-56],[13,-71]],[[11557,61598],[76,26],[174,-93]],[[11968,61638],[40,18],[49,-34]],[[19779,53251],[55,-56],[42,-57],[23,-63],[1,-35],[1,-45],[7,-74],[40,-18]],[[19948,52903],[8,-57],[-25,-61],[-8,-72],[1,-108],[32,-32],[3,-21],[-46,-46]],[[19913,52506],[-49,-41],[-42,6]],[[19822,52471],[-69,22],[-40,-37]],[[19713,52456],[-13,-51]],[[19700,52405],[-35,-50],[-72,29]],[[19593,52384],[-49,-21]],[[19544,52363],[-21,-10],[10,-76]],[[19533,52277],[56,6],[7,-93]],[[19596,52190],[10,-101],[-44,-35],[-29,-1],[-68,-47],[-65,3],[-25,-39]],[[19375,51970],[-55,-32],[-55,-60],[-36,25]],[[19229,51903],[-46,7],[-51,-5],[-30,15],[-68,-41],[-37,-20],[-31,13],[-51,44],[-13,-1],[-23,8],[-25,124]],[[18854,52047],[-25,49],[-52,41]],[[18777,52137],[-56,33],[-58,22],[-39,-13],[-86,99],[-45,-25],[-45,-16],[-39,-38],[-26,48],[-14,15],[-7,23]],[[18362,52285],[34,39],[-13,31]],[[18383,52355],[-32,55],[-31,48]],[[18419,52789],[11,33],[7,43]],[[18441,53215],[31,43],[68,7]],[[18540,53265],[17,102],[26,36]],[[19668,53308],[44,-19],[18,-56]],[[20369,59328],[-77,-33],[-3,-95],[-31,-32],[8,-63],[61,37],[14,34],[92,-7],[15,-74],[-32,-11],[-8,-76],[77,13],[20,-26],[-18,-64],[15,-44],[62,-48],[61,124],[54,11],[-1,-63],[106,16],[-13,76],[28,51],[47,-43],[1,-110],[113,8],[93,-55],[34,-119],[-55,26],[-7,-53],[-55,-34],[-32,11],[-14,-80],[-36,-2],[-63,-56],[-25,-79],[-197,39],[-18,76],[-42,19],[-17,52],[-58,-34],[-81,-8],[14,-71],[-27,-40],[-6,-95],[-25,-74],[66,-66],[8,-68],[-17,-106],[132,-10],[31,-24],[-2,-95],[15,-79],[30,-18],[-30,-111],[17,-29],[4,-105],[77,34],[53,-16],[37,-55],[-46,-16],[-16,-82],[-87,-26],[11,-48],[-55,-18],[-29,-43],[-54,-24],[-3,-62],[186,-57],[-37,-62],[10,-60]],[[20644,57086],[-28,-2],[-136,-59],[-181,-56],[-81,-63],[-150,-70],[-106,-64]],[[16236,58099],[88,31],[44,50],[26,80]],[[16237,52505],[78,14],[33,-10]],[[18114,52099],[41,-6],[44,-111],[50,-2],[90,-41],[17,-73],[-14,-78],[66,-12],[-99,-98],[13,-72],[-93,-106],[-91,-197],[-87,-56],[-22,-34],[1,-65],[56,41],[24,-9],[37,-164],[0,-64],[40,-145],[-43,-20],[-14,-74],[7,-95],[27,-73],[-12,-41],[-100,-21],[-9,50],[-67,-53],[-137,34],[-88,12],[-59,-51],[-12,-73],[11,-77],[-88,-55],[-31,-55]],[[17572,50215],[-79,20],[-70,-29]],[[17423,50206],[-19,6]],[[17297,50531],[-38,-34],[-53,10]],[[16935,50349],[-4,121],[-14,19]],[[16904,50491],[-8,19],[44,100]],[[17066,50664],[39,47],[42,15]],[[16802,50839],[-37,13],[-23,87]],[[16742,50939],[7,-92],[-109,-3]],[[16571,50545],[-146,41],[-152,12],[-44,-15],[1,-54],[-75,-1],[-24,-67],[-34,-24],[-17,-102],[-92,-30],[-1,-88],[-50,19],[-89,5],[-84,19]],[[15764,50260],[31,237],[-4,119],[-15,50],[31,41],[20,137],[65,44],[4,112],[46,61],[64,10],[49,70]],[[16055,51141],[34,-9],[39,115]],[[16129,51261],[8,15],[20,4],[34,-18],[32,-45]],[[16140,51305],[-24,14],[-1,77]],[[16158,51456],[38,28],[-1,60],[36,59],[40,15],[13,62],[-6,135],[41,89],[0,48],[-33,142],[-5,63],[-42,45],[-69,253],[30,53],[37,-3]],[[30960,89455],[-43,-20],[38,-71],[53,-37],[111,-21],[54,-26],[50,-73],[10,-98],[84,31],[86,-16],[41,-67],[164,-49]],[[31608,89008],[-35,-64],[-55,-16],[-17,-24],[-50,-53],[11,-35],[6,-40],[-40,-63],[-99,-69]],[[31329,88644],[-17,28],[-46,-21],[-32,-10]],[[31234,88641],[-62,-85],[-50,-19],[11,-23]],[[31133,88514],[-6,-43],[-51,-33]],[[31076,88438],[-26,-16]],[[31050,88422],[-76,-44],[-16,-46]],[[30958,88332],[3,-99],[59,7]],[[31020,88240],[39,-33],[-2,-29],[-10,-20],[-23,-25],[-38,12]],[[30986,88145],[-50,39],[-64,-20],[-22,1],[-68,-35],[-33,-67],[29,-18],[58,-20],[28,-19],[9,-25]],[[30873,87981],[-58,-82],[-56,46],[-45,-164],[-81,33],[-53,61],[-92,64],[-63,10],[-70,-50],[-61,48],[-2,37],[59,57],[-149,28],[-51,-40],[-60,50],[7,29],[-81,68],[6,60],[-118,19],[-34,-82],[-49,-57],[-76,-14],[-84,-58],[-41,6],[-220,-37],[-31,-59],[-106,-77],[-23,10]],[[29241,87887],[-17,57],[57,56],[-1,78],[-120,35],[27,39],[-75,107],[-50,6],[-98,-80],[-6,91],[121,42],[116,20],[128,91],[39,1],[29,73],[93,22],[91,73],[50,57],[-71,66],[-45,14],[-17,48],[92,43],[-5,58],[82,23],[54,-6],[56,-38],[97,-12],[83,83],[51,-71],[61,-23],[5,-53],[49,-44],[-14,-74],[74,-3],[102,98],[-5,49],[-57,6],[-26,94],[-41,32],[18,71],[-5,127],[65,16],[26,116]],[[30254,89275],[104,41],[58,125],[91,99],[20,35],[48,40],[24,34],[11,46],[37,-48],[41,-47],[80,-96],[30,-29],[58,31],[81,-22],[23,-29]],[[27840,83516],[-44,-48],[-5,-57],[35,-41],[71,-33],[-32,-105],[111,-33],[46,19],[51,-11],[-28,-108],[19,-46],[-24,-46],[30,-82],[-15,-77],[77,18],[61,-4],[76,-42],[34,-44],[67,-38],[10,-37],[60,-68],[-18,-69],[-45,-39],[-24,-52],[11,-36],[76,-68]],[[28440,82369],[1,-56],[101,-6],[51,-18],[-16,-69],[46,-54],[22,-59],[-54,-46],[-38,13],[-42,-168],[-62,-14],[-8,150],[-182,65],[-17,-105],[-33,-30],[31,-41],[-54,-229],[-18,-37],[-88,20],[-49,-55],[29,-97],[-17,-90]],[[28043,81443],[-61,17],[-60,-9],[-29,23],[-14,66],[-79,24],[-19,-67],[-98,-66],[-50,4],[-4,54],[-55,58],[-34,-51],[-98,6],[-31,-82],[-34,-13],[-67,-117],[-77,6],[-120,-21],[5,50],[-32,32],[9,75],[-58,30],[-95,-7],[-230,-34],[-21,-45],[15,-67],[-23,-37]],[[26683,81272],[-59,-11],[-129,26],[-23,42],[-89,20],[-52,-37],[-60,12],[-17,49],[68,70],[-24,69],[-149,56],[5,55],[-161,45],[-91,81]],[[25902,81749],[6,47],[-100,53],[-26,-5],[-35,160],[-34,65],[-84,1],[-28,39],[-74,-8],[-23,107],[-32,22],[-30,315],[-52,148],[-61,58],[19,34],[33,150],[-54,74],[-34,13],[1,145],[-74,105],[7,44]],[[25227,83316],[99,13],[19,75],[47,52]],[[25392,83456],[69,-6],[83,49],[111,35],[39,-18],[86,-91],[-9,-29],[67,-60],[90,-101],[88,-27],[147,0],[70,-18],[29,68],[68,30],[67,-40],[55,-12],[69,55],[23,129],[44,13],[76,74],[16,86],[60,52],[76,-15],[68,-65],[82,-21],[15,61],[-54,158],[36,93],[29,15],[41,-51],[64,-34],[120,7],[6,-85],[55,-46],[133,107],[127,-45],[23,37],[57,-8],[100,24],[43,-39],[30,-118],[-35,-53],[84,-51]],[[32160,80108],[44,-87],[-18,-43],[100,-101],[19,-45],[80,-64],[-88,-75],[18,-30],[73,1],[1,-61],[-59,-66]],[[32330,79537],[-28,21],[-65,-21],[-26,45],[-56,-41],[20,-78],[-16,-65],[-96,-61],[-69,60],[-39,2],[-33,-49],[38,-86],[-134,17],[-73,-27],[-46,12],[-35,-29]],[[31672,79237],[-48,39],[-9,68],[-86,60],[-32,-72],[-101,21],[-87,65],[-39,67],[-95,106],[-43,-23],[-73,31],[-51,77],[-89,-10],[-161,95],[33,52],[63,20],[6,55],[31,26],[8,73],[-51,67],[108,32],[46,185],[-42,34],[56,94],[46,23],[11,79],[95,-9],[13,48],[-63,23],[6,43],[69,56],[-13,51],[61,78],[87,32],[0,37],[-49,42],[-112,6],[-135,95],[-14,65],[7,196],[80,63]],[[31671,81702],[30,3]],[[31701,81705],[79,-42],[13,-46],[41,-36],[76,-18],[-1,-47],[97,-16],[36,-86],[133,-68],[-17,-72],[57,-55],[28,-80],[-96,-64],[102,-129],[-11,-99],[-71,2],[-17,-43],[156,-58],[92,1],[-11,-53],[-70,-40],[27,-85],[-14,-20],[-75,42],[-29,-4],[10,-101],[47,39],[112,-17],[15,-35],[-37,-42],[-113,-28],[-13,-64],[14,-87],[-27,-38],[-64,-33],[-10,-75]],[[26854,86304],[-36,-123],[-4,-52],[48,-63],[-22,-74],[36,-96],[-19,-93],[41,-47],[-6,-70]],[[26892,85686],[-92,54],[-73,-103],[-61,7],[-5,-67],[-74,12],[-54,43],[-11,-68],[-49,-65],[-33,-14],[-50,32],[-110,14],[-89,-98],[-11,-59],[-93,-7],[-18,-21],[34,-96],[-54,-30],[-42,-59],[-68,2],[-179,-26],[-56,-64],[4,-107],[-56,-20],[-9,-101],[-54,7],[-8,76],[-69,-26],[-102,18],[-73,151],[-98,-45],[-3,54],[-87,-16],[-18,29],[-118,19],[21,-112],[-125,-20],[-19,-86],[80,-91],[-22,-43],[-172,-53],[-100,5],[-48,50],[-143,-104],[76,-82]],[[24561,84576],[-17,-72],[-78,8],[-49,-17]],[[24417,84495],[-40,63],[20,129],[-42,89],[49,43],[72,16],[18,49],[-88,94],[-67,22],[6,53],[63,79],[123,15],[41,18],[40,51],[-55,80],[-15,64],[18,57],[-40,50],[38,39],[49,6],[2,147]],[[24609,85659],[43,65]],[[24652,85724],[5,35],[-84,55]],[[24573,85814],[26,62]],[[24599,85876],[69,49],[14,60]],[[24682,85985],[21,83],[43,6],[58,-51],[-3,47],[-42,63],[25,27],[60,39],[70,21],[12,59],[30,44],[22,84],[45,54],[85,18]],[[25108,86479],[32,22],[-2,30],[-27,18],[30,34],[215,-127]],[[25356,86456],[19,-53],[64,48]],[[25439,86451],[91,-26],[23,-81],[103,18],[71,-10],[32,27]],[[25759,86379],[10,74],[141,-2]],[[25910,86451],[42,-59],[67,-7]],[[26019,86385],[29,201],[14,13]],[[26062,86599],[55,-2]],[[26117,86597],[24,-1],[54,3],[80,50],[85,-69],[83,31],[82,-148],[38,-24],[32,-65],[53,-19],[63,31],[58,-63],[85,-19]],[[30889,81608],[-6,-25],[38,-99]],[[31672,79237],[-57,-82],[-83,-4],[6,-35],[-51,-49]],[[31487,79067],[-46,35],[-34,-69],[-63,-44],[-43,44],[-53,13],[-62,-10],[-47,-42],[-46,13],[64,67],[-29,29],[-78,-14],[13,-38],[-22,-59],[-87,6],[-72,-11],[-100,91],[-56,7],[-62,32],[-50,-82],[-3,-41],[94,-98],[71,-9],[25,-80],[-85,-36],[-74,77],[-130,-24],[-53,-134],[-30,-185]],[[30429,78505],[-126,68],[-36,-54],[-49,-15],[-62,87],[10,37],[69,41],[-41,59],[-49,12],[-15,42],[22,42],[18,166],[38,81],[-22,50],[26,56],[65,-7],[11,79],[-17,81],[4,67],[42,5],[2,87],[-68,22],[1,105],[19,96],[-22,72],[28,56],[18,111],[51,110],[53,273],[-70,18],[-200,161],[55,49],[-45,22],[-71,4],[-41,51]],[[30027,80639],[-28,54],[-81,37],[-118,6],[-52,-76],[-44,57],[-130,55],[-36,26],[-139,1],[-18,44],[32,152],[-85,10],[6,119],[-11,36],[23,82],[-26,56],[-48,52]],[[29272,81350],[97,76],[21,82],[105,24],[-2,124],[75,-31],[45,-67],[56,-8],[41,47],[78,-30],[64,33],[33,92],[22,11],[177,-16],[29,18]],[[30300,81731],[39,-9],[83,53],[28,-15]],[[30550,81725],[21,37],[-46,30],[7,37]],[[30599,81796],[76,-54],[54,-19],[53,24]],[[26892,85686],[8,-52],[-48,-96],[-38,-39],[12,-65],[194,-60],[-11,-113],[77,-40],[29,-40],[54,-10],[106,42],[52,-2],[29,-111],[101,-16],[54,-56],[31,49],[57,46],[93,-17],[40,-30],[5,-118],[-59,-74],[7,-37],[67,-65],[-54,-104],[125,-205],[7,-81],[96,-26],[57,3],[59,-21],[33,-69],[7,-139],[51,-138],[-56,-111]],[[28077,83891],[-50,-64],[-118,-6],[-44,-45],[35,-121],[-23,-87],[-37,-52]],[[25392,83456],[-19,133],[-21,17],[-110,19],[-134,-14],[21,94],[-36,87],[-172,21],[0,152],[54,66],[-122,53],[23,30],[4,73],[68,3],[42,68],[-14,92],[-32,59],[42,42],[-13,82],[-56,7],[-102,-62],[-16,-80],[-106,37],[29,59],[7,100],[-21,57],[-147,-75]],[[30331,82875],[-16,-64],[31,-111]],[[30359,82597],[1,-38],[-32,-73]],[[30332,82329],[-67,-23],[-17,-59]],[[30248,82247],[54,-59],[-27,-32],[-8,-2],[-46,35]],[[29952,81981],[17,-96],[74,-57]],[[29272,81350],[-83,69],[-42,-30],[-18,-61],[-12,-131],[-35,-10],[-24,-74],[-113,-5],[-81,19],[-33,25],[-22,75],[-52,-1],[-77,-54],[-42,-63],[-187,52],[-8,-28],[72,-29],[-25,-72],[-107,51],[4,96]],[[28387,81179],[25,119],[-106,22],[-38,-122],[-86,-18],[-8,27],[-97,40],[8,74],[-64,23],[22,99]],[[28440,82369],[59,92],[12,67],[83,48],[103,14],[164,-2],[22,33],[158,-54],[53,56],[11,109],[29,36],[83,5],[60,65],[-46,43],[4,46],[40,30],[81,-95],[9,-70],[52,-24],[83,-3],[-4,-72],[108,-33],[30,31],[51,-5],[0,-59],[59,-28],[50,71],[82,89],[-90,82],[4,24],[81,35],[42,-52],[55,3],[63,56],[74,42],[55,101]],[[30160,83050],[27,-18],[28,-130],[52,6],[64,-33]],[[27798,86716],[4,-85],[-8,-269],[-56,-92],[-66,-80],[-29,-80],[37,-66],[42,-23],[22,-112],[23,-54],[101,-89],[39,-83],[29,-9],[21,-91],[77,0],[29,111],[91,11],[-2,48],[150,-21],[9,-95],[32,-71],[48,-23],[140,31],[95,-34],[52,6],[58,-48]],[[28736,85498],[58,-111],[75,5],[-7,-76],[96,-28],[158,57],[60,9],[78,-13],[55,76],[119,-55],[81,14],[84,-7],[55,-47]],[[29648,85322],[-26,-92]],[[29622,85230],[-18,-38]],[[29604,85192],[-33,-66],[10,-32]],[[29581,85094],[-8,-31],[-22,-34],[-64,-23]],[[29487,85006],[-47,6],[-50,-27]],[[29390,84985],[-47,-17],[-38,-5],[-32,-32],[-1,-26],[-1,-69]],[[29271,84836],[-40,-81],[24,-82],[36,-26]],[[29291,84647],[102,-65]],[[29393,84582],[-72,-11],[-93,38],[-79,47],[-41,-16],[-132,-12],[-18,-82],[35,-115],[-19,-61],[-69,-14],[-48,77],[-139,38],[-38,-12],[59,-74],[31,-136],[43,-63],[-83,-80],[-35,-112],[-3,-66]],[[28692,83928],[-62,-113],[-51,-24],[-55,20],[-89,58],[-83,-29],[-102,51],[-173,0]],[[26854,86304],[118,-5],[108,70],[71,18],[59,-26],[59,92],[55,30],[12,92],[44,19]],[[27380,86594],[44,-9],[46,-45],[79,76],[95,6],[66,49],[29,51],[59,-6]],[[28633,87683],[-29,-29],[-42,-97],[-66,-73],[55,-83],[43,23],[78,-26],[-44,-75],[12,-77],[59,-93],[-13,-86],[-29,-78],[179,-56],[111,-147],[28,37],[118,35],[13,55],[-26,78],[86,24],[25,78],[33,-11],[59,62],[55,14],[80,-150],[28,49],[54,-30],[62,24],[82,-12]],[[29644,87039],[-18,-64],[-72,-89],[-68,3],[-55,29],[-25,-97],[17,-57],[-9,-98],[83,-24],[11,-25],[-47,-58],[-11,-67],[-41,-80],[33,-39],[-1,-102],[-23,-64],[74,-45],[4,-33],[-41,-48],[-59,53],[-36,-58],[-73,5],[-22,-50],[-81,-45],[-68,-61],[-128,3],[-115,-72],[53,-75],[-10,-46],[-44,-27],[-26,-115],[-53,-8],[-57,-87]],[[27798,86716],[2,37],[58,5],[47,55],[-58,60],[-96,-4],[-51,37],[-3,110],[-54,21],[44,66],[86,-8],[-32,81],[15,28],[-33,116],[33,115],[107,172],[83,96],[-80,9],[-90,73],[27,33],[-7,73],[141,-140],[99,-20],[46,19],[68,-38],[54,4],[72,68],[-80,81],[78,5],[53,-86],[91,0],[-19,68],[59,45],[-71,96],[61,59],[74,-4],[30,-68],[-22,-61],[13,-60],[64,-93],[26,-83]],[[31263,87082],[-77,-70],[-33,-75],[19,-27],[-9,-81],[-51,-101],[5,-64],[-47,-48],[-11,-88],[-71,-54],[-47,-12],[-19,-102],[95,-117],[8,-59],[-36,-8]],[[30989,86176],[-42,-72],[33,-82],[-69,-42],[-83,-175],[56,-89],[27,-90],[-70,-31],[-16,-42],[44,-81],[59,-33],[30,-65],[-31,-91],[34,-33]],[[30961,85250],[-50,-16],[-153,-11],[-110,34],[-101,-12]],[[30547,85245],[-53,16],[-74,60],[-54,-34]],[[30366,85287],[-106,46],[-39,40]],[[30221,85373],[-52,-47],[-30,17],[-11,24],[-90,41],[-42,-46],[-68,-34]],[[29928,85328],[-107,48],[-46,-48]],[[29775,85328],[-30,-6]],[[29745,85322],[-45,16],[-52,-16]],[[29644,87039],[25,34],[110,40],[60,-54],[93,-19],[95,7],[114,-24],[37,16],[123,-8],[100,100],[24,56],[72,2],[19,-48],[53,-26],[47,27],[78,-30],[122,20],[76,106],[69,6],[-9,-51],[117,10],[72,-62],[-11,-28],[52,-39],[81,8]],[[30873,87981],[10,-9],[51,-39],[33,-10],[40,-18],[30,-18],[-4,-13],[6,-32],[19,-3],[72,-51],[-11,-83],[-22,-36],[22,-69],[4,-50],[57,-34],[71,-3],[30,-8],[24,-19],[17,-2],[56,-4],[72,11]],[[31450,87491],[18,-5]],[[31468,87486],[9,-54],[-40,-106],[-38,-65],[-52,-27],[-12,-56],[-72,-96]],[[28633,87683],[134,-14],[36,-77],[112,23],[74,60],[38,-9],[82,-64],[40,4],[64,57],[28,56],[0,168]],[[28387,81179],[-104,10],[-1,-79],[40,-78],[-73,-81],[20,-84],[-32,-41],[25,-43],[-29,-134],[-46,3],[-22,-57],[-61,-40],[32,-73]],[[28136,80482],[-102,-18],[-4,-38],[71,-22],[84,-50],[28,-39],[86,-39],[-82,-82],[-83,17],[-37,-38],[80,-26],[58,-80],[56,-28],[-57,-135],[-70,-32],[-92,33],[0,73],[-64,64],[-71,17],[-62,-54],[-87,-3],[-29,19],[-78,-5],[-1,-39],[92,-70],[-27,-32],[-75,0],[-53,-65],[-17,-45],[24,-47],[64,-27],[-16,-119],[-24,-48],[7,-70],[100,-40],[-29,-66],[10,-66],[44,-60],[60,-26]],[[27840,79196],[-54,-47],[-47,10],[-73,-89],[-105,76],[-52,21],[-19,79],[-118,53],[-28,-65]],[[27344,79234],[-69,23],[-36,-35],[-140,55],[-14,-19],[-103,27],[6,167],[-74,39],[-94,-10],[-18,61]],[[26802,79542],[52,67],[21,-41],[64,-12],[35,79],[-17,17],[64,83],[-109,15],[4,47],[113,12],[-11,39],[-46,13],[6,71],[58,11],[66,-12],[22,73],[57,47],[-6,57],[-57,-10],[-45,-77],[-60,-37],[-34,23],[45,51],[-37,51],[-62,0],[-80,35],[22,46],[120,81],[49,3],[12,85],[57,26],[58,57],[134,-19],[-5,-87],[63,-9],[34,49],[-63,65],[-32,99],[-71,15],[27,80],[-57,11],[-88,55],[-13,43],[40,104],[-112,56],[-105,160],[-100,25],[-17,90],[-88,42],[-27,51]],[[29893,90670],[24,-30],[50,-35],[53,-30],[32,10],[28,18]],[[30080,90603],[112,71],[89,-184],[-1,-41],[70,-53]],[[30350,90396],[21,-45],[100,-26]],[[30471,90325],[7,23],[13,17],[26,7],[15,-72],[-1,-32],[-18,-15],[-12,-44],[38,-20],[12,-24],[-4,-16]],[[30547,90149],[0,-18],[7,-12]],[[30554,90119],[60,-29],[22,38],[137,-18],[24,-8],[67,-38],[25,-54],[22,9],[44,-40],[10,-19],[52,-36],[46,-33],[-10,-28]],[[31053,89863],[7,-101],[27,-45]],[[31087,89717],[-2,-41],[-5,-90],[-15,-42],[-10,-13],[-88,-72],[-7,-4]],[[30254,89275],[-112,51],[50,48],[6,40],[0,51],[12,61],[21,31]],[[30231,89557],[-41,33],[-24,56]],[[30166,89646],[-48,36],[-28,26],[-49,3]],[[30041,89711],[16,116],[-27,6]],[[30030,89833],[-71,-65],[1,31]],[[29960,89799],[-57,-13],[4,94]],[[29936,90173],[9,16]],[[29945,90189],[55,92],[-18,25]],[[29982,90306],[-28,20],[-20,105],[-73,29],[-75,79],[-55,58],[-22,63]],[[29709,90660],[25,49],[100,68]],[[29834,90777],[40,22],[-2,-89],[21,-40]],[[30221,85373],[39,-40],[106,-46]],[[30547,85245],[101,12],[110,-34],[153,11],[50,16]],[[30961,85250],[47,-24],[-6,-54]],[[31002,85172],[-38,-38],[3,-43]],[[30967,85091],[45,-100],[-27,-12],[-49,-15],[-1,-16],[3,-58],[35,-48],[66,3],[15,-74],[11,-32],[-41,-58]],[[31024,84681],[7,-20],[-51,-88],[45,-79],[1,-52],[-54,-36],[31,-78],[13,-95],[-26,-39]],[[30990,84194],[-101,13]],[[30889,84207],[-39,-25],[-35,43]],[[30815,84225],[-30,26]],[[30785,84251],[-78,-19],[-43,41]],[[30664,84273],[-32,-14],[-68,16],[-33,26]],[[30531,84301],[11,81],[-45,8]],[[30497,84390],[-121,1],[-29,-21]],[[30347,84370],[-66,-16],[-78,37]],[[30203,84391],[-77,-35],[-34,-65]],[[30092,84291],[-20,6],[-37,37],[-138,18]],[[29897,84352],[-92,66],[-15,56]],[[29790,84474],[-19,107],[-19,14]],[[29752,84595],[-68,13],[-31,-15],[-51,-47],[-108,-37],[-36,45]],[[29458,84554],[-65,28]],[[29291,84647],[-36,26],[-24,82],[40,81]],[[29390,84985],[50,27],[47,-6]],[[29581,85094],[-10,32],[8,30],[25,36]],[[29622,85230],[26,92],[52,16],[45,-16]],[[29775,85328],[46,48],[107,-48]],[[30027,80639],[-73,-1],[-33,-39],[-63,5],[0,-58],[-53,-25],[20,-88],[-16,-49],[-126,-40],[-56,-66],[-101,12],[-38,-62],[-30,-4],[-28,-64],[-107,-4],[-12,-17],[11,-179],[30,-40],[1,-55],[-80,-32],[-131,-3],[-109,-99],[-73,-45],[-54,29],[26,141],[0,84],[-43,24],[-51,-38],[-41,4],[-25,40],[-57,-11],[-69,9],[7,58],[90,-14],[48,24],[-96,81],[-74,26],[29,65],[70,-17],[71,3],[1,59],[-29,42],[-68,18],[8,42],[-122,10],[-34,-24],[-105,7],[-70,-36],[-59,20],[-22,85],[-61,42],[-94,23]],[[28692,83928],[67,-51],[48,-9],[96,90],[93,-141],[249,-31],[8,-99],[86,-18],[-16,-98],[35,-64],[186,-51],[64,-40],[49,14],[73,-71],[17,-65],[121,4],[31,-28],[-1,-65],[-52,-146],[25,-21],[155,11],[54,28],[80,-27]],[[24221,86692],[77,-26],[-11,-62]],[[24287,86604],[1,-65],[26,-23]],[[24314,86516],[39,-70],[37,-57],[-21,-87],[-16,-12],[-37,20],[-27,-17],[-38,-70],[18,-47],[10,-44],[-22,-26],[-73,-29],[-31,-14],[13,-43],[37,-32],[0,-73]],[[24203,85915],[39,-28],[51,0]],[[24293,85887],[76,-60],[7,-29]],[[24376,85798],[-42,-62],[23,-15],[14,-30]],[[24371,85691],[22,-44],[-14,-32],[-3,-15]],[[24376,85600],[179,56],[54,3]],[[24417,84495],[-41,-64],[-39,-1],[-58,36],[-53,92],[-56,-16],[-11,-40],[-46,-30],[-117,-11],[-19,-61],[-104,22],[-94,117],[-38,88],[-56,17],[-62,-29],[-52,-46],[-49,36],[-82,3],[-45,86],[36,51],[-16,54],[-35,19],[-30,100],[-59,25],[-75,58],[-62,-6],[-23,42],[-50,25],[-139,-17],[-116,-144],[-153,-23],[-71,56],[-78,-14],[-134,27],[-22,-67],[-7,-87],[-159,-11],[15,98],[-33,61],[-61,59],[-10,74],[-62,61],[-73,10],[-7,92],[19,58],[128,-10],[25,-14],[44,80],[4,46],[66,105],[-1,43],[-137,90],[-6,114],[18,156],[37,30],[-26,73],[53,138],[33,112],[7,118],[-44,52],[-50,1],[-24,-51],[-116,2],[-42,-47],[-186,10],[-23,164],[18,54],[73,92],[142,48],[73,99],[-69,139],[-100,19],[49,134]],[[21936,87092],[19,31]],[[21955,87123],[95,-84],[34,0]],[[22084,87039],[83,-55],[126,-26]],[[22293,86958],[61,-14],[1,69],[89,73]],[[22444,87086],[53,28],[34,75]],[[22531,87189],[16,9]],[[22547,87198],[7,-2]],[[22554,87196],[92,-35],[46,27],[134,20],[87,69],[54,-31],[16,-43],[98,-52],[78,0],[33,35],[44,-58],[0,-51],[74,37],[29,-29],[66,-147],[93,-47],[-2,-35],[71,-91],[55,42],[29,-11],[81,65],[50,-26],[47,15],[43,125],[24,11],[62,-68],[-7,-110],[-55,-35],[3,-51],[64,-26],[10,-43],[-47,-27],[-11,-48],[42,-15],[78,11],[23,-77],[35,-30],[27,55],[21,106],[68,36],[12,28]],[[29458,84554],[36,-45],[108,37],[51,47],[31,15],[68,-13]],[[29790,84474],[15,-56],[92,-66]],[[30092,84291],[34,65],[77,35]],[[30203,84391],[78,-37],[66,16]],[[30497,84390],[45,-8],[-11,-81]],[[30664,84273],[43,-41],[78,19]],[[30815,84225],[35,-43],[39,25]],[[30889,84207],[101,-13],[-18,-33],[-2,-34]],[[30970,84127],[41,-72],[-8,-26]],[[31003,84029],[-41,-54],[0,-45]],[[30962,83930],[26,-26]],[[30988,83904],[88,-64],[15,-94]],[[31091,83746],[104,-117],[78,-58],[-22,-56],[-58,-110],[-3,-23]],[[31190,83382],[2,-33],[51,-39],[-30,-58],[86,-48],[-16,-29]],[[31283,83175],[-62,-29],[-73,-27]],[[31148,83119],[19,-87]],[[30662,82996],[-22,-60],[-86,-6],[-80,14]],[[30460,82936],[-20,-41],[-54,17]],[[30352,82864],[-21,11]],[[31854,88954],[43,-18],[4,-51],[18,-8],[24,35],[65,49]],[[32008,88961],[67,92],[17,-1],[20,-27],[-7,-45]],[[32105,88980],[-3,-22]],[[32102,88958],[-47,-60],[-49,-16]],[[32006,88882],[-34,-27]],[[31972,88855],[66,-34],[90,6],[24,24]],[[32152,88851],[51,13],[30,8],[6,59],[59,59],[28,-67],[39,-65],[33,-44],[66,-43],[59,-22]],[[32523,88749],[53,-28],[-26,-70],[-44,-80],[0,-21]],[[32506,88550],[1,-77],[-50,-32]],[[32457,88441],[-37,-32],[-45,-27],[-26,-33],[-17,-67],[-90,-123],[-34,-65]],[[32208,88094],[-37,-81],[-60,-29],[-32,-46],[-80,-1],[-29,-44]],[[31970,87893],[-13,-26],[14,-61],[-24,-39],[5,-45],[-46,-58],[-57,-10],[-41,-6],[-152,-111],[-75,-5],[-39,-8],[-39,-22]],[[31503,87502],[-53,-11]],[[30986,88145],[38,-12],[23,25],[10,20],[2,29],[-39,33]],[[30958,88332],[16,46],[76,44]],[[31076,88438],[51,33],[6,43]],[[31234,88641],[78,31],[17,-28]],[[31608,89008],[21,15],[32,21],[69,-5]],[[31730,89039],[37,-74],[45,14]],[[31812,88979],[23,2],[19,-27]],[[29544,93270],[2,-146],[37,-108],[91,9],[66,-69],[-1,-66],[42,-30],[16,-73],[5,-128],[104,-3],[87,-33],[74,-4],[11,-88],[-64,-27],[37,-52],[0,-48]],[[30051,92404],[21,-53],[-20,-34],[66,-45],[84,-21],[30,-43],[-40,-68],[-61,-22],[2,-38],[-79,-23],[-21,-59],[46,-84],[-79,-19],[-80,49],[-41,-24],[-62,18],[-100,-37],[-161,74],[-34,-38],[-99,-49],[-155,-28]],[[29268,91860],[-66,62],[-102,-50],[-38,36],[30,52],[59,43],[-108,109],[-85,-91],[-38,-2],[-24,55],[-59,48],[-78,-35],[-75,138],[-64,-16],[-70,73],[-129,200],[-40,47],[38,24],[-30,49]],[[28389,92602],[10,71],[64,-53],[61,-4],[128,48],[6,60],[-32,23],[21,46],[-61,92],[21,10]],[[28607,92895],[88,-57],[115,-10],[126,-98],[23,-47],[41,10],[145,-49],[7,47],[38,52],[-59,93],[-8,78],[39,90],[5,49],[-23,72],[27,99],[78,52],[77,-16],[133,61],[85,-51]],[[29541,99238],[54,8]],[[29595,99246],[1,-181],[-24,-36],[-18,-90],[7,-80],[29,-82],[33,-34],[5,-71],[57,-59],[23,-182],[39,-2],[-96,-117],[-153,-26],[-5,-122],[-69,-45],[-44,-90],[-48,-32],[-49,11],[-58,-26],[-96,46],[-127,-97],[-100,-58],[-116,-37],[-138,8],[-62,175],[-41,6],[-116,-46],[-59,-69],[-55,-12],[-6,-86],[34,-17],[-1,-66],[65,-139],[0,-38],[76,-57],[19,-50],[-16,-40],[68,-52],[-11,-56],[74,-25],[182,53],[47,-34],[69,2],[150,-59],[35,-63],[18,-73],[79,-12],[-23,-63],[17,-45],[68,23],[107,-38],[103,-2],[-32,-87],[49,-30],[34,52],[52,32],[62,-8],[35,-42],[48,20],[48,-58],[47,-12],[65,18],[40,-46],[92,27],[48,-62],[-90,-153],[40,-56]],[[30007,96556],[-61,-50],[-81,-41],[-44,-69],[-85,-47],[4,-118],[-51,-57],[-66,-5],[65,-71],[45,-85],[-47,-30],[14,-66],[-19,-35],[31,-51],[-34,-53],[12,-101],[-43,-75],[-82,-73],[-81,41],[-53,-7],[-55,-64],[-31,-3],[-168,51],[-121,107],[-116,29],[-181,16],[-77,70],[-63,-13],[-50,50],[-87,9],[-16,58],[-141,65],[-81,110],[-59,-2],[-46,36],[-106,16],[-38,104],[-77,44],[-8,50],[-125,9],[-41,-62],[-144,-105],[13,-40],[-45,-84],[26,-128],[65,-42],[-21,-102],[-127,-75],[-65,36],[-3,61],[-130,74],[-136,-26],[-57,23],[-49,76],[23,113],[-13,64],[-99,141],[-58,57],[-128,17],[-37,50]],[[26759,96353],[51,10],[30,48],[-66,90],[-209,191],[-13,82],[17,61],[48,80],[8,65]],[[26625,96980],[122,161]],[[26747,97141],[55,93],[6,39]],[[26808,97273],[-92,99]],[[26716,97372],[1,74],[20,34],[17,44],[9,136],[-43,47]],[[26720,97707],[-91,165],[-64,47]],[[26565,97919],[-62,40],[-56,22],[-44,39]],[[26403,98020],[-45,61]],[[26358,98081],[-28,90],[38,33]],[[26368,98204],[0,65],[80,53]],[[26448,98322],[23,2],[135,-14],[115,-55],[46,-36],[70,-82],[42,3],[129,58],[50,33],[56,25],[26,32],[9,27]],[[27149,98315],[65,32],[81,67]],[[27295,98414],[56,41],[32,89]],[[27383,98544],[8,46],[48,11]],[[27439,98601],[45,10],[81,23]],[[27565,98634],[29,24],[268,27]],[[27862,98685],[27,9]],[[27889,98694],[62,74],[55,166]],[[28006,98934],[13,28],[45,35]],[[28064,98997],[14,26],[82,38]],[[28160,99061],[69,60],[70,31],[18,31],[18,20]],[[28335,99203],[89,70],[31,-1]],[[28455,99272],[73,-17],[98,4],[56,-12]],[[28682,99247],[103,61],[132,12],[46,39]],[[28963,99359],[70,-10],[65,-10],[-8,-42],[14,-12],[32,-7],[4,-43],[99,-53],[112,32],[35,9],[94,30],[61,-15]],[[28607,92895],[-81,136],[13,55],[-109,200],[-48,112],[-92,77],[-54,89],[-57,69],[-76,146]],[[28103,93779],[20,36],[-41,99],[17,40],[-35,29],[123,32],[50,33],[60,-59],[43,12],[58,63],[108,-11],[108,40],[47,41],[-26,41],[110,46],[71,18],[11,75],[156,97],[82,24],[48,-8],[121,-73]],[[29234,94354],[-43,-120],[1,-65],[-25,-132],[54,-151],[128,-66],[8,-65],[44,-23],[17,-99],[118,-65],[-42,-128],[50,-170]],[[30733,96316],[-19,-51],[-58,-63],[-40,-100],[14,-64],[-49,-61],[20,-82],[-22,-48],[6,-92],[72,-80],[-48,-71],[-115,-27],[-63,-172],[-8,-85],[14,-78],[-147,6],[-26,-73],[18,-99],[-16,-14]],[[30266,95062],[-180,-20],[-123,-37],[-32,-25],[-57,28],[-78,65],[-57,28],[-58,-31],[-111,-132],[-110,35],[-12,36],[-81,-4],[-58,-65],[22,-112],[39,-52],[48,-204],[-18,-8],[-47,-135],[10,-79],[-64,-10],[-65,14]],[[28103,93779],[-84,-132],[-64,71],[-163,139],[-70,113],[-73,-11],[-9,53],[-70,45],[-156,35],[-85,68],[-27,77],[-34,-20],[-88,84],[-135,6],[-29,-45],[-72,-7],[-70,26]],[[26874,94281],[-110,222],[-58,89],[-5,35],[-98,72],[-85,18],[-18,30],[-143,26],[-72,46],[-90,99],[-50,38],[-81,-5],[-63,88],[-149,67],[-176,-42],[-69,59]],[[25607,95123],[110,67],[156,175],[22,69],[-20,45],[-124,32],[-7,45],[15,141],[104,78],[81,33],[209,36],[64,46],[30,61],[279,290],[97,71],[136,41]],[[30007,96556],[125,34],[23,-38],[-26,-67],[60,-25],[-19,-59],[48,-16],[96,34],[-4,-80],[100,7],[33,25],[192,47],[42,19],[77,-75],[-21,-46]],[[37138,92034],[10,-95],[34,-41],[53,-3],[3,-62],[36,-46],[89,-42],[19,-46],[2,-92],[39,-31],[26,-74],[-108,-8],[-81,-39],[-75,9],[-58,30],[-24,-37],[-58,-7],[-62,32],[-36,52],[-49,17],[-66,62],[-63,117],[9,79],[-28,21],[-158,-40],[-187,7],[-67,26],[-88,-20],[-44,40],[-7,42],[-65,21],[-58,40],[-117,-8],[-103,-101],[-79,-11],[-153,-1],[-12,65],[-78,87],[-85,59],[-18,-33],[-58,-12],[-16,54],[-82,97],[-45,11],[-136,-22],[-65,12]],[[35029,92143],[-63,35],[23,84],[-35,32],[-125,24],[-29,40],[-95,-56],[-59,13],[-109,56],[-63,58],[44,69],[-67,35],[-70,68],[-56,14],[-23,39],[-52,9],[-67,-25],[-51,12],[-104,-68],[-101,15],[-110,-8],[-10,44],[-57,34],[-40,-4],[-104,78],[-16,51],[-63,53],[-2,77],[-69,75],[-64,-17],[14,77],[-34,133],[13,63],[-86,117],[36,102],[-31,73],[-74,61],[-17,50],[-62,62],[-73,38]],[[33078,93756],[19,22],[-13,120],[54,23],[72,-22],[35,27],[102,5],[71,-21],[61,107]],[[33479,94017],[107,-90],[82,-42],[53,3],[20,36],[11,99],[111,-27],[112,-7],[81,-55],[86,85],[88,15],[9,82],[32,51],[1,55],[-36,28],[16,50],[54,1],[63,33],[87,1],[84,-18],[55,35],[-20,58],[4,105],[62,65],[243,12],[104,-34],[32,42],[96,-8],[51,18],[58,73],[106,-20],[69,-64],[90,-2],[44,82],[-84,50],[-56,64],[21,101],[62,136],[160,-22],[181,62],[156,-11],[62,-30],[69,43],[64,8],[54,29],[28,58]],[[36251,95167],[34,-57],[88,-78],[14,-44],[122,-106],[40,-51],[118,-16],[-35,-135],[-54,-146],[-44,-45],[-27,-105],[-15,-186],[-66,-36],[-30,-43],[-5,-79],[41,-86],[74,-25],[-44,-71],[33,-55],[45,-144],[45,-26],[112,18],[16,-107],[38,-46],[109,-79],[15,-48],[-29,-55],[-88,-92],[-101,-39],[-63,-63],[-100,-30],[-50,-75],[29,-50],[3,-77],[98,12],[125,-107],[53,-34],[-11,-131],[-57,-59],[111,-37],[67,-42],[45,-101],[-39,-91],[67,-29],[66,-79],[42,-115],[95,-43]],[[33078,93756],[-55,3],[-67,-39],[-103,-3],[-131,-172],[54,-86],[-34,-20],[-15,-115],[24,-77],[98,-107],[52,-29],[7,-87],[27,-61],[-70,-60],[-62,-89],[-134,-48],[-31,-100],[38,-97],[-50,-34],[-98,26],[-69,-34],[-81,-17],[-56,-107],[-47,-9],[-68,19],[-237,-55],[-97,77],[-53,-3]],[[31820,92432],[14,83],[-28,39],[-7,90],[-151,117],[-38,81],[-29,137],[6,85],[-62,104],[13,83],[-14,49],[19,68],[-29,159],[24,32],[-111,148],[-95,43],[-116,69],[-7,91],[-45,89],[-5,68],[-32,91],[-70,63],[-249,-6],[-42,-27],[-82,19],[6,80],[-107,140],[-21,102],[-72,94],[-87,142],[12,61],[-17,89],[-46,16],[-70,63],[-16,68]],[[30733,96316],[121,9],[142,63],[157,-55],[27,-44],[88,-57],[43,12],[122,-71],[73,-85],[36,1],[96,-103],[40,-93],[11,-62],[-19,-51],[43,-79],[43,-37],[88,-15],[76,-51],[19,-40],[122,8],[24,23],[31,95],[91,-25],[50,-73],[61,-6],[3,50],[43,35],[65,-51],[8,-49],[162,-120],[135,-61],[124,-158],[47,-2],[66,-41],[83,-9],[5,-53],[69,-96],[-6,-42],[51,-26],[45,-58],[-55,-41],[89,-98],[-67,-54],[-43,-89],[50,-105],[79,-73],[84,-2],[98,-42],[-70,-133],[37,-72],[-5,-89],[64,-84]],[[29860,99459],[10,30]],[[29870,99489],[28,16],[22,-2],[16,-6],[-59,-116],[26,-37]],[[29903,99344],[-53,-44],[11,-35]],[[29861,99265],[-5,-9],[-20,-48],[9,-13],[26,-65],[27,-25],[70,-59],[52,-55],[56,32],[56,-85],[33,-9],[7,-73],[48,-96],[11,-22]],[[30231,98738],[14,-40],[53,-19]],[[30298,98679],[102,-55],[15,-25],[71,-43],[40,-23],[128,37],[80,-51]],[[30734,98519],[57,-47],[77,15]],[[30868,98487],[21,37],[115,-26],[-8,-41],[8,-44],[33,-5],[3,-83]],[[31040,98325],[13,-53],[34,-15]],[[31087,98257],[46,56]],[[31133,98313],[28,-59],[125,-68]],[[31286,98186],[40,-39],[-19,-16],[13,-21],[36,-30],[33,-16]],[[31389,98064],[37,43],[41,-37]],[[31467,98070],[65,-52],[56,6],[20,-62],[20,-30],[17,-27],[22,-10],[44,3],[55,17],[12,99],[11,45],[57,65],[55,25],[27,-23],[78,9],[23,-50],[13,-17]],[[32042,98068],[66,-16],[62,64]],[[32170,98116],[40,30],[75,-13],[46,16],[13,9]],[[32344,98158],[13,9]],[[32357,98167],[61,73],[32,5],[55,32],[34,38]],[[32539,98315],[15,46],[77,-6],[16,0],[23,6],[73,46],[17,6]],[[32760,98413],[35,6],[33,62]],[[32828,98481],[57,7],[40,6]],[[32925,98494],[31,-39],[44,11]],[[33000,98466],[75,-81],[7,-9],[29,-8],[10,-20]],[[33121,98348],[42,-49],[106,-82],[8,-28]],[[33277,98189],[-19,-24]],[[33258,98165],[-50,-3],[-23,-40]],[[33185,98122],[-16,-58],[22,-24],[45,-16],[24,-17]],[[33260,98007],[71,-51],[59,14]],[[33390,97970],[78,-43],[25,-27],[31,-36],[18,-42],[11,-53],[30,-41],[64,0],[14,-9],[31,-22],[16,-16],[1,-41],[-10,-28],[4,-40],[10,-11],[-31,-36],[-3,-18],[-21,-68],[29,-38],[53,-81],[21,-40],[79,-80],[-3,-33],[28,-46],[44,-65],[42,-31]],[[33951,97025],[105,-4],[64,18]],[[34120,97039],[20,28],[-32,109],[1,20],[39,-18]],[[34148,97178],[81,-12],[40,102]],[[34269,97268],[50,35],[47,-47],[68,-2],[33,80],[29,23]],[[34496,97357],[90,2],[32,-25]],[[34618,97334],[53,-12]],[[34671,97322],[104,31],[40,72],[78,31],[48,0]],[[34941,97456],[79,37],[10,26]],[[35030,97519],[-38,68]],[[34992,97587],[198,96],[92,-6]],[[35282,97677],[0,-105]],[[35282,97572],[23,-54],[-36,-75]],[[35269,97443],[-15,-103]],[[35254,97340],[27,-127],[62,-56],[-41,-32]],[[35302,97125],[-205,-130]],[[35097,96995],[-74,-10],[9,-181],[-71,-80]],[[34961,96724],[96,-114]],[[35057,96610],[14,-7],[159,138],[71,51]],[[35301,96792],[20,13],[53,-9],[4,-3],[8,-31],[14,-15],[12,-5],[7,-4]],[[35419,96738],[72,-6],[59,-75],[-39,-72],[2,-55],[83,-32],[56,-83],[85,2],[56,-29],[-79,-104],[-7,-51],[-90,-73],[-23,-78],[19,-170],[-9,-53],[-87,-117],[151,-13],[142,28],[67,-7],[173,-113],[4,-113],[-19,-64],[-50,-48],[49,-43],[28,-90],[34,-22],[116,-20],[39,-70]],[[29595,99246],[43,67]],[[29638,99313],[12,26],[36,58],[22,74],[-25,30],[17,21],[63,10],[25,-8],[60,-63],[12,-2]],[[31820,92432],[-78,-18],[-39,-41],[-40,-86],[-16,-92],[-41,-19],[-67,-82],[-79,-21],[-23,29],[-123,-55],[-72,4],[-52,-58],[-50,40],[-98,-92],[-101,-8],[-38,69],[-92,-10],[-41,13],[-78,60],[-100,43],[-100,84]],[[30492,92192],[-85,49],[-37,44],[-85,44],[-3,51],[-75,71],[-101,-19],[-55,-28]],[[35029,92143],[-17,-84],[-84,20],[-72,-92],[-55,-44],[-89,8],[-23,-43],[-53,-9],[-46,32],[-82,-1],[-45,-58],[-55,-8],[-92,-80],[-134,1],[-83,-29],[-77,-106],[-52,38],[-80,-7],[-51,51],[-139,-84],[-43,9],[-76,-81],[-6,-48],[-94,-51],[-30,-111],[-63,-26],[-68,-77],[68,-183],[-59,-43],[-39,-90],[-147,26],[-61,-49],[-10,-53],[45,-59],[-3,-44],[75,-6],[83,21]],[[33272,90783],[34,-50],[-50,-63],[-10,-90],[-64,-26],[-24,57],[-47,3],[-10,-64],[-36,-50],[44,-55],[-85,-105],[-52,-110],[-56,-39]],[[32916,90191],[-40,34],[-19,52],[-71,55],[-140,25],[-13,-52],[-64,-49],[-51,-19],[-150,1],[30,75],[-80,-2],[-18,-49],[-109,42],[-9,156],[-45,110],[-89,-9],[-68,36],[18,57],[-43,98],[-47,48],[63,28],[45,42],[-7,116],[-29,35],[-132,101],[-71,38],[-36,-47],[-89,-34],[-57,-94],[-67,-29],[-4,-43],[-121,-60],[-16,-46],[-51,-36]],[[31336,90771],[-20,78],[40,30],[-60,48],[-111,35],[20,80],[-76,68],[-53,-17],[-77,14],[-15,47],[-84,42],[-50,-3],[-65,43],[-23,51],[21,35],[-29,72],[-69,19],[-42,-38],[-64,6],[-4,38],[102,46],[-33,45],[-71,-25],[-52,34],[5,70],[74,82],[-98,83],[-2,83],[51,58],[-53,69],[36,130],[-42,98]],[[32916,90191],[19,-84],[46,-2],[82,-80],[36,-51],[-27,-94],[72,-36],[41,-41],[31,-91],[-13,-47],[-51,-31],[3,-58],[-87,9],[-9,-33],[48,-32],[35,-74],[85,-48],[96,13],[22,-86],[-45,-100],[-109,-26],[-160,-100],[-36,-2],[-100,-74],[-72,-33],[-74,13],[-33,-60],[-93,4],[-79,-26],[-63,-50],[1,-47]],[[32482,88824],[41,-75]],[[32152,88851],[-24,-24],[-90,-6],[-66,34]],[[32006,88882],[49,16],[47,60]],[[32105,88980],[7,45],[-20,27],[-17,1],[-35,-55],[-32,-37]],[[32008,88961],[-107,-76],[-4,51],[-43,18]],[[31812,88979],[-45,-14],[-37,74]],[[31087,89717],[-27,45],[-7,101]],[[30554,90119],[-7,12]],[[30547,90131],[37,-3],[10,42],[133,87],[50,48],[13,127],[47,16],[60,78],[109,13],[54,-46],[49,17],[34,50],[84,51],[-30,47],[100,51],[39,62]],[[30547,90131],[0,18]],[[30471,90325],[-100,26],[-21,45]],[[30080,90603],[-60,-28],[-53,30],[-50,35],[-24,30]],[[29834,90777],[-100,-68]],[[29734,90709],[-56,43],[-18,42],[-78,38],[-47,91],[-63,34],[-90,-10],[-53,45],[-94,40],[-55,44],[13,67],[-51,118],[36,27],[-16,67],[24,67],[49,52],[-127,66],[33,88],[-30,23],[1,96],[76,74],[80,39]],[[28389,92602],[-64,116],[-22,-44],[8,-53],[-43,-37],[-107,-13],[8,-79],[40,-6],[1,-129],[-49,8],[-69,-19],[22,-60],[-86,-62]],[[28028,92224],[-56,-15],[-20,34],[-112,-7],[-58,-29],[-117,5],[-23,73],[1,58],[-93,43],[-19,111],[79,82],[-46,105],[-53,43],[-70,193],[-60,89],[-23,69],[-142,206],[3,41],[-72,47],[-71,117],[7,61],[-35,70],[-65,52],[5,36],[-112,287],[-29,11],[-51,123],[108,26],[9,31],[-39,95]],[[26176,103047],[-100,-113],[-55,-86],[-54,-126],[-80,-146],[-64,-65],[-145,-17],[-80,-74],[-124,-178],[-14,-88],[-39,-76],[51,-103],[134,-240],[29,-92],[107,-126],[47,-129],[-24,-167],[-7,-113],[90,-101],[48,-107],[-38,-149],[-39,-105],[-73,-99],[-32,-118],[-88,-232],[-43,-148],[-45,-70],[-52,-21],[-81,28],[-101,12],[-100,69],[-142,171],[-64,65],[-252,186],[-84,30],[-52,38],[16,86],[65,117],[-38,53],[-75,7],[-132,-48],[-31,-64],[20,-87],[38,-52],[-36,-70],[-86,-45],[-73,-3],[-30,-71],[-5,-62]],[[24243,100318],[-95,9]],[[24148,100327],[-92,23],[-127,59],[-187,-9]],[[23742,100400],[-84,-5],[-90,-26],[-70,4],[-194,134],[-127,26],[-129,11],[-152,-78],[-149,13]],[[22747,100479],[-88,-16]],[[22659,100463],[-40,81],[-73,236],[-4,166],[29,130],[30,81],[43,-7]],[[22644,101150],[99,-22],[199,-130],[229,-21],[358,151],[269,226],[249,65],[298,216],[-20,129],[40,173],[-20,162],[20,194],[78,214]],[[24443,102507],[52,152],[10,173],[-30,54],[109,183],[80,87],[268,129],[70,97],[40,162],[80,86],[135,101]],[[25257,103731],[65,-51],[57,-78],[56,-50],[168,-187],[196,-168],[135,-35],[123,-56],[103,-15],[16,-44]],[[23591,102487],[-1,-119],[40,-131],[-52,-61],[-35,-169],[-10,-131],[-38,-99],[-52,-61],[-83,-40],[-171,-28],[-69,-36],[-253,-193],[-70,-71],[-114,-91],[-39,-107]],[[22644,101150],[-16,97],[-99,82],[-82,187],[-93,132],[-48,85],[-24,88],[-28,252],[-26,93],[-41,53],[-118,63],[-55,69],[-41,81]],[[21973,102432],[104,66],[248,21],[80,86],[139,44],[179,75],[90,54],[229,-22],[119,54],[46,90]],[[23207,102900],[247,-284],[137,-129]],[[22383,105041],[80,-82],[197,-45],[153,-23],[220,-19],[201,26],[118,-23],[66,-45],[177,-57],[72,-36],[80,-1],[149,53],[199,26],[126,-19],[97,-41],[149,4],[57,-30],[-28,-82],[13,-25],[255,-146],[53,-37],[154,-50],[241,-21]],[[25212,104368],[-4,-47],[-77,-164],[37,-152],[56,-92],[50,-113],[-17,-69]],[[25257,103731],[-182,-5],[-86,19],[-58,38],[-106,29],[-85,-21],[-49,-45],[-34,-75],[-140,38],[-153,90],[-149,109],[-89,93],[-156,70],[-112,8],[-73,-32],[-33,-167],[-6,-102],[-56,-45],[-88,-20],[-137,-64],[-94,-67],[-68,4],[-82,39],[-184,29],[-104,-12],[-39,-37],[12,-127],[-42,-137],[93,-192],[72,-70],[61,-83],[68,-43],[49,-53]],[[21973,102432],[-67,-8],[-157,-94],[-190,5],[-137,16],[-158,-14],[-152,8],[-263,277],[-100,11],[-184,53],[-166,-23],[-72,38],[-90,18],[-166,-5],[-114,8],[-86,-30],[-33,-74],[-44,-49],[-57,-11]],[[19737,102558],[5,52],[64,81],[-1,96],[45,74],[96,106],[111,156],[18,102],[-20,97],[-122,139],[-73,152],[-22,21]],[[19838,103634],[186,9],[143,-14],[156,-28],[143,-127],[142,0],[104,127],[182,-14],[121,-28],[54,-52],[228,-47],[233,56],[143,225],[52,155],[0,113],[221,98],[26,99],[-13,98],[-78,113],[0,113],[169,112],[116,127],[91,225],[126,47]],[[26176,103047],[92,-55],[81,-103],[54,-160],[91,-133],[86,-80],[82,-100],[191,-161],[98,-50],[113,-20],[106,4],[110,29],[121,58],[122,-84],[166,-213],[61,-90],[108,-71],[50,-85],[176,-263],[37,-81],[76,-79],[30,-136],[-27,-188],[-35,-104],[-35,-200],[58,-24],[151,53],[64,41],[51,54],[73,-11],[86,-93],[93,-123],[60,-33],[151,34],[150,-180],[154,-96],[44,-82],[75,-38],[107,-27],[68,-47],[-13,-56],[40,-141],[45,-44],[79,-11],[68,-67],[24,-46],[-9,-121],[71,-107],[48,-35]],[[29868,99482],[-8,-23]],[[29638,99313],[-43,-67],[-54,-8]],[[28963,99359],[-46,-39],[-132,-12],[-103,-61]],[[28455,99272],[-31,1],[-89,-70]],[[28160,99061],[-82,-38],[-14,-26]],[[28006,98934],[-55,-166],[-62,-74]],[[27862,98685],[-268,-27],[-29,-24]],[[27439,98601],[-48,-11],[-8,-46]],[[27295,98414],[-81,-67],[-65,-32]],[[26448,98322],[-80,-53],[0,-65]],[[26368,98204],[-66,10],[-392,123]],[[25910,98337],[-105,41],[-166,82]],[[25639,98460],[-121,114],[-143,115],[-181,98]],[[25194,98787],[-385,171],[-196,82]],[[24613,99040],[-205,21],[-23,76]],[[24385,99137],[22,91]],[[24407,99228],[132,206],[33,87]],[[24572,99521],[12,136]],[[24584,99657],[-40,86],[-85,107],[-52,27]],[[24407,99877],[-178,122],[-33,62],[-2,68]],[[24194,100129],[12,164]],[[24206,100293],[37,25]],[[22478,98574],[116,-28],[227,-88],[67,77]],[[22888,98535],[15,132]],[[22903,98667],[9,45],[56,18]],[[22968,98730],[191,3],[109,32]],[[23268,98765],[127,7],[36,-58]],[[23431,98714],[35,-65]],[[23466,98649],[16,-177],[-30,-70],[4,-90],[45,-52]],[[23501,98260],[105,-7],[52,55]],[[23658,98308],[59,4],[39,-91],[85,-100],[47,13]],[[23888,98134],[124,-27],[91,-8]],[[24103,98099],[48,-11],[101,-66]],[[24252,98022],[134,-92],[51,-47]],[[24437,97883],[36,-84],[11,-83]],[[24484,97716],[-22,-93],[-41,-100],[8,-71],[55,-55],[120,-72]],[[24604,97325],[99,-29],[79,-69]],[[24782,97227],[82,-30],[49,2],[143,-29],[6,-9],[34,-58]],[[25096,97103],[-13,-80],[-67,-43],[-69,-13],[-44,-40],[-196,-55],[-75,20],[-94,-82],[-56,-64],[-48,4],[-87,-70],[-22,-95],[-39,-251]],[[24286,96334],[-17,59],[-45,21],[-110,-45],[-69,29],[-24,76],[-133,145],[-73,7],[-108,37],[-64,-59],[-83,-100],[-51,-6],[-84,23],[-53,51],[-117,-5],[-59,59],[-91,40],[-131,13],[-69,-45],[-191,-10],[-157,13],[-40,31],[-26,84],[4,85],[-97,83],[-15,44],[-20,147],[24,56],[69,75],[22,74],[-74,101],[-14,97],[60,181],[70,111],[44,116],[-11,48],[-57,-6],[-134,-57],[-17,-46],[15,-71],[-94,-128],[-122,-17],[-42,7],[-123,-54],[-227,153],[-53,133],[-71,104],[-13,50],[10,81],[-53,92],[-98,18],[-131,-2],[-103,43],[9,82],[49,50]],[[21298,98402],[134,-34],[90,0],[59,105],[112,97],[82,-8],[89,-73],[120,-72],[111,0],[173,144],[57,-48],[68,80],[85,-19]],[[25212,104368],[144,-23],[297,11],[181,-25],[167,-45],[197,-21],[152,68],[95,94],[79,59],[261,113],[47,74],[121,34],[56,-16],[59,24],[48,67],[77,63],[64,21],[107,-17],[125,-93],[125,-12],[121,44],[119,64],[114,46],[52,35],[91,115],[95,33]],[[28206,105081],[34,-383],[16,-271],[84,-180],[16,-344],[-16,-271],[183,-343],[83,-91],[101,18],[200,-144],[200,-91],[216,-72],[117,-72],[234,-217],[250,-452],[233,-163],[267,-108],[233,-18],[367,-127],[384,-235],[200,-18],[417,-217],[266,-343],[184,-380],[-134,-361],[-183,-271],[-200,-37],[-167,-289],[50,-307],[234,-398],[133,-271],[83,-325],[53,-142]],[[32170,98116],[-62,-64],[-66,16]],[[31467,98070],[-41,37],[-37,-43]],[[31286,98186],[-125,68],[-28,59]],[[31087,98257],[-34,15],[-13,53]],[[30868,98487],[-77,-15],[-57,47]],[[30298,98679],[-53,19],[-14,40]],[[29861,99265],[-11,35],[53,44]],[[29870,99489],[-2,-7]],[[26625,96980],[-120,-145],[-44,-107],[-33,-37],[-88,-77],[-62,-14],[-92,5],[-56,-118],[-34,-55],[-75,-78],[-123,-60],[-89,-23]],[[25809,96271],[-154,-21],[-88,-37]],[[25567,96213],[-34,-19]],[[25533,96194],[-97,-68],[-17,-33]],[[25419,96093],[-30,-158],[-35,-62]],[[25354,95873],[-15,-20],[-23,3]],[[25316,95856],[-16,42],[1,83]],[[25301,95981],[-36,1],[-30,16],[8,92],[-5,3],[-71,-31],[-66,-19],[-61,-9],[-61,7],[-65,10],[-67,23],[-53,20],[-68,5]],[[24726,96099],[-122,60],[-31,36],[-93,48],[-76,72],[-118,19]],[[25096,97103],[26,96],[86,31]],[[25208,97230],[113,52],[126,26]],[[25447,97308],[85,-1],[150,24],[76,34]],[[25758,97365],[7,93],[-18,64]],[[25747,97522],[9,70],[59,65]],[[25815,97657],[87,12],[151,-4]],[[26053,97665],[175,73],[71,71]],[[26299,97809],[26,65]],[[26325,97874],[-5,91],[17,94]],[[26337,98059],[66,-39]],[[26565,97919],[64,-47],[91,-165]],[[26720,97707],[43,-47],[-9,-136],[-17,-44],[-20,-34],[-1,-74]],[[26808,97273],[-6,-39],[-55,-93]],[[19838,103634],[-49,45],[-69,-21],[-131,-60],[-119,69],[-117,-26],[-36,37],[48,213],[105,96],[165,118],[152,84],[-42,73],[30,119],[183,99],[-72,273],[49,118],[65,73],[182,49],[100,-84],[63,-9],[93,33],[159,-13],[57,19],[89,83],[98,72],[79,41],[153,57],[58,43],[56,88],[42,10],[108,-37],[102,49],[341,-48],[113,-57],[130,4],[125,-24],[131,-105],[72,-33],[32,-41]],[[35301,96792],[-71,-51],[-159,-138],[-14,7]],[[34961,96724],[71,80],[-9,181],[74,10]],[[35302,97125],[41,32],[-62,56],[-27,127]],[[35269,97443],[36,75],[-23,54]],[[35282,97677],[-92,6],[-198,-96]],[[35030,97519],[-10,-26],[-79,-37]],[[34941,97456],[-48,0],[-78,-31],[-40,-72],[-104,-31]],[[34618,97334],[-32,25],[-90,-2]],[[34269,97268],[-40,-102],[-81,12]],[[34120,97039],[-64,-18],[-105,4]],[[33390,97970],[-59,-14],[-71,51]],[[33185,98122],[23,40],[50,3]],[[33277,98189],[-8,28],[-106,82],[-42,49]],[[33000,98466],[-44,-11],[-31,39]],[[32828,98481],[-33,-62],[-35,-6]],[[32539,98315],[-34,-38],[-55,-32],[-32,-5],[-61,-73]],[[28206,105081],[198,10],[144,100],[33,7],[111,103],[71,2],[85,-32],[165,-95],[63,-11],[318,7],[53,22],[66,143],[110,110],[24,53],[-21,215],[37,92],[45,24],[169,10],[50,23],[130,110],[71,-2],[86,-33],[145,-78],[69,-20],[94,14],[44,64],[1,225],[12,71],[45,21],[35,-31],[109,-31],[306,115],[132,92],[298,222],[69,38],[273,185],[218,138],[149,120],[345,216],[227,162],[294,251],[275,193],[32,60],[79,-2],[55,-159],[90,-111],[49,-5],[87,49],[81,124],[36,24],[100,27],[102,11],[206,8],[85,-29],[24,-45],[-47,-64],[-99,-48],[-165,-97],[-84,-86],[-23,-56],[41,-317],[15,-16],[39,-153],[87,-178],[51,-66],[203,-148],[28,-37],[-25,-90],[-99,-60],[-19,-49],[110,-254],[65,-165],[177,-336],[79,-433],[47,-121],[94,-146],[126,-104],[140,-43],[216,-16],[69,-57],[8,-86],[30,-31],[87,-11],[135,3],[190,41],[112,-8],[145,-109],[169,-200],[126,-83],[117,-41],[114,-136],[215,-174],[45,-29],[185,-63],[108,-54],[204,-159],[44,-114],[-3,-52],[-63,-172],[-66,-94],[-158,-141],[-136,-87],[-336,-161],[-51,-12],[-105,-58],[-79,-88],[20,-82],[168,-54],[34,-61],[-24,-69],[-122,-91],[-44,-48],[3,-95],[-17,-63],[20,-120],[85,-189],[115,-146],[31,-116],[-31,-91],[-44,-58],[-106,-100],[-78,-92],[6,-93],[65,-140],[116,-205],[71,-114],[137,-184],[163,-165],[176,-154],[69,-32],[48,-60],[61,-26],[56,-75],[107,-62],[49,-65],[114,-66],[22,-46],[-24,-72],[31,-135],[230,-107],[135,-20],[111,0],[356,-22],[215,4],[76,-10],[37,-32],[27,-88],[-24,-74],[-154,-285],[-39,-109],[-17,-130],[8,-64],[44,-83],[76,-90],[156,-105],[57,-59],[29,-67],[26,-206],[69,-101],[147,-83],[48,-71],[51,-147],[31,-146],[-22,-151],[-44,-87],[-126,-60],[-155,5],[-117,-60],[-92,-71],[-144,-76],[-53,-41],[-92,-133],[-80,-10],[-94,110],[-76,17],[-157,-43],[-187,-102],[-78,-73],[-29,-54],[11,-127],[-33,-63],[-25,-104],[-44,-10],[-84,60],[-63,-6],[-84,-62],[-109,-10],[-38,-69],[-40,-6],[-195,86],[-93,95],[-46,83],[-134,40],[-63,51],[-69,92],[-58,45],[-20,57],[-10,202],[-24,51],[-1,64],[52,88],[-34,140],[-8,103],[-27,80],[-83,44],[-67,-57],[-183,-91],[-34,-28],[-77,-143],[-100,-25],[-153,30],[-114,-22],[-60,-44],[-81,-81],[-114,23],[-51,-44],[-89,-44],[-28,-65],[23,-101]],[[23591,102487],[98,11],[109,32],[40,-22],[159,-32],[209,-11],[119,33],[118,9]],[[22659,100463],[-73,-37],[-219,129],[-53,80],[-72,48],[-145,36],[-53,27],[-67,0],[-187,-24],[-86,-26],[-54,-56],[-88,-131],[-51,-197],[-176,-309],[-41,63],[-61,50],[-31,55],[-70,28],[-30,36],[-75,164],[-58,93],[-86,-29],[-175,-30]],[[20708,100433],[-76,85],[-67,94],[-96,102],[-25,10],[-120,-30],[-88,36],[-98,184],[-84,263],[-68,100],[36,75],[116,46],[98,88],[72,123],[57,43],[85,23],[137,5],[140,46],[172,103],[89,104],[54,112],[6,186],[-49,148],[-39,44],[-79,49],[-184,1],[-100,52],[-61,4],[-97,-60],[-280,-57],[-21,29],[-353,10],[-52,64],[4,43]],[[22747,100479],[31,-129]],[[22778,100350],[44,-89]],[[22822,100261],[82,-113],[22,-77],[-38,-83],[-50,-83],[-5,-95]],[[22833,99810],[5,-78],[50,-112]],[[22888,99620],[38,-119],[0,-42]],[[22926,99459],[-142,6],[-61,30],[-82,-12],[-66,-30]],[[22575,99453],[-65,-77]],[[22510,99376],[16,-83],[44,-12]],[[22570,99281],[71,0],[55,-47],[0,-83],[-44,-179]],[[22652,98972],[-60,-148],[-33,-137]],[[22559,98687],[-81,-113]],[[21298,98402],[40,40],[23,66],[-5,113],[-48,48],[-104,17],[-85,48],[-98,21],[-172,-21],[-21,14],[-30,112],[-50,114],[-223,215],[-100,62],[-92,22],[-104,7],[-42,36],[-10,77],[6,117],[39,47],[82,8],[107,-16],[84,39],[50,56],[171,220],[63,148],[-20,158],[27,113],[-31,98],[-47,52]],[[24148,100327],[58,-34]],[[24194,100129],[2,-68],[33,-62],[178,-122]],[[24407,99877],[52,-27],[85,-107],[40,-86]],[[24572,99521],[-33,-87],[-132,-206]],[[24385,99137],[23,-76],[205,-21]],[[25194,98787],[181,-98],[143,-115],[121,-114]],[[25639,98460],[166,-82],[105,-41]],[[26358,98081],[-21,-22]],[[26337,98059],[-17,-94],[5,-91]],[[26299,97809],[-71,-71],[-175,-73]],[[25815,97657],[-59,-65],[-9,-70]],[[25747,97522],[18,-64],[-7,-93]],[[25447,97308],[-126,-26],[-113,-52]],[[25208,97230],[-86,-31],[-26,-96]],[[24782,97227],[-79,69],[-99,29]],[[24484,97716],[-11,83],[-36,84]],[[24437,97883],[-51,47],[-134,92]],[[24252,98022],[-101,66],[-48,11]],[[23888,98134],[-47,-13],[-85,100],[-39,91],[-59,-4]],[[23658,98308],[-52,-55],[-105,7]],[[23501,98260],[-45,52],[-4,90],[30,70],[-16,177]],[[23431,98714],[-36,58],[-127,-7]],[[23268,98765],[-109,-32],[-191,-3]],[[22968,98730],[-56,-18],[-9,-45]],[[22888,98535],[-67,-77],[-227,88],[-116,28]],[[22559,98687],[33,137],[60,148]],[[22570,99281],[-44,12],[-16,83]],[[22575,99453],[66,30],[82,12],[61,-30],[142,-6]],[[22888,99620],[-50,112],[-5,78]],[[22833,99810],[5,95],[50,83],[38,83],[-22,77],[-82,113]],[[22778,100350],[-31,129],[149,-13],[152,78],[129,-11],[127,-26],[194,-134],[70,-4],[90,26],[84,5]],[[61289,64546],[20,44],[46,-2]],[[61355,64588],[38,-28]],[[61393,64560],[56,-30],[22,-71],[53,-12],[42,-36],[11,-41],[21,-20],[7,-6],[18,21],[66,51]],[[61689,64416],[135,40],[158,-5]],[[61982,64451],[150,-42]],[[62132,64409],[-45,-62],[26,-19],[-4,-56],[69,-31],[-9,-73],[31,-47],[55,2],[-3,-101],[47,-103],[37,-26],[15,-76],[-8,-52],[41,-20],[61,44],[214,16],[76,-22],[72,-88],[33,-4],[1,-58],[58,30],[82,-7],[-5,-59],[41,-24],[4,-48],[38,-34],[67,3],[46,-52],[89,-21],[66,-42]],[[63327,63379],[-74,7]],[[63253,63386],[-24,-27],[6,-57],[-43,5],[-32,-26],[-27,-21],[-35,-32]],[[63098,63228],[-67,-19],[3,-33]],[[63034,63176],[-59,-69],[-2,-22],[-13,-19],[0,-29],[-3,-29],[15,-10],[13,-21],[-2,-14],[-35,-32],[6,-78],[20,-28],[-54,-36],[10,-33],[-48,-10],[2,-15],[-25,-37],[-9,29],[-57,-24],[-42,-18],[20,-28],[22,4],[7,-34],[-49,-31]],[[62751,62592],[-61,28],[-5,30]],[[62685,62650],[-9,21],[-39,-4],[-3,-8],[-48,-1],[-16,-25],[10,-33],[-26,-10],[-14,23],[1,23],[-51,15],[9,52],[27,24],[-41,33],[-8,-33],[-74,30],[-64,11],[-7,31],[-24,13],[-67,-6],[-35,1],[8,63],[35,38]],[[62249,62908],[-2,56],[-40,31],[35,91]],[[62242,63086],[-24,27],[-5,34],[-45,-6],[-43,29],[-89,-15],[-72,-6],[-5,38],[-70,2],[-48,17],[-7,-32]],[[61834,63174],[-36,-10],[-26,-33],[-22,-9],[-1,-36],[36,-23]],[[61785,63063],[-9,-11]],[[61776,63052],[49,-92],[0,-49],[65,-22]],[[61890,62889],[-35,-33],[-55,-8],[-35,-11],[-49,-24],[-38,-9],[-78,-42],[-52,-21],[-52,-17],[-70,27],[-39,35],[-100,16]],[[61287,62802],[19,18],[-21,36],[-19,18],[-48,27],[-10,0],[-27,-15],[-37,3],[-13,22],[3,15],[7,39],[-62,53],[51,26],[15,28],[-26,46],[-41,5],[-27,-2],[-20,101],[-20,38],[-23,31],[-15,-9],[-13,36],[-13,43],[-12,26],[-36,25],[6,76],[-43,48]],[[60862,63536],[-32,-95],[-37,-28],[-44,-10],[-16,-42]],[[60733,63361],[-33,-32],[-10,1]],[[60690,63330],[-39,43],[-44,-2]],[[60607,63371],[-25,5],[-1,-26],[-31,-23],[-22,-24],[-3,-38],[-53,-32],[-57,46],[-56,42],[-3,25]],[[60356,63346],[11,196],[-27,45]],[[60340,63587],[39,73],[-3,79],[-15,85],[56,29],[5,12],[27,31],[26,17],[14,120],[-25,0],[-18,0]],[[60446,64033],[-13,-59],[-37,-23]],[[60396,63951],[-31,-17],[-26,34],[-23,23],[-30,54],[14,24],[-22,52],[-33,25]],[[60245,64146],[36,44],[74,27]],[[60355,64217],[12,28],[-19,44],[34,80],[92,55],[33,27],[-6,22],[-26,29],[-9,24],[50,13],[38,57],[-11,15],[35,37],[42,-7],[35,-22],[-22,-12],[-23,-51],[82,-107],[20,3],[7,-41],[12,-6],[38,68],[34,41],[19,-9],[62,-15],[0,-61],[67,-51],[7,-39],[45,-19],[6,-8],[2,-40],[3,-19],[15,-15],[-6,-50],[35,-28],[72,-35],[18,27],[79,65],[7,27],[6,28],[70,143],[-14,27],[6,47],[2,17],[-11,28],[-4,12]],[[58526,66200],[-5,-79],[81,-74],[104,4],[2,79],[84,-25],[10,-35],[55,-8],[61,-39],[23,39],[120,24],[142,-31],[54,14],[181,-107],[-40,-27],[-57,19],[-7,-109],[-26,-108],[-46,-51],[9,-123],[-115,53],[-67,-3],[-37,26],[-93,-5],[-53,27],[-94,-2],[-34,14],[-70,-115],[28,-70],[-19,-86],[30,-3],[81,-222],[102,-56],[80,-26],[48,-36],[35,-189],[-76,-25],[-18,-75],[-73,-105],[1,-42],[-53,-46],[-56,22],[-88,-2],[-77,83],[-97,10],[-45,-61],[-31,91],[-128,-2],[-13,-71],[76,-21],[-56,-69],[18,-96],[-64,1],[-27,-60],[17,-61],[39,-23],[-17,-69],[80,-64],[-19,-51],[-7,-118],[9,-242],[22,-84]],[[58410,63690],[-25,-29],[-28,-48],[-72,-22],[-8,16],[-14,-17],[-48,-21],[-19,31]],[[58196,63600],[-16,53],[-31,9]],[[58149,63662],[-9,7],[-42,23]],[[58098,63692],[-9,28],[-70,22],[-43,90],[-3,63],[-86,27],[15,82],[35,28],[95,-6],[10,149],[-47,91],[53,29],[-33,119],[-46,23],[29,86],[-42,59],[-58,-2],[-59,-27],[-18,35],[-70,13],[-62,36],[-54,-29],[-53,83],[-34,-36],[-160,-10],[3,71],[35,85],[-94,148],[-47,-26],[-69,-7],[7,-46],[-79,-13],[-46,-71],[-34,-13],[-66,15],[-51,-89],[-161,18]],[[56786,64717],[-52,-5],[-57,118],[36,63],[-36,40],[72,101],[-40,27],[-33,97],[64,55],[27,88],[-97,44],[-47,66],[-35,77],[31,29],[-169,9],[-53,34],[0,70],[-99,56],[40,65],[112,12],[-11,45],[53,40]],[[64868,66793],[-18,-67],[0,-121],[-86,-160],[-5,-71],[64,-63],[36,-9],[34,39],[61,0],[-18,-68],[-39,-30],[1,-38],[40,-89],[92,-18],[-4,-141],[89,-40],[129,72],[38,-58],[-6,-111],[36,-70],[91,-35],[-73,-125],[18,-57],[-62,-9],[-149,58],[-75,-16],[16,-101],[-47,-10],[-37,-53],[-40,4],[-26,-101],[98,-56],[6,-51],[54,-22]],[[65086,65176],[-24,-37],[13,-73],[-12,-67],[-47,-47],[-55,-20],[-87,35],[-20,48],[-38,-7],[-69,38],[-168,-69],[-37,79],[-86,41],[-34,-63],[-70,-1],[-41,54],[3,46],[-45,6],[-109,42],[-41,2],[-28,40],[9,77],[52,18],[-12,56],[-41,26],[-35,-85],[-37,-45],[-58,-3],[-215,39],[-69,-14]],[[63685,65292],[-72,52],[-94,8],[-64,-32],[-69,17],[55,117],[-2,57],[45,92],[-19,42],[2,112],[-20,69],[-40,7],[-58,66],[-12,99],[-44,35],[24,58],[-34,12],[-5,52]],[[63322,64832],[42,-29],[18,5],[16,8],[8,2],[12,-5],[21,-21]],[[63439,64792],[45,-26],[24,-5],[61,25]],[[63569,64786],[110,-15],[92,-101],[146,-87],[55,-44],[49,-13],[61,-42],[79,-32]],[[64161,64452],[23,-37],[19,-86]],[[64203,64329],[32,-37],[51,35],[59,-20],[59,-59],[13,-18]],[[64417,64230],[41,-93]],[[64458,64137],[28,-68],[-11,-59],[66,-81],[11,-56],[-13,-61],[-40,-19],[-47,-155],[16,-19]],[[64468,63619],[-13,-23]],[[64455,63596],[-116,-33],[-70,-4]],[[64269,63559],[-6,42],[-17,19]],[[64246,63620],[-71,13],[-147,-42]],[[64028,63591],[-122,-39],[-61,-15],[-97,-10],[10,-25],[-134,-84]],[[63624,63418],[-81,-41],[-58,0],[-106,23],[-52,-21]],[[62132,64409],[3,19],[5,32],[25,66],[81,5],[70,28],[60,12],[25,-2]],[[62401,64569],[140,-22],[47,-40]],[[62588,64507],[34,-6],[38,12],[35,49],[45,106],[1,37],[42,51],[44,59],[27,17],[22,33],[-32,7],[-36,34],[48,20],[26,44],[86,-14],[47,33],[29,-19],[54,-63],[75,-31],[45,7],[36,-15],[22,-19],[46,-17]],[[65330,67114],[37,54],[35,10],[143,-48],[68,-3],[84,-55],[54,4],[165,-103],[22,18],[81,-25],[56,20],[55,45],[57,-27],[58,3],[64,-72],[4,-40],[43,-36],[146,-206],[60,13]],[[66562,66666],[71,30],[180,39],[77,3],[135,-66],[30,38],[59,12],[33,-59],[-25,-105],[10,-29],[0,-194],[13,-143],[54,-208],[-16,-249],[176,-6],[40,-20]],[[67399,65709],[-21,-28],[26,-67]],[[67404,65614],[-16,-32],[23,-31],[48,-2],[41,-6],[26,-55],[18,-8],[31,-11],[14,-55],[-10,-46],[-14,-35],[-33,-7],[-102,25],[-50,10],[-30,22],[-20,3],[-39,3],[-70,-18],[-22,6],[-50,-22],[24,-11],[86,-66],[22,-24],[-42,-15],[-10,-2],[-45,-18],[-17,-40],[-19,-8],[18,-62],[-4,-15],[-23,1],[-11,-7],[-38,0],[-29,7],[-33,19],[-14,29],[-13,17],[-19,2],[-15,25],[-34,1],[-49,3],[8,-25],[-6,-31],[-3,-6],[-11,-21],[-2,-7],[15,-13],[43,-10],[-7,-16],[-4,-9],[-10,-10],[-37,-11],[12,-19],[6,-7],[4,-48],[31,-14],[14,-14],[8,-10],[-23,-37],[-9,-15],[-17,-11],[-6,5],[-29,-32],[-45,-17],[-14,1],[-19,4],[-6,1],[-25,7],[-9,1],[-21,-3]],[[66722,64824],[-26,-7],[-7,-17]],[[66689,64800],[6,4],[20,0],[9,-2],[-19,-20],[31,-12],[28,-24],[-17,-38],[-50,-20],[-18,13],[-16,1],[-25,34],[-26,0],[-71,31]],[[66541,64767],[-130,38],[-19,-38]],[[66392,64767],[-80,-12],[-28,12],[-7,9],[-7,21],[9,-1],[48,40],[11,24],[-32,23],[-78,-2],[-49,3],[-53,6],[-17,4],[-40,9],[-49,25],[-38,-65]],[[65982,64863],[-55,-5],[-180,27],[-55,38],[-45,3],[-74,66],[-52,129],[-146,87],[-38,57],[-79,39],[-26,-56],[-138,-12],[-8,-60]],[[54325,66772],[-71,-147],[-4,-98],[14,-132],[-9,-91],[-36,-51],[-83,-59],[-27,-61],[8,-48],[60,-103],[-47,-75],[-3,-40],[60,-65],[187,-279],[124,-108],[61,-37],[93,-36],[29,-63],[-3,-42],[41,-45],[-59,-28],[-38,26],[-42,-66],[-35,24],[-153,-46],[-97,-69],[-15,-104],[-55,-36],[-43,-96],[-27,-24],[45,-69],[118,-111],[138,-173],[78,-74],[81,-42],[36,-38],[34,-74],[15,-220],[22,-137],[35,-36]],[[54757,63799],[-52,-67],[31,-55],[41,-6],[72,-50],[139,-1],[-49,-130],[-51,-26],[-81,-75]],[[54539,63244],[19,-115],[-71,22]],[[53892,63420],[32,32],[-28,38]],[[53817,63545],[-22,62],[60,54]],[[53568,64200],[-67,-3],[-102,23]],[[53221,64368],[-41,82],[5,70],[-92,126]],[[52706,65077],[-60,68],[-74,8]],[[52453,65144],[40,41]],[[52493,65185],[37,100],[22,40],[46,123],[31,76],[0,61],[3,12],[6,75],[43,26]],[[52681,65698],[29,71],[-4,72]],[[52706,65841],[-49,47],[-38,59],[96,90],[28,8],[53,2],[12,19],[54,69],[20,5],[-13,14],[-15,16],[-12,28],[-4,33],[-20,19],[-11,37],[-12,8],[-50,16],[-45,7],[6,94],[-38,2],[-29,68],[20,33],[19,59],[4,32],[-5,31],[3,16]],[[52680,66653],[115,43],[123,19]],[[52918,66715],[126,35]],[[63685,65292],[-18,-3],[-80,-235],[-50,-76],[-170,-47],[-10,-68],[-35,-31]],[[62588,64507],[-47,40],[-140,22]],[[61982,64451],[-158,5],[-135,-40]],[[61393,64560],[52,38],[17,53],[-25,33],[-99,50],[-11,78],[-42,30],[29,43],[-60,25],[-30,67],[-29,-11],[-113,90],[-52,-26],[-35,46],[-148,78],[-170,8],[-1,93],[-131,98],[30,101],[179,58],[5,29],[141,29],[72,27],[26,42],[59,-55],[92,24],[39,67],[-23,60],[-54,23],[83,85]],[[61194,65843],[44,31],[-13,151],[-52,2],[-23,65],[27,57],[-16,51],[18,145],[-58,44],[-15,68],[75,71],[45,130],[4,89],[-110,83],[-91,14],[-10,89],[-43,59],[7,44],[-100,48],[-10,36],[71,96],[17,52],[68,32],[63,-24],[49,20],[-29,48],[-40,166],[123,48],[124,-25],[-13,46],[75,50]],[[66812,69257],[18,-76],[59,-142],[-83,-117],[149,-183],[-43,-20],[14,-45],[-44,-80],[-54,-27],[-48,-67],[29,-43],[-18,-106],[-44,-80],[17,-129],[-32,-17],[46,-66],[-28,-56],[67,-14],[-3,-77],[29,-73],[87,-75]],[[66930,67764],[-54,-53],[-120,33],[-18,-44],[-62,-74],[73,-109],[46,-174],[3,-103],[-26,-59],[-59,-65],[43,-35],[16,-54],[-29,-61],[29,-60],[-146,-53],[-24,-37],[-87,-1],[-5,-101],[52,-48]],[[65778,68744],[10,22]],[[66279,69282],[42,59],[60,-14]],[[66796,69251],[16,6]],[[56140,63281],[223,-82],[27,-24],[-29,-139],[24,-69],[1,-85],[19,-40],[-39,-74],[-55,-45],[-21,-43],[-63,-68],[68,-80],[69,11],[61,-50],[-27,-28],[-2,-65],[23,-37],[72,-29],[4,56],[42,63],[87,-134],[82,-1],[38,-23],[58,-76],[63,-19],[25,17],[47,-47],[106,2],[54,40],[61,-40],[65,9],[17,33],[68,41],[63,-38],[115,-1],[19,-34],[-20,-109],[90,1],[27,44],[62,8],[46,70],[79,-19],[81,34]],[[57870,62211],[65,2]],[[57935,62213],[13,-2],[19,-42],[-82,-89],[-11,-70],[56,-45],[-9,-17],[66,-49],[46,-23],[21,-11],[-40,-73],[-10,-23],[-76,-40]],[[57928,61729],[38,-18],[-17,-70]],[[57949,61641],[-90,2],[-25,-133],[7,-52],[35,-40],[-33,-36]],[[57843,61382],[-65,-7],[-4,-31]],[[57774,61344],[22,-48],[14,-45],[81,-36],[48,-100],[54,22],[36,-37],[-16,-34],[22,-21],[-3,-137],[27,-41],[71,16],[64,-23],[49,-60],[35,-7],[-1,-47],[1,-28],[-22,-19],[-46,24],[-30,-33],[-18,-70],[31,-5],[-11,-101],[52,-111],[9,-42]],[[58243,60361],[7,-93],[-22,-5]],[[58228,60263],[-56,-11]],[[58172,60252],[-21,-53]],[[58151,60199],[-73,-39],[-85,59],[-35,-33],[-35,-79],[-102,-71],[-80,82],[-58,11],[2,-56],[47,-75],[-28,-40],[-51,39],[-38,58],[-29,-27],[16,-76],[-20,-40],[-50,10],[-39,38],[20,122],[-2,65],[-55,-33],[-5,69],[-40,35],[-114,42],[-46,-72],[21,-66],[-77,-8],[-23,-77],[-108,-50],[-39,14],[-162,-10],[-48,-65],[-67,50],[-51,12],[11,66],[-50,61],[-36,-67],[-41,-10],[-31,48],[57,39],[57,5],[27,42],[-24,51],[-164,16],[6,97],[-103,43],[-84,-5],[0,-71],[-37,-21],[-65,-106],[-12,-51],[-55,32],[-40,-6],[-59,-71],[-118,-26],[-43,61],[-114,39]],[[55210,61183],[29,85],[-8,53]],[[55231,61321],[-59,21],[-26,45],[-59,39]],[[54887,61575],[13,70],[19,40],[16,23]],[[55026,62254],[70,-7],[63,49],[11,31],[78,-48],[183,-50],[26,43],[88,17],[58,31],[28,77],[30,34],[-25,89],[10,75],[-25,68],[10,43],[88,58],[40,90],[98,-29],[33,43],[6,127],[-11,109],[-21,81],[86,36],[-10,42],[63,35],[137,-17]],[[59779,66796],[152,-159],[58,-91],[29,-70],[10,-116],[22,-140],[10,-176],[56,57],[66,-32],[38,42],[46,-69],[59,21],[21,-42],[91,3],[-9,-49],[78,-53],[75,77],[84,4],[87,-64],[220,0],[117,-52],[38,-4],[67,-40]],[[61355,64588],[-46,2],[-20,-44]],[[60355,64217],[-74,-27],[-36,-44]],[[60396,63951],[37,23],[13,59]],[[60340,63587],[27,-45],[-11,-196]],[[60607,63371],[44,2],[39,-43]],[[60733,63361],[16,42],[44,10],[37,28],[32,95]],[[61287,62802],[-40,-21],[-22,-73],[5,-85]],[[61230,62623],[-26,-24]],[[61204,62599],[-11,2],[-21,-7],[-26,21],[-45,38],[-46,59],[-48,-17],[-27,20],[-44,1],[-30,15],[-52,4],[-41,-26],[-35,-18],[-41,-4],[-62,-8]],[[60675,62679],[-111,22],[-42,39]],[[60522,62740],[-85,19],[-86,46],[-24,40],[-47,23],[-51,53],[-26,21],[-85,93],[-22,-1],[-34,-25],[-20,15]],[[60042,63024],[-14,23],[25,84]],[[60053,63131],[-10,38],[-26,4],[-20,-53],[15,-66],[-47,-1],[-50,16]],[[59915,63069],[2,54],[-55,32]],[[59862,63155],[-1,-24]],[[59861,63131],[-3,-28],[-66,-31]],[[59792,63072],[-84,18],[-49,26],[-32,-22],[-36,9],[-30,-28]],[[59561,63075],[-69,44],[-55,-1]],[[59437,63118],[-48,-7],[-88,48],[-102,25],[-45,5],[-6,3],[-78,57],[2,24],[-29,51],[-14,10],[-63,2],[-34,52],[4,38],[29,45],[24,12],[2,28],[23,37],[33,26],[-40,11],[-27,57],[-102,34],[-55,-117],[-25,-46]],[[58798,63513],[-40,21],[-102,-22]],[[58656,63512],[-60,-8],[-103,18],[-44,55],[-24,34],[31,17],[4,55],[-50,7]],[[65982,64863],[23,-37],[4,-34],[11,-18],[8,-11],[3,-4],[3,-2],[2,-1],[3,-1],[3,-1],[7,0],[4,1],[5,2],[4,4],[2,3],[0,3],[41,-55],[-7,-10],[-23,-45],[7,-14],[27,-3],[73,-67],[-9,-81],[23,-103],[-6,-31],[-50,-31],[-57,-14],[-18,110],[-29,-2],[-8,-45],[-2,-54],[13,-56],[8,-68],[13,-31],[-57,-55],[-33,-7],[-33,16],[9,29],[33,36]],[[65979,64186],[15,32],[-29,9],[-18,9],[-20,-26],[-14,-2],[-19,10],[-27,-21]],[[65867,64197],[-27,-26],[-10,22],[-5,41],[-11,-16],[-26,-2],[-26,20],[-56,29],[-60,10],[-27,-21],[8,-44],[82,-94],[18,9],[26,-32]],[[65753,64093],[-37,-60],[-8,-20],[-17,-15],[-18,7],[-15,14],[-52,-19],[-48,16]],[[65558,64016],[8,24],[-23,-23],[-51,38],[-23,-16]],[[65469,64039],[-28,14],[-43,17],[-103,87]],[[65295,64157],[-112,59],[-76,15],[-59,31]],[[65048,64262],[-41,-71]],[[65007,64191],[-51,-3],[-38,33],[-5,45]],[[64913,64266],[-60,52],[-77,-23]],[[64776,64295],[-15,-117],[16,-44],[10,-32],[-19,-29],[-32,76]],[[64736,64149],[-6,36],[-36,-8],[-22,-36]],[[64672,64141],[-35,-40],[-64,-32],[-58,3],[-10,53],[-31,14]],[[64474,64139],[-57,91]],[[64203,64329],[-19,86],[-23,37]],[[63569,64786],[-61,-25],[-69,31]],[[58098,63692],[3,-47],[-27,-16],[-27,16],[-25,-28],[-22,-47],[-44,-46],[-12,-63],[81,-75]],[[58025,63386],[9,-94],[-43,-134],[11,-35]],[[58002,63123],[-42,-37]],[[57960,63086],[-12,-26],[-15,-11],[-16,0],[-10,111]],[[57907,63160],[-1,23]],[[57906,63183],[-22,-1],[-32,-78]],[[57852,63104],[-23,0]],[[57829,63104],[-46,-49],[-66,-42],[-111,40],[2,79],[-77,3],[-26,-78],[-40,35],[14,64],[-40,12],[-53,115],[-46,18],[-4,64],[-56,44],[-26,-78],[-137,-51],[-5,49],[-53,32],[-31,108],[-38,44],[-98,-28],[-50,35],[-38,-10],[-21,-172],[-65,-19],[-41,53],[4,52],[-57,96],[-102,30],[-44,-9],[-21,-38],[-51,-6],[-46,-55],[3,-73],[-74,34],[-74,-12],[-29,25],[-57,-9],[11,-126]],[[54822,62379],[-17,-39],[-81,25]],[[54757,63799],[28,63],[53,67],[-21,48],[16,37],[58,-17],[8,39],[46,33],[-12,61],[67,104],[63,15],[92,123],[80,24],[26,69],[-19,90],[134,-33],[56,-30],[18,-38],[51,-37],[73,35],[57,2],[14,-61],[100,13],[29,46],[61,-39],[80,19],[34,154],[74,-40],[125,-27],[47,47],[68,5],[44,51],[74,-23],[32,-64],[-28,-77],[39,-34],[12,-52],[40,-3],[101,26],[-22,76],[46,39],[98,-16],[39,24],[9,111],[32,18],[7,70]],[[57829,63104],[-2,-21]],[[57827,63083],[78,-44],[28,-52],[35,-4]],[[57968,62983],[47,-60],[19,-33],[-33,-71],[-20,-34],[-67,-79],[-50,-97],[9,-39],[-12,-18],[-32,-32],[30,-61],[-24,-59],[57,-23],[10,-80]],[[57902,62297],[-32,-86]],[[68085,67543],[44,-13]],[[68129,67530],[30,-13],[48,14],[10,15],[27,-37],[18,-25],[43,-40],[-8,-5],[-6,-41],[-5,-18],[-29,-49],[4,-43],[44,-13],[29,-17],[-5,-28],[-7,-48],[-13,-44],[-8,-4],[-18,4],[-28,4],[-6,-26],[51,-8],[1,-22],[-1,-15],[-19,-3],[-59,11],[-22,-15],[8,-3],[10,-2],[37,-5],[34,0],[33,0],[-1,-14],[3,-49],[-11,-28],[-8,-5],[-25,-7],[-30,-67]],[[68250,66884],[-37,-7],[-28,1],[-14,-9],[-14,-13],[-23,3],[-16,3],[-15,-16],[-35,14],[-40,38],[-22,13],[-51,30],[-78,15],[-41,-22],[34,-18],[48,-21],[39,-43],[3,-53],[-21,-6],[-1,-32],[6,-34],[8,-24],[-5,-39],[-20,-15],[24,-20],[8,25],[12,34],[3,-5],[14,-39],[24,-26],[6,6],[5,11],[2,-16],[-5,-14],[-14,-9],[-27,-36],[16,-14],[10,-28],[3,-24],[-8,-20],[-29,-4],[-20,-20],[-4,-13],[-14,-17],[-21,-17],[9,-30],[-8,-19],[-13,-12],[43,-27],[23,26],[11,-23],[-4,-29],[-20,-9],[-31,-21],[0,-12],[16,-3],[3,-6],[-2,-32],[-13,-6],[-31,-49],[-19,-40],[-51,-69],[-12,-20],[10,-30],[-14,-22],[-2,-10],[-3,-34],[-36,-24],[-18,-14],[-9,-18],[-14,-15],[-21,-5],[-36,2],[-33,15],[-7,-44],[-13,-22],[5,-25],[-5,-15],[-25,-15],[-15,-9],[-28,-17],[-24,-24],[-26,-8],[-30,2],[-10,-25],[-16,-6],[-16,26],[-2,11]],[[67425,65696],[-26,13]],[[66930,67764],[87,5],[6,81],[53,26],[66,-67],[79,-1],[-5,-72],[136,-77],[132,-22],[63,-52],[85,-47],[54,28],[34,65],[91,-67],[63,33],[56,-95],[72,-21],[101,15],[-18,47]],[[60016,60286],[48,-2]],[[60064,60284],[37,45]],[[60101,60329],[61,3],[34,41]],[[60196,60373],[87,-17],[66,8]],[[60349,60364],[31,68],[80,9]],[[60460,60441],[31,-32],[15,-1],[17,-30],[68,-59]],[[60591,60319],[40,0],[17,-59]],[[60648,60260],[-8,-52],[17,-74],[12,-23],[47,-25],[-26,-50]],[[60690,60036],[-64,11],[-32,-61],[32,-48]],[[60626,59938],[18,-16],[22,-61],[45,-16],[33,-23],[36,18],[24,10],[74,29],[42,31],[65,3],[-13,13],[15,15],[73,-6],[25,18],[68,-42],[48,39],[24,-31],[0,-18],[-14,-32],[22,-24],[1,-42],[-18,-70],[16,-31],[12,-44],[6,-40],[-18,-37],[56,-10],[57,-45],[35,-13],[-34,-87],[-34,-11]],[[61312,59415],[-48,-27],[-9,-17],[3,-13],[12,-14],[19,-9]],[[61289,59335],[69,-28],[-16,-83],[44,-53],[55,-48]],[[61441,59123],[88,-39],[47,-28]],[[61576,59056],[-26,-85],[34,-40],[103,-87],[55,8],[44,-159],[-16,-74],[-83,-90],[95,-33],[-50,-51],[41,-42],[-113,-141],[1,-36],[-54,-53],[80,-105],[85,-63],[32,-51],[-41,-47],[-12,-56],[-42,-48],[-16,-49],[27,-71],[-81,-111],[-13,-44],[-113,-197],[-48,0],[-58,-54],[3,-31],[-35,-113],[-30,44],[-79,-13],[-107,6],[-63,-23],[-24,37],[-108,-6],[-81,42],[-16,70],[79,105],[-30,56],[61,98],[91,-27],[57,26],[-53,59],[-2,35],[-44,33],[-39,-39],[-115,-58],[-40,-57],[-82,-44],[-120,-8],[-55,-17]],[[60575,57452],[1,31],[-96,115],[-46,-33],[-139,-27],[-31,25],[-160,50],[-105,64],[-69,19],[-100,73],[-162,76],[-54,9],[-32,-23],[-77,8],[-17,-62],[12,-50],[-134,1],[-79,-67],[-90,-101],[-115,-254],[-35,-46]],[[59047,57260],[-56,39],[-1,100],[-13,22],[-94,44],[-15,37],[-52,2],[-81,31],[-76,-27],[-67,68],[-2,44],[-102,41],[-89,14],[-83,-28],[-61,-88],[-52,-12],[-24,55],[150,77],[26,96],[-20,62],[84,95],[-9,25],[78,168],[16,76],[-13,80],[121,71],[32,-2],[-2,89],[-65,-7],[-32,17],[24,91],[-65,28],[31,112],[-30,132],[-37,36],[-23,81],[48,42],[8,64],[-38,21]],[[58463,59056],[30,73]],[[58493,59129],[13,62],[-42,92]],[[58464,59283],[3,70],[21,24]],[[58488,59377],[14,15]],[[58502,59392],[33,5],[26,89],[-68,69],[50,70],[17,67],[66,28],[25,190],[31,31],[-8,72],[45,8],[-7,150],[28,107],[69,106],[95,-83],[69,44],[44,51],[72,-12],[67,95],[49,39],[94,47],[113,8],[109,-87],[41,13],[15,-90],[62,10],[43,-46],[41,13],[58,-64],[31,-62],[85,11],[77,-16],[42,31]],[[63635,59917],[89,-71]],[[63724,59846],[76,-34],[25,-9],[43,-42],[49,-42]],[[63917,59719],[0,-91],[-15,-78]],[[63902,59550],[6,-23],[17,-38],[42,-36],[22,-43],[14,6],[43,-3],[111,25],[75,-21],[99,-1],[25,-37],[13,-32],[-9,-20],[24,-18],[39,-38],[0,-43],[30,-29],[-7,-26],[6,-60],[21,-19],[-5,-34],[-46,-8],[-101,10],[-27,-17],[12,-57],[30,-53],[-2,-15],[24,-73],[87,-17]],[[64445,58830],[56,-7],[89,-38],[45,-39]],[[64635,58746],[-12,-44],[2,-57],[-42,-104],[-1,-45],[42,-59],[95,-34],[16,-22],[28,-9],[21,-37],[-5,-87],[1,-42],[-73,5],[-50,22],[-57,1],[-38,6],[-22,-45],[-13,38],[-3,17],[-9,-38],[-1,-28],[-23,-17],[-20,12],[0,18],[-22,49],[26,-109],[42,16],[-34,-92],[-83,1],[22,43],[30,-19],[-38,43],[-15,-1],[-13,-14],[9,-16]],[[64395,58098],[2,-33],[-70,-25]],[[64327,58040],[-25,0]],[[64302,58040],[-93,33]],[[64209,58073],[-134,10],[-43,65],[-16,7],[-17,-17],[-32,-3],[-9,75],[-25,41],[-14,8],[-35,2],[-38,34],[-47,9],[-44,14],[-15,33],[-12,1],[-27,11],[-99,18],[-46,-2],[-32,36],[7,17],[-19,31],[-64,41],[-4,35],[-57,13],[-31,-38],[-50,-29],[-37,-13],[-37,-25],[-50,-38],[-10,29],[-70,20],[-37,22]],[[63065,58480],[-53,45],[-78,31],[-1,23]],[[62933,58579],[-46,55],[-67,53],[-35,64],[-32,68]],[[62753,58819],[-44,37],[-28,76]],[[62681,58932],[-70,-16],[-108,31],[-59,38]],[[62444,58985],[19,17],[4,15]],[[62467,59017],[-5,-12]],[[62462,59005],[-26,-8],[-23,28]],[[62413,59025],[-20,-10]],[[62393,59015],[-80,33],[-63,10]],[[62250,59058],[-36,-15],[-151,57],[-34,71]],[[62029,59171],[-78,127],[-25,21]],[[61926,59319],[36,62],[85,58],[59,83],[66,46],[64,70],[2,52],[41,75],[-17,24],[-6,152],[11,29],[-23,88],[42,57],[4,114],[-83,75],[33,26],[11,65],[50,-18],[72,-56],[16,72],[-4,92],[40,42],[29,65],[-91,32],[-12,89],[25,175],[69,-3],[72,17],[28,58],[-21,30]],[[62524,60990],[93,8],[62,57],[73,6],[6,-34],[104,-54],[97,29],[71,-22],[43,-62],[81,77],[162,-36],[119,18],[51,-89],[76,56],[27,-26],[-12,-47],[-38,-15],[-32,-51],[-68,13],[-41,-46],[-58,42],[-41,-51],[-73,-22],[-16,-43],[55,-52],[51,-20],[-42,-51],[-14,-91],[-49,7],[4,-120],[-43,-75],[-19,-121],[82,-52],[49,-11],[42,-50],[45,-90],[30,3],[66,-82],[11,55],[102,17],[55,-48]],[[58656,63512],[102,22],[40,-21]],[[59437,63118],[55,1],[69,-44]],[[59792,63072],[66,31],[3,28]],[[59862,63155],[55,-32],[-2,-54]],[[60053,63131],[-25,-84],[14,-23]],[[60522,62740],[42,-39],[111,-22]],[[61204,62599],[32,-45]],[[61236,62554],[33,-5],[33,-18],[-12,-6],[22,-56],[-9,-13],[42,-16],[-31,-22],[-64,-46],[14,-34]],[[61264,62338],[3,-84],[22,-24]],[[61289,62230],[-60,-33]],[[61229,62197],[3,-43],[-32,-34]],[[61200,62120],[-65,-51],[-25,-66]],[[61110,62003],[15,-75],[0,-122]],[[61125,61806],[10,-33],[-7,-26],[12,-11],[31,8],[55,-7],[60,-73],[-2,-44],[43,-36]],[[61327,61584],[-26,-7],[-40,-16],[-12,-51],[0,-21],[-44,4],[-41,-43],[-21,-45],[-19,-16],[-21,-38],[-27,-23]],[[61076,61328],[-28,-67],[-34,-7]],[[61014,61254],[-20,-26],[44,-61],[9,-35],[35,-117],[9,-24],[54,-33],[20,-31],[12,-117],[46,-21],[13,-13],[21,-25],[-7,-21]],[[61250,60730],[-10,-55],[-43,-44]],[[61197,60631],[20,-50],[-41,-10]],[[61176,60571],[-41,19],[-9,47]],[[61126,60637],[-65,18],[-57,12],[-68,45],[-67,42],[-38,-2],[-72,35]],[[60759,60787],[-92,7],[-76,-34]],[[60591,60760],[-86,11],[-21,-61],[-62,-9],[-65,15],[-28,48],[-48,-52],[-43,-61],[4,-23],[31,-4],[44,-12],[-42,-37],[-39,-73]],[[60236,60502],[-64,-18],[-3,48]],[[60169,60532],[-42,2],[-26,-32],[-25,-2],[-20,-78],[-18,-6],[-29,-54]],[[60009,60362],[7,-76]],[[58502,59392],[-28,53],[3,63],[-11,12],[-46,23]],[[58420,59543],[-14,87],[15,63]],[[58421,59693],[3,65],[-49,47],[35,105],[18,74],[-14,47],[-22,44],[-58,5],[-72,62],[-11,47],[-56,9]],[[58195,60198],[-23,54]],[[58228,60263],[22,5],[-7,93]],[[57774,61344],[4,31],[65,7]],[[57949,61641],[17,70],[-38,18]],[[57935,62213],[-33,84]],[[57968,62983],[-35,4],[-28,52],[-78,44]],[[57852,63104],[32,78],[22,1]],[[57907,63160],[10,-111],[43,37]],[[58002,63123],[-11,35],[38,108],[5,26],[-9,94]],[[58149,63662],[31,-9],[16,-53]],[[67904,69354],[-10,-78],[-47,-178],[-6,-95],[12,-105],[70,-88],[146,-70],[101,-64],[136,-156],[10,-47],[83,-91],[109,-97],[28,-46],[12,-102],[-24,-57],[-49,-17],[-142,-78],[-49,-6]],[[68284,67979],[-20,-23]],[[68264,67956],[11,-2],[9,-22],[-11,-48],[15,-17],[-41,-18],[-65,12],[15,-42],[3,-24],[16,-28],[-10,-31],[-23,-10],[-5,-17],[0,-24],[-4,-7],[-38,-37],[-14,-12],[-40,16],[-18,2],[11,43],[8,10],[-31,11],[-8,-42],[-20,-19],[-28,-50],[39,-5]],[[68035,67595],[50,-52]],[[66812,69257],[-1,104]],[[66865,69569],[-21,66],[30,37]],[[66874,69672],[30,-48],[49,-1],[44,-42]],[[61926,59319],[-30,23],[-23,12]],[[61873,59354],[-28,21],[-70,-75]],[[61775,59300],[34,-34],[-44,-37],[-23,-23],[-45,-36],[-10,0],[-42,3]],[[61645,59173],[-40,-37],[-8,-52]],[[61597,59084],[-1,-14],[-20,-14],[-135,67]],[[61289,59335],[-34,36],[9,17],[48,27]],[[60626,59938],[-32,48],[32,61],[64,-11]],[[60648,60260],[-17,59],[-40,0]],[[60460,60441],[-80,-9],[-31,-68]],[[60196,60373],[-34,-41],[-61,-3]],[[60064,60284],[-48,2],[-7,76]],[[60169,60532],[3,-48],[64,18]],[[60591,60760],[76,34],[92,-7]],[[61126,60637],[9,-47],[41,-19]],[[61197,60631],[43,44],[10,55]],[[61014,61254],[34,7],[28,67]],[[61327,61584],[39,-13],[51,-70],[100,0],[27,32],[105,29],[96,-3],[29,-17],[65,12],[40,-54],[-14,-65],[89,-40],[38,11],[37,-51],[83,11],[78,-49],[-12,-66],[88,-90],[54,-98],[87,8],[20,-79],[97,-2]],[[58151,60199],[44,-1]],[[58421,59693],[-15,-63],[14,-87]],[[58488,59377],[-21,-24],[-3,-70]],[[58493,59129],[-30,-73],[-38,3]],[[58425,59059],[-32,-9],[-23,1],[-14,-28],[-34,-10]],[[58322,59013],[-95,-33],[-118,-55],[-24,7]],[[58085,58932],[-43,7],[-33,-29],[-46,-42],[6,-9],[-42,-24],[-95,-8],[-3,55],[-14,34],[-40,-25]],[[57775,58891],[-84,-2],[-13,-24]],[[57678,58865],[-11,-5],[-14,11],[-55,9],[-40,45],[-168,-6],[-30,-103],[-113,-3],[-103,4],[-69,-4]],[[57075,58813],[-103,56],[-64,-4]],[[56908,58865],[-143,-18]],[[56765,58847],[-100,-21],[-58,10]],[[56607,58836],[-72,-14],[-14,-3],[-95,-51],[5,-31],[15,-24],[-9,-13],[-76,-32],[-27,14],[-57,-71],[-18,-42],[-110,-19],[-58,8],[-36,14],[-28,-17]],[[56027,58555],[-122,-23],[-120,-6]],[[55785,58526],[-99,61],[-49,75]],[[55637,58662],[-182,-7],[-37,45]],[[55418,58700],[-29,20]],[[55389,58720],[-78,45],[-36,54]],[[55275,58819],[-22,20],[-9,92],[15,45],[-9,52],[-32,9],[-82,14],[-79,44],[-42,35],[-1,15],[-32,30],[-85,7],[-48,34]],[[54849,59216],[-50,34]],[[54799,59250],[-18,35],[16,58]],[[54988,59540],[73,109],[60,-13]],[[55154,59650],[148,-9],[26,25]],[[55328,59666],[79,33],[39,39]],[[55547,59771],[40,74],[-16,35]],[[55577,59907],[-14,113],[57,49]],[[27898,35334],[-20,-133],[42,-14],[-5,-57],[157,-25],[149,-54],[-17,-52],[-122,41],[-115,6],[-1,-59],[146,-2],[16,-30],[-10,-70],[6,-81],[20,-37],[0,-65],[-52,-2],[17,-105],[33,-55],[35,-6],[21,-82],[-88,-33],[-58,13],[-1,-91]],[[28051,34341],[-83,12],[-13,61],[-90,0],[-11,70],[-88,6],[-31,-42],[-70,-26],[-61,-43],[-34,-70],[-98,-29],[-54,49],[-85,6],[-61,19],[34,103],[15,114],[42,113],[-19,66],[-77,-1],[-19,-28],[-105,21],[-26,-21],[-71,6],[-65,-83],[9,-182],[-11,-48],[16,-165],[-7,-36],[-113,-7],[-49,72],[-39,83],[-56,61],[-38,-15],[-51,53],[-87,11],[-151,-51],[-71,0],[-50,-31],[25,-61],[80,-8],[72,20],[44,-138],[37,18],[-9,-117]],[[26532,34103],[-70,14],[-60,34],[-36,-12],[-66,12],[-15,-86],[19,-38],[-118,-14],[-59,18],[-59,38],[-57,-10],[-108,41],[-22,-36],[-126,31],[0,-49],[-114,43],[-39,-13],[-100,17],[-26,-9],[-62,36],[-73,105],[-45,28],[-38,-17],[-73,52]],[[25185,34288],[-57,28],[9,91],[-54,11],[49,143],[-18,41],[17,114],[-41,37],[-39,156],[40,24],[9,86],[-51,105],[-49,16],[-153,3],[-14,49],[-100,-51],[-167,18],[53,194],[-35,109],[-48,38],[-98,-8],[-38,104],[28,55],[-13,40],[-115,54],[-64,7],[-185,45],[33,131],[-52,23],[-27,-15],[-86,-1],[-59,23],[-100,-43],[-29,68],[-7,107],[8,78],[52,43],[82,20],[16,123],[-117,-2],[-54,-12],[-33,26],[-6,66],[-72,6],[-9,187],[51,113],[199,8],[16,104],[57,-40],[18,-74],[56,-107],[54,0],[49,61],[70,16],[28,79],[-23,47],[-7,83],[42,60],[159,56],[45,3],[93,-46],[39,118],[-12,159],[18,55],[67,70],[57,12],[203,-3],[14,166],[69,14]],[[24953,37579],[138,18],[69,-43],[57,0],[97,-38],[3,-144],[-30,-51],[-117,18],[-39,-4],[22,-126],[34,-2],[21,-156],[98,-81],[8,-54],[-27,-59],[14,-78],[-7,-151],[-105,-13],[20,-113],[-6,-33],[-88,-110],[0,-32],[53,-58],[149,23],[25,51],[-6,69],[130,49],[57,-32],[13,-128],[52,-46],[70,105],[62,31],[115,-22],[280,-188],[200,-39],[41,-34],[79,-24],[73,-51],[123,-30],[60,-63],[149,-47],[85,-62],[121,4],[65,12],[52,-12],[33,-54],[67,-52],[34,-43],[5,-66],[-24,-41],[8,-77],[80,-25],[188,-86],[99,13],[245,-70]],[[31845,25307],[80,-12],[55,-45],[3,-48],[65,-38],[93,24],[50,-8],[65,-38],[59,-87],[94,4],[18,-65],[127,13],[2,54],[39,21],[50,-148],[-10,-61],[26,-37],[39,-2],[22,67],[40,0],[38,-53],[-12,-88],[137,-75],[23,34],[-11,54],[44,23],[14,-53],[91,12],[28,28],[132,-40],[28,-47],[96,-48],[-43,-77],[10,-41],[-27,-124],[39,-43],[172,-66],[29,62],[65,23],[25,-23],[-38,-47],[56,-29],[14,33],[119,35],[55,-14],[-28,-97],[-5,-61],[21,-58],[-15,-107],[-4,-123],[-61,-8],[-6,-59],[-50,32],[-73,-61],[34,-20],[21,-56],[46,-20],[-54,-95],[-66,16],[-25,-66],[-6,-94],[-38,-36],[-20,-90],[14,-127],[-115,-72],[4,-37],[71,-3],[-32,-77],[7,-59],[41,-36]],[[33507,22923],[-116,5]],[[33391,22928],[-40,146],[-55,48],[-101,32],[-39,36],[25,40],[-22,43],[33,45],[4,156],[25,54],[-10,68],[-43,16],[-28,94],[19,48],[-20,92],[-71,36],[-7,66],[-26,30],[-13,89],[4,63],[-95,-3],[-42,19],[-72,-27],[-47,11],[-4,49],[-116,16],[-45,-14],[-29,-45],[-98,45],[-1,45],[-44,5],[6,65],[-40,-1],[-89,-83],[-33,56],[-112,-11],[-18,-26],[7,-72],[-52,-132],[-111,14],[-42,-61],[-44,-129],[51,-32],[37,-137],[-97,10],[-60,-22],[47,-40],[-16,-97],[-53,3],[-18,-51],[23,-81],[-120,-90],[-52,15],[10,-101],[40,-37],[-25,-107],[36,-107],[2,-48],[62,12],[40,-65],[120,84],[88,-137],[-56,-34],[78,-87],[30,40],[92,-47],[-28,-61],[23,-39],[-5,-94],[101,-69],[49,-4],[109,146],[39,-38],[37,20],[30,67],[40,-17],[18,-59],[-38,-64],[-39,9],[-25,-59],[-39,-22],[17,-95],[34,-19],[80,71],[73,-50],[-44,-62],[-36,-93],[13,-27]],[[32573,22136],[29,-102],[-54,-60],[-2,-78],[-40,-99],[22,-79],[7,-112],[93,-14],[-12,-44],[-91,-87],[73,-15],[72,79],[27,-31],[-28,-198],[-4,-74],[-42,-192],[-44,-17],[-17,-48],[-61,-46],[-43,-101],[-47,-51],[-66,-10],[-18,-43],[-56,-12],[-31,24],[-80,-41],[-25,-98]],[[32135,20587],[-83,22],[-45,118],[-52,22],[-76,-35],[-201,18],[-36,74],[-25,17]],[[31617,20823],[8,72],[29,101],[-66,138],[-94,8],[-16,105],[-23,39],[-22,131],[-84,6],[-37,20],[18,102],[-50,3],[-37,-52],[-124,-28],[-41,14],[-65,-77],[-23,2],[-58,86],[31,60],[-9,63],[-54,133],[49,-6],[4,61],[-39,44],[-36,82],[28,100],[-38,-11],[-18,60],[0,98],[-81,43],[-10,86],[41,146],[-15,23]],[[30785,22475],[42,38],[24,67],[71,-9],[99,42],[8,34],[-37,62],[55,62],[-22,82],[-59,42],[-1,109],[37,106],[57,-14],[29,68],[-31,44],[3,55],[-93,67],[14,82],[-97,-5],[-21,37],[49,23],[-23,39],[-49,15],[-82,80],[19,44],[-24,35],[43,75],[-40,100],[3,41],[84,71],[79,5],[3,62],[65,50],[33,-4],[26,67],[44,-31],[99,-10],[34,29],[-46,82],[-4,41],[-37,24],[31,54],[-17,52],[8,61],[70,-37],[48,24],[0,99],[27,61],[78,-29],[9,21],[181,7],[15,44],[92,27],[25,62],[-11,122],[20,146],[52,8],[-1,58],[-47,67],[82,67],[-3,34],[47,77]],[[33391,22928],[-12,-35],[-133,-81],[60,-28],[-45,-148],[-57,-81],[47,-55],[-24,-43],[-68,-16],[16,-56],[-45,-103],[-57,17],[-22,-33],[14,-71],[-45,-7],[-50,44],[-29,-85],[-96,-2],[8,78],[-55,11],[-74,-16],[-148,-47],[-3,-35]],[[24799,38302],[-32,-150],[3,-174],[76,-2],[131,-26],[-51,-136],[-7,-60],[34,-175]],[[25185,34288],[-5,-90],[16,-14],[5,-159],[-76,-139],[-76,15],[32,139],[8,82],[-118,-16],[-55,19],[-42,-144],[-79,-3],[-30,42],[-41,-23],[-62,7],[4,-166],[43,-6],[3,-77],[-15,-50],[-74,-14],[4,46],[-63,-2],[12,-189]],[[24576,33546],[-22,-81],[2,-64],[-78,-15],[-46,124],[-120,9],[2,-120],[-111,44],[-97,-7],[-123,46],[-22,-37],[-8,-133],[-20,-67],[-37,50],[-86,35],[25,145],[-117,-4],[-5,-61],[-49,-29],[-163,25],[-13,-98],[-107,-11],[-85,25],[-61,3],[-41,-49],[-125,-38],[-40,10],[34,-132],[-46,-26],[-64,-68],[-37,-12],[48,-96],[6,-65],[-47,-21],[-44,-49],[6,-46],[-42,-48],[-53,38],[-51,93],[-67,-20],[24,-78],[37,-26],[-49,-120],[41,-67]],[[22725,32505],[-150,-6],[-25,-41],[-130,-34],[-61,-45],[-21,-39],[-55,-34],[-131,125],[-30,44],[-115,59],[-66,-60],[-53,5],[-69,-33],[-42,68],[-113,-38],[-40,49],[-9,170],[-119,88],[-37,-13],[-121,139],[-65,-5],[-125,28],[-27,-12]],[[20574,33411],[-97,59],[124,47],[27,82],[-23,82],[88,46],[26,56],[101,3],[50,32],[21,76]],[[20891,33894],[63,30],[16,-23],[-18,-79],[31,-58],[52,-3],[52,36],[63,-52],[111,65],[19,52],[74,-26],[48,38],[37,87],[-22,58],[18,58],[52,33],[-7,40],[-117,4],[-2,42],[59,62],[45,7],[19,-77],[50,-31],[32,33],[-45,63],[-3,87],[-23,13],[151,188],[51,120],[-1,58],[49,90],[14,91],[-95,39],[-102,-30],[-73,-53],[-40,6],[11,64],[-37,22],[115,118],[105,74],[104,-32],[85,-56],[28,94],[-21,112],[23,147],[53,27],[1,48],[-35,39],[18,43],[-84,89],[-28,-29],[-51,35],[-64,5],[-70,29],[-5,87],[-104,-18],[-3,55],[-36,12],[-60,-24],[-26,-48],[-63,-33],[-29,52],[27,40],[43,5],[-40,120],[-49,7],[39,57],[-37,50],[39,131],[38,3],[21,-87],[58,94],[-14,45],[-76,-10],[-19,74],[23,20],[-17,100],[-59,-8],[-51,36],[-38,-3],[-5,58],[18,106],[-38,4],[-70,-104],[-30,56],[10,30],[82,30],[-35,52],[-17,67],[16,23],[106,-58],[25,-102],[34,16],[-6,143],[34,35],[49,-27],[67,40],[-10,-69],[79,-43],[35,31],[0,90],[28,72],[87,15],[42,60],[110,23],[-4,64],[-24,46],[1,71],[44,29],[29,-81],[33,-43],[52,14],[142,7],[-5,-154],[54,-7],[15,-35],[-35,-37],[0,-43],[50,-30],[62,14],[86,47],[35,48],[47,4],[2,85],[79,-13],[105,53],[-117,84],[39,97],[84,43],[8,152]],[[22557,37411],[133,2],[60,39],[87,84],[74,-11],[13,19],[160,36],[16,39],[130,-8],[108,5],[-27,59],[0,92],[-14,172],[87,50],[40,41],[54,-8],[11,103],[-50,4],[-90,72],[40,58],[56,-42],[42,21],[66,-24],[62,63],[92,-16],[15,-48],[47,37],[60,2],[99,30],[2,-98],[43,-44],[109,-62],[9,-73],[106,-33],[72,18],[-32,-103],[162,-4],[38,82],[95,-7],[50,50],[31,101],[-21,31],[-4,166],[211,-4]],[[29689,30905],[-84,-4],[-27,64],[30,76],[-11,33],[-106,-7],[6,-46],[-110,0],[44,-126],[22,-27],[88,-21],[-9,-112],[-54,-51],[-71,38],[-61,9],[14,-97],[43,-18],[3,-72],[67,-11],[55,-101],[1,-85],[83,-50],[-12,-56],[-113,17],[-61,-35],[-46,-69],[-17,-53],[-56,-65],[7,-114],[-46,-78],[-47,-21],[-47,-50],[3,-48],[-39,-15],[-8,-48],[48,-30],[-38,-57],[-6,-46],[-77,-51],[-25,-56],[-115,-104],[-91,-16]],[[28826,29302],[-35,22],[-263,54],[26,141],[-34,21],[-97,13],[-10,79],[-44,-6],[-5,62],[-113,10],[-20,74],[-52,24],[-158,-21],[-19,34],[-79,-7],[-63,-170],[-91,110],[-34,13],[-28,73],[5,68],[42,36],[7,83],[-37,67],[-34,-8],[-41,71],[-56,2],[-31,90],[50,77],[64,-29],[64,-10],[-20,102],[-113,4],[-4,47],[-85,3],[-15,32],[-183,-5],[-25,56],[45,62],[-97,70],[-12,39],[-61,-36],[-43,-44],[-74,-34],[-37,32],[-51,2],[-103,-27],[-17,-27],[-126,-39],[-46,-48],[-44,-4],[-13,-53],[-53,35],[7,69],[-102,59],[-83,-89],[33,-147],[19,5],[62,-115],[-29,-88],[-96,-49],[-96,88],[-42,-57],[-13,-147]],[[26223,29971],[-137,-76],[-51,43],[67,87],[8,60],[-40,37],[-85,28],[-76,84],[31,79],[52,93],[86,-8],[28,46],[38,-2],[17,89],[-34,37],[-110,-19],[-44,143],[8,49],[53,18]],[[26034,30759],[73,9],[70,-23],[62,83],[67,40],[18,86],[84,89],[76,14],[28,51],[93,-28],[54,63],[84,30],[11,65],[-86,81],[-1,36],[51,47],[18,46],[93,35],[63,-14]],[[26892,31469],[49,18],[47,42],[74,-24],[34,10],[65,-23],[59,10],[49,42],[145,35],[29,94],[28,36],[41,6],[100,-20],[13,71],[87,70],[153,-8],[0,-33],[-40,-67],[36,-59],[61,3],[36,50],[77,50],[34,87],[67,73],[81,9],[20,35],[44,148],[36,51],[98,10],[54,-17],[91,56],[56,-3],[109,38],[33,-20],[201,157],[24,37],[57,20],[67,48],[69,110],[106,7],[94,26],[46,69],[69,61],[84,24],[186,5],[52,25],[58,57],[-12,88],[16,32]],[[29875,33005],[75,55],[-5,205],[18,52],[72,51],[46,80],[68,69],[65,28],[23,35],[31,132],[69,99],[38,21],[143,159],[98,93]],[[32055,40664],[-223,-2],[-1,48],[-98,19],[-32,-43],[-138,29],[-17,42],[-65,68],[-70,-4],[-91,25],[-80,-25],[-36,17],[-22,-55],[-83,50],[-42,0],[-33,90],[-42,35],[7,68],[-64,18],[-46,-65],[-50,-29],[-116,39],[-58,-8],[-13,38],[-45,-10],[-91,75],[-48,-29],[-2,-142],[-71,-50],[-70,-108],[-69,35],[31,66],[-131,34],[-126,8],[-61,21],[-141,-1],[-43,-57],[-43,41],[-5,73],[-123,0],[-43,-46],[-15,-54],[-64,23],[41,57],[-50,18],[-14,61]],[[29459,41034],[6,95],[30,7],[9,83],[83,29],[-33,41],[10,74],[-29,28],[24,39],[69,-24],[81,30],[47,46],[41,102],[-77,92],[-98,23],[11,154]],[[29633,41853],[87,1],[30,-80],[98,-33],[19,56],[86,-1],[-5,29],[77,27],[95,-18],[28,16],[37,65],[57,2],[-11,83],[22,181],[-7,180],[119,17],[-8,167],[51,22],[13,34],[-51,48],[-74,4],[-33,19],[32,77],[-22,31],[27,49],[36,-12],[36,113],[130,7],[21,-74],[91,-16],[-8,58],[39,21],[57,-40],[29,-78],[99,-8],[36,30],[42,-21],[26,56],[-72,104],[88,43],[64,2],[29,53],[33,119],[29,11],[6,66],[36,31],[48,-28],[50,14],[-29,66],[-8,64],[51,4],[60,117],[12,78],[49,19],[-42,58],[25,85],[63,6],[22,30]],[[31448,43807],[168,79],[43,59],[57,-93],[42,69],[54,-4],[-18,-67],[18,-109],[107,-11],[33,-35],[-8,-38],[-55,-47],[22,-46],[-19,-49],[-89,-69],[-16,-52],[157,-33],[99,26],[2,-92],[29,-45],[70,-38],[51,33],[41,-11],[71,61],[-14,76],[39,19],[104,-60]],[[27321,39728],[-24,-93],[82,-46],[27,-51],[-35,-63],[9,-40],[119,-43],[144,-127],[38,-68],[62,-38],[84,5],[14,-37],[70,-95],[38,-8],[53,54],[42,15],[141,10],[110,65],[37,-36],[5,-67],[-28,-47],[25,-31],[70,19],[21,-34],[-100,-62],[9,-36],[62,-31],[8,-93],[40,-10],[58,70],[50,34],[1,-265],[28,-83],[-10,-99],[-120,-17],[2,-155],[61,-31],[61,57],[33,-3],[45,-62],[11,-96],[-94,-3],[10,-115],[73,-6],[38,-99],[-29,-24],[-106,17],[-6,39],[-189,41],[-57,-78],[-12,-72],[205,-23],[-9,-57],[-51,25],[-62,-12],[-24,-126],[164,-3],[56,-15],[18,-79],[-37,-21],[-33,-78],[61,-33],[-40,-42],[-2,-41],[-73,-138],[16,-130],[28,-53],[-12,-35],[25,-48],[10,-102],[40,-146],[-15,-42],[4,-181],[15,-63],[-114,-12],[-44,12],[-26,-48],[-101,-9],[-72,16],[0,-129],[-81,19],[-14,-69],[33,-119],[-31,-2],[-44,-74],[38,-34],[-11,-121],[69,6],[90,-41],[-7,-105],[28,-76],[-26,-56],[-60,-75]],[[28203,35430],[-107,-33],[-34,-101],[-24,-21],[-140,59]],[[24799,38302],[49,16],[42,45],[80,28],[125,-48],[45,60],[83,22],[76,-75],[11,-76],[83,26],[45,52],[140,-8],[-1,159],[137,-11],[4,-126],[89,-14],[30,-56],[116,49],[-34,72],[12,197],[-63,-19],[-21,60],[51,57],[55,4],[9,31],[-24,160],[-71,-2],[-3,74],[-74,102],[-3,98],[93,67],[22,37],[-22,213],[-87,7],[-27,81],[-64,35]],[[25702,39619],[34,96],[-10,51],[-100,34],[-19,118],[129,34],[-2,113],[35,136],[35,73],[49,-16],[44,-51],[64,-22],[0,-67],[36,-88],[58,-16],[50,13],[51,38],[75,-51],[38,-6],[44,-105],[100,-33],[22,40],[-5,64],[20,82],[59,4],[59,-49],[11,-70],[60,30],[7,74],[55,-40],[7,-135],[-10,-62],[59,-29],[71,-82],[37,3],[103,44],[100,5],[52,48],[74,-6],[92,11],[35,-74]],[[32135,20587],[37,-41],[-28,-85],[59,-45],[100,-24],[94,40],[60,-28],[122,13],[45,18],[86,-34],[92,6],[159,-57],[87,-20],[44,-73],[4,-70],[92,-76],[-72,-149],[-89,-60],[-107,-163],[-89,-214],[3,-50]],[[32834,19475],[-97,2],[-157,-52],[-63,-9],[-87,25],[-85,-34],[-115,31],[-22,-31],[-28,-120],[-76,3],[4,-87],[-14,-86],[18,-20],[-48,-122],[-5,-57],[-34,-74],[-65,-35],[-38,6],[-68,46],[-92,8],[-33,-54],[-68,-19],[-143,148],[-23,-32],[-126,48],[-16,-54],[-35,-17],[-130,-3],[-82,-32],[-99,-9],[-22,-36],[-59,-2],[-37,-60],[21,-124],[-45,39],[-71,3],[-89,127],[40,53],[-71,21],[-64,66],[-63,30],[-103,-45],[-53,-97],[-52,60],[-155,8],[-41,-66],[2,-58],[-27,-97],[-94,-97],[-82,-187],[-1,-74],[32,-22],[42,-81],[-48,-103]],[[29967,18103],[-4,36],[-68,50],[-225,35],[-436,-10],[-61,-13],[-115,20],[-73,27],[-46,216],[-95,89],[-30,14],[-66,-58],[-40,-16],[-78,-87],[-96,16]],[[28534,18422],[-46,20],[-28,69],[3,89],[52,26],[3,30],[-43,71],[4,48]],[[28479,18775],[2,64],[28,61],[-1,45],[132,-57],[28,99],[77,15],[-4,141],[25,0],[124,46],[73,-56],[9,128],[46,59],[19,58],[-15,54],[-42,38],[82,138],[81,26],[109,-32],[27,22],[24,68],[53,11],[50,-40],[66,-9],[15,-48],[80,29],[27,41],[101,-18],[52,-54],[61,22],[-24,81],[99,68],[9,-63],[57,-47],[70,-6],[82,61],[16,-59],[54,-5],[73,60],[44,14],[3,42],[-80,8],[-16,42],[-66,29],[0,41],[-72,-8],[13,71],[28,33],[-30,119],[-91,9],[-51,39],[33,104],[37,12],[-4,71],[58,-35],[11,-106],[71,-78],[44,-25],[61,1],[81,-59],[73,49],[30,85],[34,25],[25,132],[63,-90],[26,-62],[55,20],[30,54],[6,53],[70,15],[34,42],[48,22],[65,-2],[86,71],[4,71],[-32,45],[-44,11]],[[30891,20581],[136,52],[61,12],[-14,56],[10,70],[-9,61],[289,-9],[77,21],[107,-55],[69,34]],[[28279,25605],[34,-118]],[[28313,25487],[-5,-61],[-47,-19],[-32,-46],[-80,79],[-60,-48],[-28,-63],[-96,-2],[-8,24],[-82,-10],[-22,-150],[-107,1],[4,-66],[-41,7],[19,62],[-112,6],[-70,-128],[-4,-107],[-38,-28],[-60,0],[-75,-27],[-6,-79],[-115,30],[-52,-30],[-26,-94],[15,-160],[20,-120],[-16,-96],[-73,16],[-11,33],[-80,-10],[-24,18],[-104,-8],[-64,-16],[-103,14],[-33,20],[-63,-18],[-49,-71],[-22,64],[-76,-26],[-57,23],[-33,-12],[0,-134],[-101,-33],[-16,20],[-73,-3],[-68,-68],[-15,-52],[21,-108],[58,-51],[-62,-62],[-19,-117],[45,-83],[-9,-145],[-45,-26],[-56,46],[-162,-19],[-63,4],[-25,-73],[-50,-39],[-71,-123],[-19,-95],[-72,-19],[-70,-90]],[[25525,23119],[-7,112],[-103,88],[-32,47],[53,74],[2,64],[-38,43],[17,74],[-43,76],[-89,89],[-25,-55],[-55,93],[-104,67],[-32,-50],[-47,34],[-4,117],[-39,68],[-74,61],[-86,8],[-79,-49],[-16,-85],[-48,-58],[-96,6],[-18,-23],[-82,4],[-149,110],[-2,59],[-35,18]],[[24294,24111],[-82,88],[-25,-7],[-7,110],[-52,149],[-45,79],[-81,-20],[-33,41],[-87,185],[39,66],[74,-16],[49,42],[18,86],[51,21],[-23,38],[36,50],[14,105],[-50,54]],[[24090,25182],[-10,42],[114,120],[112,23],[73,57],[3,92],[-26,34],[30,34],[-49,57],[38,69],[73,6],[56,-88],[58,-68],[66,77],[105,33],[53,-23],[81,68],[2,64],[46,-22],[97,58],[27,82],[-71,175],[87,24],[26,30],[100,36],[21,69],[92,65],[100,-27],[63,-82],[33,-4],[64,42],[47,65],[98,8]],[[25699,26298],[14,-55],[60,-48],[-30,-44],[17,-62],[68,-2],[28,50],[70,9],[12,29],[-53,49],[36,83],[26,-47],[36,59],[154,9],[57,40],[45,3],[-7,48],[60,-16],[47,26],[53,-7],[62,87],[38,-13],[207,-31],[85,3],[81,23],[22,76],[73,83],[63,-29],[67,74],[41,-18],[34,27],[11,99]],[[27176,26803],[56,14],[24,-71],[80,-8],[62,-57],[61,-195],[50,3],[11,-97],[60,-214],[64,-14],[14,-46],[61,-14],[100,5],[7,-123],[47,-3],[32,-49],[71,-65],[71,-7],[-30,-129],[5,-24],[84,-65],[105,23],[25,-70],[43,8]],[[30545,28083],[-25,-24],[21,-46],[-15,-79],[62,-31],[12,-41]],[[30345,27533],[-60,-44],[-25,-80],[-57,9],[-63,-52],[-34,-112],[-39,-30],[-116,22],[-44,-79],[83,-59],[1,-60],[-89,-53],[-33,-50],[3,-71],[-114,28],[-95,-18],[2,-43],[-61,-13],[-49,-33],[26,-56],[98,-147],[28,-20],[8,-135],[-20,-76],[-96,15],[-37,48],[-93,-101],[-31,-98],[3,-88],[-13,-117],[-43,66],[2,45],[-50,10],[-102,-24],[-13,66],[-47,-35],[-138,-35],[20,-96],[-106,-56],[-127,-163],[-72,-27],[-103,-20],[1,-75],[-22,-27],[-52,14],[-51,-44],[-51,-10],[-15,40],[-40,0],[-38,-47],[-25,54],[-77,-51]],[[27176,26803],[-10,75],[53,91],[74,5],[15,145],[-66,-16],[-29,39],[2,99],[16,44],[-6,105],[25,76],[-21,94],[-47,-26],[-36,65],[29,98],[46,43],[-1,32],[52,19],[12,69],[-21,16],[-3,74],[14,70],[36,24],[25,66],[130,15],[50,27],[-15,86],[-30,32],[-28,110],[34,24],[125,-9],[-5,118],[-14,48],[19,76],[-16,83],[-49,74],[118,74],[12,44],[102,-2],[46,-55],[73,20],[76,-22],[20,-77],[39,-58],[67,8],[121,-5],[57,43],[118,9],[62,53],[81,15],[9,34],[112,13],[-11,89],[11,100],[82,7],[83,47],[88,73],[-25,58],[-51,40]],[[25525,23119],[26,-154],[108,9],[94,-72],[-25,-100],[11,-39],[-17,-83],[29,-10],[70,-128],[57,-42],[-30,-113],[-81,-48],[36,-43],[120,17]],[[25923,22313],[-45,-55],[-38,-73],[-21,-139],[39,-30],[35,-101],[3,-76],[26,-73],[-50,-49],[-46,-15],[-42,-65],[-52,-38],[-42,6],[-44,94],[-69,-90],[-53,-45],[2,-42],[-100,29],[-16,-31],[-97,-26],[-17,-84],[-91,45],[-6,50],[31,47],[-125,114],[-8,-42],[-40,-12],[-19,-45]],[[25038,21567],[-35,-27],[-24,31],[-38,-22],[-19,-2],[-13,-19],[-15,-34],[-3,-32],[-57,-40],[-51,-8],[-1,33],[-17,76],[-52,24],[-57,23],[2,74],[-82,4],[-35,132],[71,81],[86,-24],[40,62],[-68,10],[-23,42],[-86,48],[-134,-179],[-53,-5],[-30,40],[-16,90],[-37,33],[9,71],[-65,9],[-44,-41],[-52,12],[-48,68],[32,15],[38,84],[-58,33],[-44,-8],[-66,19],[-29,59],[-67,-7],[-7,-88],[-44,-31],[-78,8],[-16,39],[5,63],[42,-2],[-25,105],[-40,14],[-121,-18],[-39,92],[58,84],[-11,94],[-120,-49],[-57,25],[-87,-30],[-120,-57],[-31,-27],[-64,21]],[[23142,22535],[-76,162],[-57,184],[-26,24],[-13,85],[-37,164],[-33,203],[-28,114],[-35,190],[10,36],[-12,54],[13,38],[-8,19],[2,21],[2,1],[23,5]],[[22867,23835],[29,-26],[13,27],[-11,43],[32,-6],[9,-3],[26,30],[58,17],[109,-1],[32,-57],[5,-52],[57,-6],[-16,-194],[169,-47],[2,-62],[73,12],[28,-18],[45,51],[73,-54],[-43,-48],[11,-41],[84,-18],[54,50],[3,69],[59,17],[101,93],[76,172],[66,67],[42,97],[61,-29],[49,24],[56,62],[14,41],[61,66]],[[25699,26298],[-3,224],[20,87],[73,27],[28,57],[39,6],[67,105],[15,61],[62,-4],[68,16],[-14,107],[-90,130],[-28,60],[-6,63],[32,82],[73,77],[80,4],[31,25],[-43,51],[-180,-34],[-42,7],[-79,43],[-61,-11],[-20,-62],[-60,11],[-30,-19],[-170,111],[-71,37],[-152,18],[-71,-23],[-36,26],[-142,47],[4,37],[85,89],[121,95],[84,3],[-111,112],[89,41],[101,7],[29,-50],[42,24],[-3,165],[8,88],[22,0]],[[25460,28238],[149,-2],[29,44],[51,18],[24,79],[79,-2],[-34,87],[5,109],[48,150],[12,93],[-39,46],[21,80],[118,-14],[61,111],[42,-4],[28,-58],[46,12],[114,139],[63,16],[79,-35],[6,90],[20,45],[54,65],[-47,141],[27,143],[-3,52],[-42,53],[-20,63],[-79,-30],[-108,41],[13,70],[60,54],[-14,77]],[[25057,31182],[-54,-8],[-119,-40],[-38,56],[-52,12],[-21,56],[12,46],[42,37],[-42,30],[-5,185],[-99,-19],[3,-55],[-69,-12],[-2,-29],[-91,-50],[-33,-37],[-41,6],[-52,-31],[-122,-10],[-14,21],[-71,-7],[-24,27],[-62,-28],[-14,65],[60,105],[-58,52],[-21,-66],[-85,-11],[23,-84],[-120,-24],[5,-139]],[[23893,31230],[-79,1],[-8,30],[-116,-45],[-145,-3],[-68,-12],[-70,5],[-2,-54],[-43,-6],[-56,-47],[-14,44],[-49,-17],[-41,147],[5,58],[-83,16],[-53,86],[-49,26],[73,134],[93,91],[-13,74],[50,75],[74,67],[-11,91],[-25,90],[-135,115],[-15,41],[-70,-26],[-29,37],[-18,152],[-76,-26],[-57,64],[-98,60],[-40,7]],[[24576,33546],[58,9],[58,-45],[84,-19],[-1,-99],[84,-8],[12,86],[88,-15],[82,-34],[44,56],[55,4],[14,32],[72,8],[11,72],[65,2],[47,-161],[3,-41],[181,-4],[-19,-118],[-54,-97],[-20,-105],[8,-89],[-85,-31],[-74,2],[-32,-38],[-12,-104],[54,-18],[22,-65],[-5,-92],[17,-79],[-19,-200],[-81,52],[-82,-3],[14,-99],[30,-39],[-29,-74],[3,-102],[-124,-4],[-37,-106],[0,-43],[48,0],[-1,-80],[26,-56],[55,5],[25,-68],[-50,-36],[-113,0],[2,-93],[43,-41],[12,-79],[46,-67],[13,-68],[-58,-74],[1,-98]],[[26532,34103],[105,-42],[178,-126],[124,-33],[4,39],[86,28],[22,-81],[51,8],[101,-54],[21,-163],[-72,-56],[-63,25],[-51,-32],[-33,-65],[44,-45],[61,10],[-5,-68],[-40,-7],[-109,13],[-6,49],[-75,-1],[-15,58],[-56,3],[-30,27],[16,100],[-43,66],[-37,17],[-32,-116],[-57,-14],[3,-157],[49,-9],[11,-84],[-11,-53],[43,-39],[0,-66],[-107,-45],[-1,-125],[-27,-180],[-144,-21],[-25,-121],[50,-97],[52,-26],[65,5],[-2,-72],[23,-67],[130,-19],[-4,-185],[-51,-7],[15,-63],[-7,-175],[23,-53],[29,-138],[27,5],[45,-163],[0,-53],[79,-59],[6,-107]],[[26034,30759],[-36,98],[-72,47],[-134,22],[7,-26],[-78,-49],[8,-50],[-46,-16],[-108,87],[-86,1],[-2,117],[-16,66],[-63,27],[-29,36],[-46,12],[-124,-13],[-36,65],[-116,-1]],[[31517,36238],[-72,-19],[-83,56],[-145,31],[-105,38],[-24,31],[0,68],[-66,64],[-104,14],[-125,74],[-69,60],[-45,-4],[-67,-56],[-42,-2],[-27,55],[15,112],[-38,50],[-59,8],[-36,-29],[-3,-74],[18,-75],[-23,-32],[-94,-23],[-105,-49],[-104,27],[-59,-44],[10,-49],[-37,-89],[-33,-42],[-86,-36],[-130,-28],[-80,41],[-52,-57],[-264,-142],[-78,-58],[-149,-72],[-86,4],[-117,-96],[-109,-59],[-125,-34],[-209,-150],[-39,-56],[-128,-73],[-80,-73],[-60,-20]],[[27321,39728],[72,56],[27,57],[67,15],[56,-52],[89,-43],[2,-153],[42,-12],[11,63],[-23,131],[36,29],[160,25],[53,43],[20,-63],[70,-5],[19,-97],[144,-5],[-15,52],[106,25],[30,-147],[102,4],[39,92],[61,43],[-9,81],[-159,22],[28,123],[11,100],[-137,-8],[-10,137],[66,12],[78,52],[-20,35],[-72,-14],[2,75],[69,20],[-19,73],[-72,24],[-20,78],[-9,118],[143,12],[148,23],[29,65],[16,86]],[[28552,40900],[82,42],[128,19],[-16,34],[6,165],[129,6],[0,164],[125,16],[29,-87],[4,-136],[61,16],[41,75],[18,105],[36,47],[44,-47],[13,-101],[85,-47],[27,-107],[52,-2],[43,-28]],[[29235,23453],[11,-79],[-10,-47],[-68,-45],[24,-34],[-13,-49],[-36,-4],[-30,-73],[16,-57],[-33,-43],[16,-40],[-48,-29],[-20,-92],[-187,-25],[-14,-50],[-47,-18],[-42,-57],[4,-77],[-56,-57],[-68,30],[40,56],[-82,103],[-63,11],[-4,118],[-58,36],[7,-77],[-74,-1],[-14,-48],[-54,-46],[9,-40],[-120,11],[-21,-56],[29,-45],[38,0],[-22,-76],[42,-50],[-45,-76],[12,-46],[57,-36],[-8,-79],[-61,-125]],[[28242,22141],[-14,-38],[-59,-48],[24,-32],[-7,-51],[-53,-6],[-6,44],[-37,39],[-22,-53],[-87,6],[-68,26],[-3,32],[-69,34],[-66,-53],[-6,-55],[-45,-94],[-6,-58],[-85,18],[-55,-33],[18,-28],[-15,-67],[-74,-70],[-44,2],[-36,-44],[-28,53],[-111,96],[-61,7],[-9,62],[-78,4],[-17,-27]],[[27123,21807],[-79,64],[-66,-90],[-42,-3],[-45,121],[-37,42],[24,90],[-35,69],[35,85],[-19,36],[57,17],[21,72],[-17,38],[-60,23],[-25,65],[7,103],[48,9],[61,122],[-77,40],[-61,5],[-8,40],[-76,-9],[-22,40],[-79,20],[-40,-45],[-1,-85],[31,-66],[-67,-112],[-10,-78],[18,-25],[104,-67],[0,-107],[-27,-19],[-138,-10],[-95,118],[-63,-40],[-54,-3],[-54,-51],[-46,17],[-58,76],[-32,-5],[-55,38],[-40,-24],[-78,-5]],[[28313,25487],[67,-45],[46,-2],[17,-37],[87,-2],[-37,-59],[-62,-20],[-2,-43],[58,-51],[-24,-70],[37,-43],[-61,-102],[-26,-127],[-39,-86],[-123,-14],[20,-134],[-14,-85],[26,-60],[2,-132],[33,-63],[49,-10],[-32,-76],[5,-46],[79,-6],[111,-48],[14,-44],[74,-35],[15,-66],[65,-18],[-27,-171],[24,-27],[84,26],[3,-40],[58,-61],[55,34],[189,-27],[59,9],[42,-36],[-48,-78],[16,-47],[1,-80],[81,-12]],[[25460,28238],[-57,90],[-59,22],[-11,138],[-63,-12],[-14,-87],[-80,43],[-89,77],[-59,9],[-68,57],[-72,13],[-74,66],[26,68],[75,17],[11,81],[-63,27],[-16,-36],[-50,19],[10,89],[-15,58],[16,36],[-47,31],[-45,76],[-153,-6],[-24,59],[96,49],[-41,77],[-68,76],[-60,1],[-19,-84],[-41,9],[1,80],[-25,17],[-49,-43],[-85,43],[-9,48],[81,-3],[7,65],[-25,42],[-44,-11],[-71,38],[-14,-59],[-63,9],[-5,45],[-68,-5],[-76,69],[-91,19],[-82,-19]],[[23788,29636],[-67,89],[16,20],[-15,110],[-42,47],[68,32],[29,71],[-19,83],[75,14],[24,27],[2,98],[79,12],[-5,33],[-62,25],[-17,44],[18,51],[-17,257],[65,28],[50,2],[-10,109],[-50,5],[-25,66],[-13,100],[-20,57],[25,49],[-5,63],[21,102]],[[27123,21807],[-33,-48],[-75,-67],[28,-46],[-72,-23],[-45,-54],[-6,-63],[38,-129],[-58,-10],[-89,-45],[-25,-71],[-42,-62],[15,-49],[65,-42],[94,-123],[74,-26],[57,-49],[0,-73],[54,-62],[1,-91],[25,-50],[135,-7],[39,-41],[97,-152],[56,-31],[53,8],[38,-135],[91,-144],[23,-66],[8,-121],[32,-62],[-6,-51],[-30,-44],[-56,-15],[-117,-146],[-51,-26]],[[27441,19591],[-58,-34],[-64,-1],[-150,-107],[-89,-3],[-20,-31],[-76,5],[-96,33],[-80,-4]],[[26808,19449],[-168,30],[-89,61],[-23,50],[-48,16],[-22,37],[11,69],[-95,103],[-13,72],[19,70],[-22,23],[-113,17],[-83,-24],[-76,-38],[-9,26],[-27,52],[-21,19],[-29,55],[-67,-45],[-36,2],[-67,108],[-2,41],[-20,36],[-25,4],[-9,13],[-65,14],[-46,-13],[-12,-8],[-30,28],[-65,61],[-44,66],[-26,29],[-12,1],[-25,25],[17,29],[-44,48],[-7,35],[-11,16],[-3,11],[-21,50],[-7,15],[-25,37],[-34,7],[-5,7]],[[25309,20704],[-34,72],[-54,35]],[[25221,20811],[-31,-26],[-59,6]],[[25131,20791],[-37,7],[-40,-21]],[[25054,20777],[39,49],[-25,33],[-41,111],[10,23],[25,68],[-9,28],[-53,12],[-8,12],[-24,15],[-54,26],[-45,76],[17,83],[-4,62],[-10,23]],[[24872,21398],[67,-4],[21,-21]],[[24960,21373],[40,9],[39,25],[33,46],[-34,114]],[[34760,22528],[-75,9],[-30,23],[-84,15],[-27,-18],[-75,33],[-55,4],[-22,64],[-97,61],[-36,64],[-40,36],[-147,42],[-45,-28],[-3,-41],[-52,-35],[43,-39],[-14,-29],[-70,1],[0,55],[-35,46],[-48,-4],[2,56],[-63,-27],[-24,-61],[-82,34],[21,83],[44,24],[-47,86],[-93,-25],[-18,-32],[-81,-2]],[[31845,25307],[-11,44],[33,76],[-30,45],[-3,101],[-25,65],[-39,18],[-8,75],[33,101],[40,78],[64,45],[116,1],[15,33],[59,6]],[[28051,34341],[17,-38],[64,3],[32,34],[63,0],[36,-35],[-27,-75],[38,-35],[32,59],[-7,104],[61,32],[4,-49],[65,0],[113,-52],[-21,-85],[102,-53],[0,-56],[-23,-43],[-109,-85],[21,-46],[73,-22],[0,-136],[13,-44],[136,-84],[54,-11],[45,17],[68,-61],[45,-4],[58,27],[90,-33],[37,10],[5,-100],[187,-29],[62,-31],[-6,-70],[77,27],[7,-86],[-49,14],[2,-73],[32,-47],[199,-15],[32,-81],[62,-44],[134,-40]],[[30891,20581],[-20,-83],[-64,-5],[-46,68],[-58,4],[-80,-17],[-36,34],[-87,5],[-33,66],[9,75],[-67,32],[11,61],[58,-18],[-23,93],[-30,13],[-1,87],[-77,10],[8,-68],[-92,-49],[-24,100],[53,13],[4,82],[-12,97],[-33,43],[-1,61],[-24,46],[-42,-12],[-38,-112],[-110,-41],[-32,38],[-69,-20],[-15,-59],[-46,-1],[-22,-99],[-80,-52],[-60,16],[-27,-57],[1,-102],[-39,-22],[-31,58],[-36,7],[-5,81],[-41,53],[-66,-18],[-66,63],[6,84],[-62,-11],[-49,35],[-89,-104],[-87,-10],[-67,-61],[-41,1],[-23,50],[13,61],[-30,47],[31,47],[7,79],[-80,54],[-33,-3],[-182,125],[-103,45],[1,92],[-40,16],[-96,165],[-57,-16],[-1,76],[-54,12],[-29,116],[-23,17],[2,69],[-39,34],[0,50],[-35,19]],[[29235,23453],[72,4],[73,178],[71,-71],[28,15],[206,-17],[73,-29],[14,-58],[84,-4],[54,-39],[85,-86],[-43,-22],[3,-85],[81,-80],[58,-29],[-60,-34],[19,-44],[65,-5],[14,-32],[-1,-136],[51,-103],[64,-81],[91,-14],[68,7],[136,-146],[53,-9],[60,56],[29,-109],[61,28],[41,-33]],[[28479,18775],[-122,-64],[-57,14],[-34,-36],[-39,1],[-85,50],[-36,121],[-57,33],[-29,59],[-107,-20],[-89,18],[-45,73],[-8,111],[-67,55],[-156,-25],[-46,-46],[-61,24],[0,448]],[[24090,25182],[-97,-4],[-35,112],[-76,15],[-5,56],[-27,49],[-74,63],[-8,60],[-38,82],[84,53],[-2,57],[-81,27],[-64,82],[-10,97],[42,21],[-50,53],[25,64],[-61,48],[-10,102],[-89,54],[-109,47],[-27,39],[9,54],[-24,31],[-34,120],[-16,99],[-47,30],[-77,9],[-53,-11],[-13,59],[-44,54],[-85,53],[-104,21],[-91,5],[-32,-15],[-69,10],[-65,-27],[-21,82],[-44,4],[9,76],[-43,36],[-71,93]],[[22463,27142],[-3,44]],[[22460,27186],[37,157],[-75,22],[15,67],[-25,74],[-44,61],[23,76],[-10,99],[-51,9]],[[22330,27751],[-8,69],[85,30],[53,55],[83,-64],[23,21]],[[22566,27862],[49,-30]],[[22615,27832],[48,-50],[61,-9]],[[22724,27773],[18,-4],[3,26],[-70,76]],[[22675,27871],[-41,208],[17,42]],[[22651,28121],[30,82],[33,-14]],[[22714,28189],[92,-93],[62,-24],[127,5],[67,-23],[54,-51],[41,31],[47,-18],[48,18],[14,40],[63,-5],[66,68],[10,44],[-34,30],[-5,44],[-50,-9],[-15,40],[25,90],[29,32],[115,8],[43,-12],[14,55],[-119,100],[40,67],[-14,87],[-49,20],[-45,93],[-123,-6],[-28,67],[59,97],[-6,75],[42,83],[2,47],[86,-2],[76,37],[16,45],[74,6],[16,-102],[-12,-37],[46,-43],[-21,-64],[15,-42],[55,59],[121,35],[-12,96],[47,21],[12,55],[-46,-3],[-57,50],[2,185],[84,151]],[[22867,23835],[-23,-1],[-11,-8],[7,-31],[-23,-25],[-13,46],[-40,207],[-85,325],[-34,160],[-2,87],[-31,119],[-55,68],[-9,99],[6,70],[-11,211],[-13,26],[-32,331],[-46,302],[-21,98],[-39,46],[-23,98],[-57,346],[-63,286],[-51,99],[-36,132]],[[22162,26926],[30,13],[30,51],[8,-1],[25,-9],[84,27],[29,-29],[41,36],[-18,35],[37,62]],[[22428,27111],[35,31]],[[22714,28189],[-33,14],[-30,-82]],[[22651,28121],[-17,-42],[41,-208]],[[22724,27773],[-61,9],[-48,50]],[[22566,27862],[-23,-21],[-83,64],[-53,-55],[-85,-30],[8,-69]],[[22460,27186],[3,-44],[-35,-31]],[[22162,26926],[-61,96],[-56,-4],[-48,69],[-77,74],[-45,137],[-7,102],[-39,139],[-11,100],[-37,208],[-26,105],[-47,18],[-83,246],[-29,122],[-27,67],[-27,205],[-44,176],[-28,34],[-13,72],[-74,206],[4,67],[78,65],[-49,80],[-66,-54],[14,-85],[-131,-9],[-17,123],[-71,166],[-60,117],[37,15],[-20,104],[12,72],[-63,147],[-49,85],[-42,29],[-32,-39],[-120,-7],[-49,55],[-71,16],[-55,90],[-114,25],[-60,70],[57,12],[38,-19],[21,55],[-6,80],[-43,35],[-2,45],[-42,82],[-7,57],[24,30]],[[20726,30771],[58,23],[38,-38]],[[20897,30711],[19,37],[59,20],[8,41]],[[28467,10468],[2,-52],[-75,-1],[-4,24],[77,29]],[[28572,10506],[-2,-87],[-96,-3],[-3,54],[101,36]],[[28633,10484],[29,-60]],[[28662,10424],[-87,-5],[2,87],[56,-22]],[[28502,10550],[37,-50],[-142,-57],[-7,31],[78,40],[34,36]],[[28278,11719],[24,-55],[33,-16],[20,-80],[-40,-14],[-39,29],[11,72],[-9,64]],[[28674,10418],[15,-110],[60,-14],[31,-27],[-3,-65],[-4,-36],[-15,-28],[-18,-79],[33,-12],[8,-45],[1,-11],[-2,-26],[5,-47]],[[28785,9918],[13,-18]],[[28798,9900],[-4,-79],[-4,-21],[4,-67],[-79,-23],[-40,-49],[7,-29],[73,-19],[102,9],[21,-17],[61,18],[1,41],[31,56],[114,-1],[96,-36],[60,9],[-11,-62],[55,-80],[3,-60],[43,-14],[44,34],[41,-44],[-51,-50],[-48,-7],[-35,-58],[17,-45],[-63,-35],[12,-70],[34,-44],[48,-7],[62,-94],[-35,-10],[-10,-71],[-60,-8]],[[29287,8967],[-46,-3],[-28,-49],[-71,-30],[-80,3],[-20,-53],[-53,-21],[-64,6],[-28,98],[-98,1],[-41,-48],[-55,-6]],[[28703,8865],[-213,512],[-91,205],[-53,141],[-60,131],[-44,126],[-36,139],[-63,279],[-36,238],[-19,170],[-7,119],[-31,327],[-45,275]],[[28005,11527],[15,69],[36,11]],[[28056,11607],[50,20],[-15,122],[82,-24],[-9,-30],[17,-131],[1,-96],[49,6],[-16,64],[-33,12],[-6,154],[35,8],[34,-62],[9,-80],[40,-44],[57,-22],[-39,-77],[29,-75],[14,-133],[-18,-49],[-4,-121],[26,-44],[62,-18],[-1,-81],[-29,-20],[-3,-72],[-50,-85],[-10,-50],[12,-54],[-28,-32],[-22,-131],[14,-54],[39,-14],[51,16],[280,8]],[[28005,11527],[-35,206],[-40,166],[-41,127],[-1,32],[54,19],[25,-28],[27,-114],[87,-40],[12,-30],[-35,-42],[-96,-11],[39,-124],[39,21],[-9,58],[35,15],[22,-93],[1,-59],[-33,-23]],[[27970,12080],[49,-17],[51,-108],[-4,-40],[-74,49],[-22,116]],[[27904,12244],[40,-31],[24,-92],[-47,-19],[-17,142]],[[29413,13165],[-30,-58],[-6,-89],[-18,-53],[-75,-85],[-31,-112],[52,-78],[52,2],[185,-176],[149,-123],[43,-7],[40,-69],[118,-60],[6,-45],[-159,80],[-62,-88],[19,-42],[-21,-69],[-60,30],[-75,-32],[-55,22],[26,-109],[-47,-82],[-48,-53],[-81,-20],[-101,5],[-23,-33],[6,-90],[19,-25],[-21,-86]],[[29215,11620],[-30,7],[-50,-67],[-47,23],[-44,-16],[1,-55],[-79,-42],[-7,-47],[-50,11],[-5,27],[-6,34],[-61,7],[-30,97],[-16,5],[-76,-17],[-19,5],[-70,1],[-58,-61],[-95,-36],[-44,22]],[[28429,11518],[-35,28],[11,46],[-76,197],[-36,66],[-48,33],[-26,-23],[37,-106],[-41,-12],[-42,26],[-17,91],[-43,91],[-32,18],[-78,178],[21,50],[-13,47],[-65,98],[-10,46],[38,64],[-9,59],[-100,103],[42,-145],[-64,88],[-11,103],[-62,27],[38,-104],[-9,-50],[34,-30],[15,-64],[-20,-42],[43,-33],[23,-64],[-8,-81],[22,-92],[-12,-37],[-53,10],[-22,109],[-56,175],[-67,293],[-54,153],[37,45]],[[27681,12879],[17,7],[40,13],[60,42],[52,-16],[85,-9],[10,-15],[42,-83],[74,14],[19,22],[39,-12],[-4,94],[59,11],[47,90],[99,28],[29,52],[84,89],[26,4],[16,64],[50,-21],[64,22],[81,-16],[72,0],[32,-19],[129,5],[41,-21],[89,72],[87,-75],[74,-31],[72,27],[59,-9],[22,-26],[66,-17]],[[31483,13018],[20,-50],[-56,-103],[-18,-91],[6,-101],[-26,-64]],[[31409,12609],[-79,32],[-147,-92],[24,-83],[32,-19],[91,-108],[64,-90],[-29,-48],[32,-113],[40,-34],[-40,-80],[-34,2],[-63,-76],[-17,-64],[-44,-43],[8,-62],[-26,-44],[85,-87],[-51,-106],[35,-5],[48,-60],[4,-33],[-84,-32],[9,-93],[-22,-67],[8,-59],[-64,-23],[6,-111],[-42,-96],[-48,-46],[-38,-129],[3,-47],[66,-16],[39,33],[128,-124],[25,11],[71,-39],[37,5],[88,77],[61,22],[58,-97],[69,39],[15,-39],[-32,-39],[51,-63],[0,-52],[70,-66],[55,30]],[[31871,10375],[-1,-37],[34,-39],[-43,-65],[10,-44],[-50,-83],[-72,16],[-60,-70],[-35,-86]],[[31654,9967],[12,-53],[-27,-67],[3,-94],[-71,-98],[-55,9],[9,-72],[-32,-49],[-37,-16],[25,-104],[-23,-3]],[[31458,9420],[-91,53],[-105,40],[-2,66],[36,45],[-1,88],[22,35],[18,101],[-62,95],[-86,152],[-53,-3],[-29,76],[-89,-4],[-42,-32],[-5,108],[-36,9],[-39,-52],[-54,2],[-58,-65],[-61,-24],[-54,20],[-21,-33],[66,-130],[-46,3],[-85,-37],[-54,6],[1,41],[-125,19],[-51,17],[-80,2]],[[30272,10018],[-1,39],[74,74],[81,26],[3,67],[-63,81],[-41,-59],[-103,64],[-65,60],[-13,47],[-45,4],[-4,114],[-13,41],[37,24],[-20,121],[37,57],[110,-67],[-26,74],[17,63],[-82,92],[-4,33],[-57,122],[-75,56],[-40,8],[-86,125],[-54,63],[-105,80],[-89,38],[-37,-42],[-87,40],[-169,110],[-32,-16],[-112,39],[7,24]],[[29413,13165],[142,17],[69,23],[38,-32],[54,29],[80,0],[22,31],[104,-29],[10,23],[137,-58],[35,-43],[52,-23]],[[30156,13103],[2,-39],[59,-36],[64,24],[40,-31],[67,-9],[42,-38],[37,42],[129,82],[69,24],[26,98],[95,81],[141,55],[169,135],[205,-23],[1,-44],[-28,-85],[61,-108],[64,-88],[-20,-32],[23,-78],[81,-15]],[[25221,20811],[54,-35],[34,-72]],[[26808,19449],[-20,-68],[33,-41],[9,-60],[-28,-54],[-54,-25],[59,-45],[-7,-66],[-94,-9],[-88,22],[-68,2],[-50,27],[-26,-17],[-91,19],[-61,-72],[23,-80],[-68,-62]],[[26277,18920],[-94,13],[18,-62],[-92,-6],[-39,45],[-88,2],[-19,-72],[-52,-34],[-122,-118],[-88,-69],[-65,-13],[41,-98],[-49,-1],[-39,-42],[-47,14],[-27,81],[-76,26]],[[25439,18586],[-81,112],[-49,37],[-66,76],[-69,27],[-39,102],[-45,36],[-76,105],[-103,90],[-35,-26],[-42,29],[-9,38],[-97,128],[-84,136],[9,27],[132,-59],[-21,45],[-65,14],[-47,54],[-43,93],[-87,78],[9,62],[39,-7],[44,-63],[29,39],[18,64],[21,1],[-17,23],[7,32],[0,25],[-14,-4],[-14,19],[-16,5],[11,28],[34,44]],[[24673,19996],[0,91],[66,17],[6,-17],[21,-15],[14,-1],[53,41]],[[24833,20112],[46,45],[37,3],[11,26],[69,19],[-9,24],[-74,21]],[[24913,20250],[-40,-40],[-72,12]],[[24801,20222],[-72,24]],[[24729,20246],[-38,-18],[-12,-58],[-93,-37]],[[24586,20133],[-21,-49],[-41,7],[-35,18]],[[24489,20109],[-67,7],[-54,-35],[5,-58],[-1,-28],[7,-14],[-2,-75]],[[24377,19906],[13,-38],[-9,-46],[22,-28],[-2,-2],[0,1],[-1,0],[0,-1],[-3,-1],[-3,0],[-1,-2],[-6,-2],[-16,-33],[-60,-34],[-62,121],[2,36],[-43,139],[44,38],[19,26],[10,64],[-27,49]],[[24254,20193],[6,49],[-16,90],[-45,71],[98,4],[108,105],[48,-10],[159,70],[-11,80],[60,47],[48,8],[94,-18],[80,57],[95,33],[76,-2]],[[25131,20791],[59,-6],[31,26]],[[24960,21373],[-21,21],[-67,4]],[[24254,20193],[12,-111],[-29,-23],[-35,21],[-6,54],[-35,16],[10,47],[-32,56],[-20,85],[-41,60],[-29,100],[-38,-24],[-41,120],[-118,309],[-93,222],[-52,57],[-54,85],[-79,189],[-64,119],[-40,124],[-178,466],[-93,202],[-57,168]],[[31195,8667],[-40,-64],[-91,-31],[-24,-57],[-51,-36],[7,-45],[84,-82],[17,-59],[58,-58],[1,-117],[47,23],[43,-108],[61,-30],[11,-50],[44,-14],[25,-136],[-103,-131],[-9,-80],[-57,-23],[-2,-44],[-51,12]],[[31165,7537],[-226,141],[-42,41],[-141,73],[-102,28],[-63,-12],[-35,-97],[-38,-26],[21,-74],[34,-56],[-80,-13],[-35,42],[-64,6],[-13,-39],[-75,-7],[-60,-38],[-66,67],[15,49],[-61,71],[-53,-20],[-110,47],[-24,65],[-71,31],[-36,54],[-40,-27],[-63,24],[-21,-56],[46,-56],[-7,-69],[-65,-1],[-47,-50],[-130,25],[-102,-68]],[[29411,7592],[-99,132],[-12,32],[-88,117],[-89,87],[-44,26],[-43,-6],[-59,64],[-35,73],[-46,193],[-33,192],[-26,43],[-92,233],[-42,87]],[[29287,8967],[0,-101],[-23,-20],[37,-88],[224,-44],[47,16],[71,-49],[41,6],[-13,85],[61,60],[99,-23],[53,-53],[70,19],[6,52],[85,67],[51,-23],[111,-5],[91,-24],[59,41],[-82,38],[-44,6],[-10,64],[15,58],[240,-149],[34,26],[56,-46],[102,-19],[178,-98],[52,-11],[153,-65],[88,4],[56,-24]],[[28633,10484],[43,-16],[-14,-44]],[[30272,10018],[-54,-44],[-135,100],[-41,6],[-64,41],[-16,-38],[-167,27],[-131,-55],[-57,129],[-133,-72],[-31,80],[-159,18],[-44,-17],[-17,-47],[-116,-24],[-39,-48],[-1,-99],[-46,11],[-43,-33],[-42,32],[-66,-14],[-65,-60]],[[28805,9911],[-20,7]],[[28674,10418],[128,4],[-56,47],[-22,-13],[-209,80],[-5,46],[46,151],[-44,91],[-50,42],[7,95],[27,36],[4,54],[-106,33],[27,137],[-16,65],[-45,50],[-15,82],[62,62],[-16,50],[32,-11],[6,-1]],[[27302,17875],[54,-55],[3,-29]],[[27359,17791],[-3,-35],[50,-31],[56,-32],[47,-61]],[[27509,17632],[34,-108]],[[27543,17524],[-41,-6]],[[27502,17518],[-51,-68],[-22,9]],[[27429,17459],[-36,-50],[0,-98],[-26,-65],[16,-46],[67,-16],[4,-49],[-38,-35],[-61,-14],[-65,-60]],[[27290,17026],[2,-35],[-50,-42]],[[27242,16949],[-24,-19],[-47,-5],[-56,3],[-45,-31],[-49,-28],[-30,28],[-59,9],[-32,-42],[-76,-8],[-63,-41],[-55,23],[-13,-42],[-59,-27],[-36,-64],[-38,-54],[61,-35],[39,4],[2,-22],[-17,-28],[-69,-30]],[[26576,16540],[-30,-30],[-4,-13],[-38,-43],[-44,-37],[-55,140],[-23,2],[-102,296],[-14,61],[-75,228],[-47,56],[13,55],[-32,55],[-89,201],[-74,124],[-57,44],[-66,24],[-45,-20],[-53,55],[2,43],[-92,261],[10,50],[-32,24],[-103,285],[-87,185]],[[26277,18920],[54,-32],[4,-34],[-30,-80],[204,-175],[22,-48],[157,-4],[68,-40],[-49,-42],[7,-40],[-22,-176],[36,-63],[64,-46],[105,-41],[5,-69],[110,-106],[92,-69],[85,-51],[22,15],[35,14],[56,42]],[[28584,16677],[-123,13],[-16,-83],[34,-48],[-14,-64],[18,-47],[-20,-81],[-69,-65],[-138,-35],[-59,-78],[-2,-64],[-35,-24],[-94,4],[-35,-47],[-2,-48],[80,8],[72,-17],[-13,-62],[34,-26],[118,-8],[-26,-80],[-115,13],[-23,-90],[0,-74],[30,-44],[-39,-42],[-173,18],[-66,-112],[-65,-3],[-73,96],[-19,-52],[-60,3],[-20,44],[-41,15],[-41,-17],[-3,-40],[-41,-39],[-48,30],[-47,-60],[-11,-40],[-47,-21],[6,-46],[-34,-48],[-90,-8],[-78,34],[-42,-76],[6,-70],[28,-51],[-11,-118],[29,-71],[53,7],[21,-66]],[[27280,14897],[-50,-54],[-130,-74],[-50,-7],[-117,8],[-15,-11]],[[26918,14759],[-163,407],[-115,570],[-48,204],[-31,107],[-29,145],[-57,213],[22,16],[25,52],[14,7],[18,-3],[-12,20],[4,13],[30,30]],[[27242,16949],[50,42],[-2,35]],[[27429,17459],[22,-9],[51,68]],[[27543,17524],[-7,85]],[[27536,17609],[78,35],[66,46],[-5,42],[66,91],[75,21],[59,50]],[[27875,17894],[40,-92],[-16,-130],[61,51],[70,5],[148,-112],[45,53],[96,-41],[101,-75],[68,21],[-7,-70],[139,-126],[85,-22],[129,-54],[-2,-54],[99,18],[6,-115],[-32,-42],[-1,-52],[-58,-127],[-88,-38],[-145,-81],[-12,-114],[-17,-20]],[[29931,13430],[-26,-6],[-45,43],[-44,-37],[-115,-13],[-60,7],[9,94],[-105,41],[-67,-4],[-10,-28],[-63,-2],[-84,77],[-140,-8],[-48,72],[-23,71],[-51,60],[-95,-6],[-2,37],[-66,17],[-34,57],[-168,80],[-98,136],[-59,43],[20,83],[-43,64],[-57,27],[-20,76],[69,33],[15,30],[-35,49],[36,82],[77,100],[-26,74],[50,7],[27,79],[44,48],[-31,72],[-105,-12],[-153,-2],[-28,62],[-78,-2],[-31,-73],[-57,15],[-50,-13],[-129,47],[-69,-8],[-56,-29],[-23,18],[1,61],[-75,49],[-67,-49],[-4,-55],[-54,-57],[-83,-126],[-63,46],[-45,13],[-24,-39],[-91,54],[-99,12]],[[28584,16677],[51,-54],[48,22],[-2,47],[75,15],[64,-3],[52,-44],[196,25],[85,-5],[72,-37],[191,125],[4,30],[61,17]],[[29481,16815],[103,-94],[-30,-30],[11,-52],[-51,-19],[-71,-82],[37,-94],[89,-38],[44,10],[20,-57],[-23,-63],[40,-35],[3,-49],[-42,-26],[9,-62],[49,-3],[56,-54],[-36,-29],[-155,30],[-75,-56],[-37,-68],[-7,-74],[-60,-73],[-27,-152],[110,-66],[55,-6],[112,-74],[57,14],[83,-12],[42,-38],[112,-36],[96,-133],[-28,-41],[79,-59],[98,0],[32,-109],[-15,-77],[-63,-164],[-69,-129],[52,-31],[16,-93],[-7,-37],[-97,-12],[-137,0],[-6,-46],[42,-96],[49,-13],[-15,-88],[17,-32],[-20,-58],[26,-32],[-40,-144],[-10,-196],[-35,-89],[53,-78],[-24,-28],[82,-101],[-44,-111]],[[31458,9420],[-13,-115],[-15,-28],[26,-58],[-58,-70],[5,-177],[-48,-49],[-18,-46],[-72,-43],[-55,-68],[-21,-49],[6,-50]],[[28798,9900],[7,11]],[[31165,7537],[3,-49],[-25,-49],[-74,10],[41,-113],[42,-30],[39,-107],[-12,-33],[40,-80],[103,-105],[0,-57],[81,-101]],[[31403,6823],[47,-126],[-44,-76],[-17,-59],[-87,-49],[-56,60],[-27,-2],[-26,-59],[27,-105],[35,-36],[2,-48],[-72,-12],[-31,-96],[-90,-119],[-66,4],[76,-125],[-24,-87],[-96,4],[-46,-38],[-14,-43],[-49,-15]],[[30845,5796],[-100,81],[-158,141],[-50,55],[-79,39],[-54,134],[-88,119],[-168,209],[-84,118],[-275,362],[-60,89],[-221,294],[-97,155]],[[29931,13430],[-25,-131],[43,-43],[104,-5],[1,-58],[77,-45],[25,-45]],[[27681,12879],[-60,19],[-81,265],[-24,114],[-57,200],[-117,319],[-277,606],[-14,49],[-89,214],[-44,94]],[[28534,18422],[37,-97],[-45,-31],[-143,-11],[-32,-108],[-122,-57],[-24,38],[-106,-91],[-25,61],[-44,11],[-25,36],[-156,-107],[59,-151],[-33,-21]],[[27536,17609],[-27,23]],[[27359,17791],[-3,29],[-54,55]],[[19024,15276],[3,-60],[-60,11],[8,38],[49,11]],[[13807,15269],[57,111],[17,78],[27,-12],[-101,-177]],[[47112,60553],[-56,44],[-42,29],[-76,13],[-1,36],[-50,28],[-49,23],[-30,52],[-41,10],[-13,17],[-15,59],[-116,158],[-15,44],[-29,-44]],[[46579,61022],[-43,-14],[-49,14]],[[46487,61022],[-56,67],[-74,-36]],[[46357,61053],[-55,32],[14,31]],[[46316,61116],[63,33],[45,7]],[[46424,61156],[43,-2],[16,133]],[[46483,61287],[-65,-1],[-30,20]],[[46388,61306],[-24,25],[-87,31],[-22,75],[-26,23],[40,28],[50,34],[0,11],[-15,44],[43,8],[85,73],[-16,36],[33,49],[-21,22],[-79,36],[-1,28],[48,32],[33,6],[61,-4],[62,19],[8,-17],[-16,-21],[-48,-42],[-6,-44],[20,-8],[52,14],[41,-16],[43,11],[37,54],[133,-22],[51,-3],[22,14],[36,7],[48,6],[17,6],[27,92],[58,50],[45,32],[113,-11]],[[47233,61984],[150,-69],[22,-3],[18,3],[-4,19]],[[47419,61934],[-47,98],[-15,24],[-27,14],[-88,75],[-39,1],[58,32],[65,37],[25,-21]],[[47351,62194],[34,-59],[14,0],[30,36],[28,57]],[[47457,62228],[34,49],[107,56]],[[47598,62333],[-8,54],[18,61]],[[47608,62448],[12,13],[10,8],[12,-16],[42,-39]],[[47684,62414],[40,-4],[24,81]],[[47748,62491],[8,14],[-18,19],[24,59]],[[47904,62471],[51,-1],[57,-36]],[[48347,61870],[15,-69],[-32,-80]],[[34568,67956],[75,-20],[77,-112],[58,-137],[-21,-69],[23,-83],[84,-115],[22,-74],[38,-61],[-39,-79],[46,-125],[-7,-69],[-44,-168],[-108,-41],[-15,-69],[63,-42],[6,-84],[82,-23],[22,-38],[-31,-72]],[[34899,66475],[-13,-39],[-62,-46],[-74,-31],[-48,-45],[-84,-33],[-60,-8],[-26,-27],[-3,-73],[-110,-111],[-122,-76],[-27,-74],[42,-144],[-85,-18]],[[34227,65750],[-65,54],[-23,50],[-58,18],[-19,-30],[-36,-142],[-66,-16],[-101,34],[-64,-61],[-64,86],[-14,56],[-78,6],[-58,32],[40,90],[-8,38],[-53,15],[-231,-34],[-91,35],[-38,-51],[-72,16],[-135,-23],[-65,0],[-37,23],[-130,25]],[[32761,65971],[-100,63],[-12,35],[29,42],[144,46],[23,45],[54,47],[67,-14],[47,10],[28,102],[-56,40],[-28,-59],[-82,-36],[-91,9],[-26,61],[-35,30],[-54,-37],[-57,-86],[-13,-50],[-37,-7],[-117,53],[-173,47],[-15,76],[-93,25],[3,125],[58,-4],[5,107],[-19,12],[5,229],[-56,135],[23,145],[25,66],[81,106],[62,42],[27,73],[50,52],[-12,125],[16,16],[-49,86],[-39,17],[-25,67],[-5,81],[34,65],[114,102]],[[32462,68060],[55,52],[-104,41],[-18,71],[45,75],[52,40],[37,58],[52,-24],[-17,-107],[62,6],[35,-72],[111,-69],[71,-93],[115,-49],[47,50],[28,-28],[70,33],[23,105],[52,16],[65,127],[47,31],[-3,41],[72,98],[14,81],[80,12],[75,-20],[49,33],[71,-26],[25,-64],[154,6],[19,-70],[156,-15],[31,-31],[-18,-50],[-84,-68],[-22,-77],[25,-52],[-52,-13],[-13,-38],[15,-108],[49,28],[40,-9],[52,-50],[58,3],[50,32],[11,37],[107,-38],[34,5],[77,-45],[74,15],[107,0],[25,16]],[[43992,58573],[-1,-1]],[[43991,58572],[-34,-13],[-4,-43]],[[43953,58516],[42,-3],[28,25],[75,-17],[20,-38],[-44,10],[-23,-41],[0,-11],[-19,-73],[28,-25],[14,-37]],[[44074,58306],[134,2],[28,11]],[[44236,58319],[52,-4],[46,35]],[[44334,58350],[30,-7],[96,-68]],[[44460,58275],[50,-60],[19,-53]],[[43199,54745],[-134,-43],[-85,21],[-40,63],[-71,6],[10,55],[-94,42],[-61,77],[-65,5],[-52,25],[-35,-10],[-94,28],[-19,-107],[-32,-10],[-119,35],[-35,101],[77,116],[-36,102],[-57,41],[-32,56]],[[42225,55348],[-16,112],[-113,66],[-62,131],[-86,7],[-26,64],[-43,25],[-53,79],[-137,-2],[-55,52],[-57,3],[-81,-47],[-73,-63],[-88,15],[-30,-58],[-55,-27],[-105,-119],[-130,8],[-113,-83],[-27,8],[-48,69],[-36,11],[-119,-16],[-30,-51],[-9,-59]],[[40633,55473],[-90,-2],[-114,26],[-22,25],[-89,34],[-23,47],[-92,84],[-205,79],[-65,-43],[-69,-1],[-31,-38],[-93,-13],[-26,-69],[-34,-13],[-111,2],[-113,-47],[-55,17],[-82,-14]],[[39319,55547],[10,79],[-116,94]],[[39213,55720],[86,36],[33,43],[-18,59],[102,29],[90,124],[38,34],[-22,120],[125,-17],[1,-27],[63,-22],[57,12],[-12,60],[-39,91],[11,34],[73,7],[33,79],[-21,74],[24,53],[76,19],[120,-23],[71,31],[90,137],[-62,50],[16,23],[65,-17],[139,99],[1,72],[70,-16],[47,26],[61,84],[-137,17],[-50,22],[40,51],[42,6],[5,45],[208,17],[-5,111],[19,115],[-23,22],[28,95],[39,31],[184,-2],[39,48],[226,-4],[-43,136],[-45,35],[-4,125],[-28,99],[48,65],[58,51],[77,36],[29,68],[-15,138],[-34,64],[21,69],[39,49],[0,39]],[[41249,58542],[29,18]],[[41278,58560],[144,11],[68,-16],[-5,-39],[3,-23],[35,-3],[75,-29],[44,-16],[12,-17],[51,-25],[14,-11],[124,35],[23,36],[82,69],[40,22],[41,4],[30,-20],[37,-41],[-31,-87],[43,-25],[80,14],[40,19],[66,-28],[60,-74],[-4,-132],[70,4]],[[42420,58188],[35,10],[11,54]],[[42466,58252],[39,2],[6,57],[68,-9],[23,-21],[55,13],[14,-12],[17,-26],[16,-5],[29,-70],[25,-15],[163,-39],[65,6],[28,-17],[127,-4],[41,-19],[51,-21],[39,-13],[53,-29],[39,3],[59,45],[-13,59],[-69,65],[4,83],[48,4]],[[43393,58289],[78,36],[12,30]],[[43483,58355],[30,43],[67,45],[49,-7]],[[43629,58436],[19,50],[-1,95]],[[43647,58581],[22,55],[-15,21],[10,31],[-7,51],[12,13],[51,-27],[108,-27],[28,4],[30,-19],[14,-54],[26,-23],[19,-3],[41,-23],[6,-7]],[[25748,54981],[-97,-7],[-35,-44],[-90,-9],[-25,-19],[-81,55],[-195,27],[-205,-17],[-19,-23],[-67,7],[-80,66],[-26,-36],[-114,-4],[-61,10],[-5,74],[-166,-33],[-75,40],[-43,-22],[-43,19]],[[24321,55065],[-67,43],[-202,82],[-80,77],[-41,91],[-17,77],[-112,190],[-138,29],[-15,32],[-114,56],[-189,54],[-57,34],[-24,38],[-126,5],[-106,-45],[-36,-33],[-84,-2],[-90,22]],[[22823,55815],[-177,32],[-101,35],[-78,59],[-55,19],[-234,42],[-15,70],[-83,15],[0,59],[-33,59],[-93,-6],[-45,40],[20,146],[-28,31],[-18,119],[28,52],[18,133],[3,112],[33,84],[-44,52],[3,43],[-65,46],[-12,31],[-73,41],[-71,8],[-30,58],[5,124],[-31,56]],[[21647,57375],[49,24],[135,34],[60,0]],[[21891,57433],[111,17],[47,-72],[42,-29],[91,-5],[68,13],[110,45],[129,-8],[53,47],[148,52],[100,45],[90,24],[141,-69],[157,57],[101,26],[156,2],[231,12],[166,31],[155,0],[137,34],[171,6],[111,60],[79,17],[132,-2],[94,35]],[[24711,57771],[27,-38],[56,1],[42,-31],[22,-49],[59,3],[62,-45],[-9,-81],[76,-46],[15,-112],[86,-13],[-93,-72],[-40,-15],[-25,-42],[-141,-14],[-15,-105],[-54,-38],[7,-75],[-25,-70],[-61,-11],[-83,61],[-24,-53],[16,-55],[-34,-27],[15,-70],[54,-19],[36,-92],[-46,-40],[-4,-53],[-67,-57],[31,-72],[-72,-130],[-40,-17],[-71,5],[-79,-48],[5,-76],[35,-53],[152,-43],[73,-122],[21,-58],[55,20],[40,59],[72,37],[177,43],[102,5],[67,-13],[3,-59],[103,-131],[103,-29],[-64,-133],[4,-53],[-46,-29],[-27,-64],[14,-100],[69,-74],[56,-34],[88,6],[28,-39],[118,-3],[46,-12],[97,-71],[-63,-73],[-5,-51],[46,-11],[4,-69],[43,-40]],[[35162,55721],[-62,-56],[-59,-10],[-6,45],[-100,30],[-55,-12],[48,-72],[-105,-19],[-81,-44],[-119,18],[-29,-20],[-6,-92],[23,-54],[-29,-60],[-146,-94],[-120,-65],[-100,-65],[-70,-14],[-83,-54],[-68,-17],[-68,-50],[-135,-15],[-8,-45],[-138,-32],[-54,27],[-70,10],[-157,77],[-64,14],[-21,-81],[-98,-23],[-65,-2],[-28,-66],[-115,-28],[-3,70],[-40,11],[-15,60],[-64,-89],[-27,56],[-56,20],[-157,-16],[3,-89],[-135,30],[-49,30],[-131,-17],[-82,4],[-18,142],[-43,80],[0,75],[-42,38],[-65,22],[3,62],[-64,101],[-13,63],[22,36],[65,8],[53,44],[92,-12],[70,5],[87,-52],[130,-41],[78,2],[62,47],[-5,30],[-52,40],[-69,4],[5,94],[-16,126],[13,22],[-38,68],[-7,88],[-28,29],[-28,93],[-31,44],[-43,5],[-11,48],[-72,84],[-73,32],[-16,51],[-74,-30],[-169,-27],[-221,20],[-56,-17],[-153,11],[34,-88],[-13,-46],[-55,18],[-32,-49],[-116,7],[-10,-67],[-49,-22],[-80,39],[13,68],[-58,17],[-22,-38],[-61,-9],[-91,40],[-94,-21],[-87,8],[-24,-25]],[[30746,56189],[-20,78],[62,8],[-18,45],[26,83],[97,27],[59,-8],[58,31],[36,-28],[41,27],[95,11],[-3,77],[-67,7],[-9,115],[-19,41],[17,69],[37,11],[40,-33],[62,13],[-20,40],[17,54],[42,56]],[[31279,56913],[78,19],[28,22],[14,43],[20,36],[39,72],[48,27],[175,32],[98,42],[58,33]],[[31837,57239],[51,17],[-15,45]],[[31873,57301],[-2,11],[24,51],[52,-2],[99,-2],[21,1],[34,1],[35,8],[94,20],[17,14],[0,23],[3,15],[6,31],[1,5],[-10,11],[-1,24],[10,29],[-54,22],[-17,5],[-20,14],[-38,4],[-19,-10],[-10,5],[-4,19],[1,12],[11,19],[-2,22],[4,23],[17,18],[13,31],[-24,52],[6,25],[6,38],[11,35],[-2,22],[-24,18],[-41,7],[-25,-3],[-51,1],[-41,20],[-20,38],[-13,19],[-49,47],[-34,33],[-62,12],[-18,62]],[[31757,58151],[-3,54]],[[31754,58205],[80,-3],[21,-82],[89,-4],[39,-28],[72,4],[29,48],[7,66],[39,1],[50,34],[7,42],[66,39],[-1,103],[58,84],[37,11],[56,83],[30,-68],[105,23],[69,-55],[40,11],[81,-81],[43,-13],[83,15],[20,44],[136,-17],[80,3],[56,85],[44,-45],[81,-1],[28,34],[70,21],[50,51],[66,-4],[16,-38],[-17,-190],[17,-59],[62,4],[57,74],[88,73],[51,27],[110,-5],[71,-31],[69,56],[96,-9],[52,22],[144,86],[90,30],[117,73],[114,41],[235,-3],[68,22]],[[34925,58779],[32,-68],[3,-119],[-108,-96],[-7,-34],[38,-77],[19,-114],[65,-9],[34,-43],[-87,-99],[-20,-130],[45,-231],[-6,-85],[15,-71],[90,20],[127,60],[-7,-68],[23,-53],[1,-89],[46,-66],[64,-23],[80,-98],[5,-53],[-57,-102],[10,-141],[72,44],[20,50],[63,3],[36,31],[98,-8],[60,-66],[77,-18],[24,-24],[3,-77],[64,-36],[25,-122],[-18,-53],[-54,-61],[-88,-11],[-80,-35],[-26,-35],[100,-87],[-40,-27],[-48,1],[-3,-67],[-38,-29],[20,-66],[-30,-91],[-100,1],[-7,-73],[-41,-58],[-71,-29],[-20,-53],[32,-57],[-62,-29],[-46,-69],[-58,29],[-32,-147]],[[36666,75152],[97,18],[44,-13],[101,-148],[84,-81],[62,-1],[73,34],[153,-63],[-38,-91],[38,-37],[55,52],[69,35],[60,-44],[-49,-100],[56,-78],[9,-61],[-82,-61],[56,-75],[-1,-87],[122,-56],[-6,-42],[63,-68],[39,-13],[12,-62]],[[37683,74110],[-60,-95],[76,-56],[83,40],[117,-47]],[[37899,73952],[-33,-104],[-57,-20],[-48,23],[-21,-46],[31,-65],[-2,-42],[-43,-54],[138,-34],[23,-34],[12,-107],[-62,-28],[-37,22],[-71,-103],[-68,-12],[-39,-50],[1,-57],[54,-32],[-76,-66],[-81,11],[3,-74],[-55,-59],[-36,27],[-56,-42],[56,-59],[40,-16],[-9,-67],[-51,-17],[-89,14],[-56,-63],[77,-44],[19,-64],[63,-48],[36,3],[9,-56],[-72,-30],[-132,-139],[22,-41],[-26,-132],[-61,-95],[7,-37]],[[37209,72115],[-82,-55],[-33,-57],[-62,-38]],[[37032,71965],[-73,-12],[-78,133],[-51,17],[-28,-31],[-49,22],[-14,41],[-57,35],[10,78],[-22,58],[25,41],[-38,32],[43,41],[5,40],[87,112],[-48,50],[22,31],[66,27],[51,-6],[8,58],[-67,43],[-6,98],[-60,43],[13,70],[97,54],[-75,27],[-11,30],[-70,53],[33,23],[37,80],[42,27],[-9,92],[-103,15],[-77,-85],[-52,-9],[-26,-41],[26,-39],[-44,-60],[-82,-1],[-71,-43],[-21,-61],[33,-76],[-24,-49],[-53,16],[-110,3],[-63,-50]],[[36148,72892],[-22,57],[9,121],[-44,-19],[-101,58],[-41,-22],[-21,-63],[-66,-1],[-25,90],[-70,45],[-4,41],[-47,29],[-35,67],[-112,-28],[-76,28],[-3,54],[-81,68],[15,125],[-79,25],[-86,11],[-56,-11],[-85,39],[-56,-13],[-106,11],[-72,-33]],[[34884,73571],[-7,81],[49,83],[36,34],[28,91],[-23,32],[4,58],[-41,18],[-74,-1],[-1,63],[-40,21],[-33,54],[-4,47],[-64,137],[55,11],[29,46],[99,-33],[45,153],[72,-8],[34,-86],[47,1],[90,33],[50,43],[18,65],[60,13],[41,40],[37,-47],[66,71],[-3,40],[41,83],[99,25],[-24,86],[136,3],[70,138],[-27,45],[39,64],[41,-16],[20,121]],[[35849,75180],[107,-53],[125,-6],[64,72],[134,-22],[29,18],[34,69],[132,29],[10,-70],[26,-7],[53,48],[73,-96],[30,-10]],[[31304,64395],[149,-22],[80,21],[86,-7]],[[31619,64387],[64,-2],[131,-34],[32,-87],[60,-36],[-4,-44],[60,-131],[48,-3],[14,-50],[123,-114],[126,64],[29,-38],[119,-36],[83,41],[52,-40],[85,-40],[-32,-63],[52,-17],[32,-47],[73,17],[3,-74],[-65,-136],[-73,3],[-107,-39],[-68,-194],[-111,-67],[-52,-8],[2,-85],[-23,-65],[52,-88]],[[32324,62974],[-88,-234],[-15,-106],[92,-13],[84,14],[55,-14],[10,-39],[-37,-36],[-3,-47],[37,-57],[50,-9],[27,-77],[155,3],[-8,-94],[-113,-88],[-26,-85],[37,-38],[-10,-67],[19,-40],[-30,-139],[-29,-20],[15,-60],[-67,-24],[23,-83],[-18,-50],[-71,-13],[-14,-49],[-89,-23],[-40,-59],[-64,-20],[-74,-3],[-42,-28],[-55,14],[-189,-26]],[[31846,61364],[-72,21],[-103,6],[-20,44],[-143,-16],[5,35],[-25,87],[-73,29],[-61,189],[-84,34],[33,45],[-20,43],[-71,-20],[-35,79],[84,49],[-2,59],[27,43],[-3,60],[-78,8],[-55,37],[-11,50],[25,29],[-7,68],[18,37],[49,0],[41,-122],[40,4],[12,107],[63,85],[46,29],[-60,72],[47,19],[52,-15],[40,19],[46,72],[-40,70],[37,93],[-38,63],[43,85],[-25,30],[7,89],[-29,75],[43,45],[-8,28],[-64,29],[-4,66],[-92,44],[-56,5],[-29,35],[22,57],[-32,68],[-63,-27],[-60,60],[-35,-9],[-22,53]],[[31106,63609],[51,108],[59,199],[41,80],[-10,45],[39,71],[-1,171],[19,112]],[[29770,55616],[15,-62],[-32,-53],[-43,-35]],[[29710,55466],[25,-45],[75,-78]],[[29810,55343],[-27,-88],[-29,-24]],[[29754,55231],[-112,-64],[-21,-104],[-18,-25],[-221,-147]],[[29382,54891],[-152,-129],[53,-92],[74,-106]],[[29357,54564],[-6,-76]],[[29351,54488],[-3,-54],[-55,-1]],[[29293,54433],[-38,-70],[-1,-50]],[[29254,54313],[1,-39],[-40,-37]],[[29215,54237],[-27,2]],[[29188,54239],[-89,10],[-94,27]],[[29005,54276],[-63,-36],[-71,-26],[-79,26],[-54,-30],[-19,-124],[-28,-17],[-6,-28],[-33,-18],[-6,-25]],[[28646,53998],[-11,-64],[-53,-27]],[[28582,53907],[-13,-3]],[[28569,53904],[-76,2],[-8,-50],[-67,-22],[-25,-32]],[[28393,53802],[-6,-2],[-53,0],[-16,4],[-91,-11],[-131,0]],[[28096,53793],[-53,-7],[-44,66],[-144,-5]],[[27855,53847],[-151,-6],[-23,-17],[-36,15],[8,45],[-6,18],[-115,90],[23,22],[-32,62],[-44,28],[-16,39],[45,28],[96,-20],[41,-7]],[[27645,54144],[20,66],[-24,27]],[[27641,54237],[4,31],[-19,49],[9,28],[-64,34],[30,60],[17,37],[-42,84],[-25,28],[-36,32],[-25,91],[-53,145],[-41,47],[-62,-32]],[[27334,54871],[-40,-19],[-46,-24],[-18,9],[-18,14]],[[27212,54851],[-25,24],[-65,17],[-84,24]],[[27038,54916],[0,2],[1,2],[0,3],[1,3],[0,4],[1,5],[0,2],[1,3],[1,4],[0,2],[1,3],[1,2],[2,5],[0,2],[1,2],[1,2],[1,3],[1,2],[1,2],[2,5],[1,3],[0,1],[1,2],[1,2],[0,2],[1,2],[1,3],[2,3],[1,5],[1,2],[1,2],[2,2],[1,1],[1,3],[13,6],[6,25],[9,16],[7,38],[-2,14],[-11,105],[12,21],[-15,82],[-68,14],[-23,4],[-28,-14],[-32,-3],[-21,4]],[[26915,55319],[-27,-1],[14,105]],[[26902,55423],[-3,101],[22,41]],[[26921,55565],[145,20],[67,-5]],[[27133,55580],[32,-9],[45,42]],[[27210,55613],[130,48]],[[27340,55661],[43,1],[106,47]],[[27489,55709],[14,6]],[[27503,55715],[45,7],[39,-42],[-7,-53],[29,-54]],[[27609,55573],[72,-30],[45,20],[26,50],[52,35],[120,47],[135,11],[18,-20],[8,-12]],[[28085,55674],[134,-32],[74,-5]],[[28293,55637],[20,60],[48,-13],[6,66],[147,7],[29,-53],[22,19]],[[28565,55723],[20,22],[52,-50]],[[28637,55695],[105,-15],[94,-60],[106,11],[34,10]],[[28976,55641],[104,-5],[42,12]],[[29122,55648],[78,18],[45,-26]],[[29245,55640],[147,-4],[39,13]],[[29431,55649],[88,-36],[22,21]],[[29541,55634],[36,28],[63,14],[19,-33],[9,-32],[26,-14],[50,8],[26,11]],[[41849,68640],[-66,-31],[-125,-93],[-79,-79],[-120,-38],[-42,-96],[-55,-13],[-64,24],[-212,-5],[-66,-61],[0,-48],[32,-37],[63,-150],[97,-72],[8,-63],[-52,-99],[-47,-56],[-160,-135],[-71,-86],[-33,-132],[-98,-118],[-44,-1],[-34,34],[-32,83],[-106,21],[-41,-48],[-29,-109],[-61,-113],[-45,-33],[-7,-59],[62,-59],[94,38],[-5,-80],[-45,-11],[-5,-71],[35,-56],[1,-58],[-56,-40],[12,-54],[41,-61],[-52,-70],[16,-151],[22,-48],[16,-115],[-35,-22],[-48,-70],[-60,16],[-3,74],[-94,45],[-59,-49]],[[40197,66185],[-69,34],[-71,117],[-54,-3],[-69,-49],[-42,-69],[-84,44],[-7,-48],[-51,12],[-27,-50],[-140,75],[39,53],[-39,61],[-42,4],[-73,67],[-54,26],[-22,-66],[-64,-21],[61,-79],[-5,-50],[-50,-1],[-39,26],[-88,18],[-132,-48],[-47,76],[-67,19],[-50,-80],[-105,-19],[-9,-65],[53,-42],[10,-34],[-42,-87],[18,-48],[-22,-91],[-26,-34],[14,-44],[-27,-109],[6,-95],[-31,-54],[-52,-26],[-160,-31],[-51,-2],[1,-41],[83,-100],[-51,-17],[-67,22],[-103,-15],[-29,23],[-104,-32],[-139,-83],[-34,25],[-52,-15],[-50,-75]],[[37942,65164],[-72,4],[-36,68],[-134,34],[-29,128],[-40,29],[-15,73],[-6,124],[45,12],[19,71],[-3,65],[87,-73],[46,30],[21,45],[88,-37],[63,74],[59,16],[-12,106],[54,42],[-2,33],[-63,63],[-46,121],[-6,115],[53,3],[-1,-74],[-23,-52],[85,-55],[45,4],[7,-68],[60,-36],[57,30],[14,82],[37,57],[-31,151],[-113,0],[-36,40],[-96,12],[-114,-67],[-114,-9],[-13,-31],[-86,5],[-21,-74],[-45,-50],[-58,1],[-109,79],[-36,43],[-7,62]],[[37415,66360],[-17,90]],[[37398,66450],[30,124],[38,106],[26,35],[6,81],[84,72],[49,63],[55,99],[-33,62],[14,35],[87,27],[65,-24],[123,0],[49,-38],[72,-15],[71,20],[21,26],[1,98],[24,38],[54,22],[49,-26],[45,22],[75,6],[61,38],[30,60],[-1,64],[49,96],[0,140],[-41,77],[4,67],[32,80],[19,97],[83,136],[6,72],[-33,177],[14,66],[-31,92],[-11,171],[44,113],[-18,60],[-5,112],[-57,92]],[[38548,69093],[-42,91],[-64,53],[-19,80],[12,62],[-27,79],[68,-30],[61,-78],[50,11],[25,-81],[50,51],[-20,61],[-4,158],[-28,14],[-60,-56],[-37,15],[-60,59],[-54,-55],[-50,49],[12,115],[57,63]],[[38418,69754],[51,9],[12,41],[177,-27],[-39,-59],[26,-48],[-39,-40],[66,-21],[11,-86],[44,10],[-4,92],[28,3],[101,-53],[-2,-64],[104,-10],[71,53],[5,33],[69,-1],[21,-64],[-69,16],[-22,-49],[-65,-55],[-24,-63],[53,-15],[-36,-68],[-78,22],[-20,-72],[-69,-73],[-13,-79],[32,-107],[69,-19],[32,67],[58,-26],[4,-70],[70,64],[47,22],[-33,-129],[38,-35],[63,-16],[36,61],[59,10],[-12,90],[52,44],[75,120],[64,23],[18,-60],[85,-53],[26,-48],[48,38],[45,-37],[115,-22],[36,37],[106,-13],[65,9],[47,27],[40,-9],[63,-58],[66,-18],[59,-35],[39,-1],[37,-40],[99,-6],[-45,67],[31,88],[71,33],[-40,28],[7,79],[-38,99],[39,59],[-62,65],[95,65],[73,-28],[44,30],[51,-13],[75,79],[23,-25],[97,-1],[69,19],[-12,71],[65,48],[-9,87],[37,69],[57,-8],[114,8],[46,47],[45,-16]],[[41258,69846],[37,-27],[70,-14],[35,57],[76,39],[0,43],[100,23],[3,85],[87,-8],[54,25],[54,-22],[37,89],[62,-14],[75,-65],[47,-59],[15,-74],[-37,-52],[32,-91],[-4,-88],[-28,-52],[33,-55],[100,-14],[58,-103],[70,-51],[73,20],[9,-82],[57,-109],[19,-67],[-28,-33],[-99,-9],[-133,-84],[-3,-40],[-86,-88],[-62,-116],[-80,-47],[-14,-72],[-38,-51]],[[38567,59579],[64,1],[95,-46],[-59,-64],[-13,-52],[-98,-114],[-5,-53],[35,-21],[1,-55],[39,-8],[-2,-86],[-71,-13],[-55,13],[-186,-39],[-50,3],[-52,-77],[-79,-19],[17,-65],[84,-24],[28,85],[56,0],[46,24],[139,-45],[38,6],[68,-75],[-55,-27],[-77,-4],[-31,-105],[30,-28],[68,52],[18,-37],[80,0],[25,-127],[-74,-12],[-91,-45],[-62,-44],[79,-135],[71,-25],[33,21],[30,-59],[48,-24],[15,-135],[-63,-7],[-22,45],[-45,5],[-16,-55],[23,-37],[38,-146],[-1,-62],[52,-112],[73,-52],[48,-52],[-52,-49],[37,-97],[0,-66],[69,-20],[-34,-90],[15,-59],[-21,-36],[-72,2],[-7,-76],[-63,-25],[-51,-60],[32,-25],[-7,-69],[-70,-22],[-4,-31],[-55,-65],[-28,-87],[-91,-144],[60,-80],[-61,-137],[-61,18],[-52,-59],[-50,-27],[-16,-138],[31,8]],[[38250,56214],[23,-25],[-44,-55],[-13,-72],[35,-37],[-5,-52],[-35,-28],[-239,39],[-23,-79],[-46,-43],[-99,-35],[17,-35],[-56,-39],[-22,30],[-107,-12],[-69,7],[-74,-16],[-52,65],[-68,-5],[-44,-43],[-76,-46],[-93,-5],[-2,-110],[-29,-31],[60,-44],[6,-73],[45,-16],[-16,-120],[-39,0],[-86,49],[-36,-56],[-117,38],[-26,-22],[-206,-3],[-43,-83],[-39,85],[-50,16],[-27,-79],[-50,-32],[-139,66],[-87,-11],[-75,20],[-57,-25],[-54,40],[-71,-5],[-86,104],[-79,37],[-99,15],[-62,-40],[-36,-44],[-84,-6],[-15,-27],[-75,16]],[[35486,55387],[7,69],[-40,108],[6,56],[-31,53],[32,91],[-63,30],[-114,19],[21,-73],[-58,-65],[-65,17],[-19,29]],[[34925,58779],[35,47],[61,0],[70,37],[55,-14],[138,-5],[52,-19],[115,-117],[125,-13],[74,17],[71,65],[46,16],[29,42],[104,11],[25,31],[-28,95],[-128,86],[12,56],[54,25],[42,128],[-18,47],[-52,48],[-28,54],[-66,79],[6,77],[-10,80],[21,58],[59,54],[73,-24],[137,13],[63,-39],[54,17],[19,62],[50,44],[95,25],[52,34]],[[36332,59896],[6,-107],[30,-65],[68,0],[49,-35],[60,-77],[65,-9],[83,28],[-18,54],[26,25],[111,21],[46,31],[31,70],[174,-15],[89,-39],[20,-90],[76,-65],[65,-27],[107,-6],[57,40],[-1,67],[27,67],[-21,55],[52,110],[-45,32],[38,37],[-28,48],[95,73],[61,-6],[50,-51],[49,3],[31,49],[78,29],[23,63],[30,23],[97,13],[43,-21],[54,72],[124,37],[39,-61],[18,-178],[49,-35],[3,-33],[-55,-48],[36,-53],[16,-60],[86,6],[40,-43],[-33,-45],[6,-84],[45,6],[10,-44],[-19,-69],[92,-10]],[[40197,66185],[84,-118],[-45,-91],[95,9],[79,-79],[-50,-53],[-105,-4],[-15,-68],[77,-33],[46,-37],[-19,-49],[10,-66],[-27,-50],[-73,-30],[-4,-135],[-58,-36],[6,-54],[-42,-10],[5,-55],[-55,-31],[-29,-68],[-2,-70],[-75,-4],[-3,-63],[169,-90],[126,-6],[72,-29],[0,-95],[40,-17],[-15,-86],[-44,-78],[-3,-57],[91,-79],[19,-83],[-45,-172],[30,-58]],[[40437,64140],[18,-44],[-54,-38],[8,-60],[-46,-14],[-51,-78],[12,-45],[-46,-56],[10,-68],[53,-17],[-36,-75],[20,-17],[90,6],[61,-35],[87,-22],[36,14],[82,-19],[55,-50],[-37,-170],[-72,-130],[-52,-11],[-94,-122],[-23,-64],[-75,-102],[-76,27],[-59,-51],[12,-43],[-46,-84]],[[40214,62772],[-143,-123],[-79,-31],[-71,-135],[-44,-9],[-32,-112],[-77,-78],[-43,-14],[-330,-201],[-88,-63],[-97,14],[-69,-29],[-24,-42],[-99,-91],[-48,-32],[-58,-79],[-118,-60],[-67,-45]],[[38727,61642],[-130,-63],[-3,40],[-53,71],[10,30],[-33,101],[-37,62],[-44,-42],[-72,-6],[11,52],[-18,41],[-81,36],[-53,-95],[-49,10],[-55,45],[-25,-72]],[[38095,61852],[-51,11],[-12,100],[16,26],[89,-10],[32,11],[67,125],[-67,88],[88,96],[-55,34],[-2,38],[-92,21],[-22,94],[5,59],[38,45],[-53,16],[-5,39],[44,30],[83,-10],[17,72],[84,36],[44,40],[51,-2],[45,49],[36,94],[112,48],[-58,98],[-49,37],[-9,43],[27,71],[-14,31],[-3,140],[32,7],[88,-37],[56,92],[-111,76],[-60,5],[-67,84],[53,34],[-36,58],[-10,84],[-165,101],[-56,48],[8,32],[77,134],[-111,46],[-107,-28],[-17,50],[-93,3],[-134,121],[-10,67],[-53,78],[-44,3],[-37,-47],[-49,57],[65,37],[78,84],[-50,46],[19,33],[52,-24],[45,35],[49,-5],[66,74],[107,43],[2,72],[-40,107],[-54,63],[-32,109]],[[37032,71965],[37,-63],[-12,-84],[-89,-17],[-39,-43],[-9,-57],[75,-41],[-8,-122],[-26,-28],[-51,40],[-1,58],[-87,39],[16,-119],[-72,0],[-68,-91],[-15,-51],[-46,-35],[-54,-12],[-4,-41],[52,-65],[106,-38],[16,-55],[53,-81],[0,-109],[-21,-78],[-37,-27],[-99,-16],[-114,-38],[-76,13],[-80,-43],[-38,-4],[-98,-107],[-99,30],[-7,50],[-48,2],[-22,-44],[-58,-43],[-74,13],[-44,-11],[-68,31],[-55,0],[-70,33],[-36,-5],[-73,-60],[-16,-47],[-63,46]],[[35510,70645],[30,51],[38,-33],[13,78],[-81,38],[-40,-24],[-64,-69],[-37,-8],[-39,35],[62,79],[-74,35],[-46,201],[-63,24],[-46,-26],[-113,82],[-6,60],[-92,13],[-79,65],[-46,-33],[13,-62],[-88,0],[-32,21],[44,99],[112,74],[68,18],[-21,69],[21,47]],[[34944,71479],[91,23],[50,26],[-13,88],[25,38],[54,24],[118,-4],[53,10],[-8,55],[88,76],[185,128],[72,220],[124,16],[61,28],[144,115],[88,158],[86,16],[47,39],[-39,36],[21,46],[-116,58],[8,92],[20,28],[53,-25],[29,15],[-9,62],[-28,45]],[[27453,61934],[81,-51],[74,-23],[70,18],[67,-28],[91,12],[80,-34],[55,37],[65,17],[152,-12],[97,3],[19,21],[172,-50],[18,-80],[40,-18],[108,3],[5,-34],[174,-15],[40,-48],[20,-81],[48,-24],[-6,-35]],[[28923,61512],[-49,-60],[-77,8],[-25,-74],[83,-28],[-4,-51],[-92,-2],[-32,40],[-105,16],[-12,-46],[50,-19],[-7,-91],[-38,-87],[40,-23],[8,-82],[-55,-20],[68,-111],[-47,-130],[35,-41],[4,-53],[92,-21],[17,-62],[85,-66],[23,-93],[-26,-72],[32,-82],[39,19],[63,-80],[63,-50],[32,39],[67,15],[71,65],[77,-30],[102,-21],[8,23],[86,13],[0,61],[-40,41],[73,17],[2,-44],[60,13],[49,34],[25,-33],[88,55],[36,4],[129,129],[46,-13],[58,27],[51,2],[28,45],[60,-24],[73,-64],[24,49],[76,18],[40,-54],[100,52],[44,-37],[15,-180],[20,-90],[49,-44],[11,-66],[-37,-43],[9,-69],[56,-19],[17,-116],[-41,-20],[43,-92],[48,39],[17,-49],[98,-58],[-12,-105],[117,-97],[31,-79],[-14,-73]],[[30948,59372],[-28,-32],[-44,-50]],[[30876,59290],[-52,-58],[-59,-38]],[[30765,59194],[-145,-46],[-90,-5],[-38,-11],[-13,-3],[-11,-1],[-47,-3],[-29,2],[-117,-4],[-43,-10],[-53,-14],[-47,-25],[-28,-17],[-69,-51],[-4,-8],[-26,-15],[-30,-10],[-38,-9],[-21,-5],[-38,-20],[-17,-18],[-50,-28],[-18,-12],[-2,-33],[2,-12],[7,-18],[-2,-40],[-9,-23],[-7,-21],[-8,-29],[-3,-12],[-3,-20],[2,-10],[4,-14],[3,-19],[-4,-35],[-1,-9],[-4,-11]],[[29768,58575],[-40,-97],[-60,-45],[-32,-46],[-88,62],[-113,-44],[-99,122],[26,64],[-34,52],[-38,1],[-71,47],[-20,68],[-42,44],[-127,-1],[-30,-16],[-115,38],[-57,6],[-102,-38],[-120,-74],[-21,-56],[29,-88],[-75,-28],[-87,-5],[-130,-68],[-69,-56],[-143,-39],[-171,-9],[-60,77],[-77,62]],[[27802,58508],[14,40],[-35,43],[53,20],[37,65],[16,69],[-79,96],[-45,5],[-139,65],[-93,75],[-59,17],[-56,56],[-52,268]],[[27364,59327],[60,55],[-56,12],[-52,48],[57,35],[179,59],[73,73],[72,-20],[57,29],[106,-29],[52,99],[-61,33],[15,54],[-21,32],[-48,-48],[-75,103],[-61,16],[-48,-21],[-97,42],[-96,6],[-51,108],[-9,60],[-30,42],[-65,159],[-33,26],[-43,80],[-13,62],[-99,59],[-65,100],[-21,133],[-35,33],[-7,45],[-38,15],[-113,127],[-74,43],[-6,32]],[[26718,61029],[10,95],[94,20],[85,-28],[30,8],[54,64],[8,95],[28,71],[-49,64],[-51,3],[-4,81],[-91,32],[32,59],[39,115],[-12,169],[-57,-6],[-18,182],[15,88],[27,11],[26,77],[46,7],[12,-67],[33,0],[59,-88],[5,-43],[-65,-16],[9,-75],[78,9],[14,-149],[44,-70],[46,-31],[11,-149],[44,-58],[38,-106],[-14,-71],[66,-47],[18,-63],[87,14],[27,28],[-26,120],[-75,99],[-41,8],[-30,69],[-43,15],[11,137],[38,-2],[33,-63],[52,28],[139,24],[42,28],[3,40],[-44,20],[-10,39],[-125,-32],[-17,-32],[-105,33],[-2,44],[62,-18],[23,41],[-37,24],[22,43],[69,-13],[72,28]],[[25118,60536],[21,-29],[-33,-67],[1,-40],[-39,-21],[7,-68],[55,-56],[-13,-80],[92,-23],[60,9],[26,-29],[-33,-105],[103,-11],[23,-90],[-24,-47],[40,-114],[-74,-22],[31,-54],[39,54],[28,-100],[126,18],[16,71],[62,11],[34,-26],[29,-69],[60,-10],[136,20],[56,-2],[60,-30],[35,23],[-5,48],[-78,0],[11,42],[77,16],[29,-159],[-50,-36],[-74,-109],[-161,-79],[-64,-1],[-58,30],[-13,-43],[24,-55],[-5,-68],[-92,-41],[-41,12],[-19,-78],[33,-26],[27,-130],[-22,-38],[-10,-76],[-59,-47],[47,-133]],[[25539,58678],[-71,-64],[-46,9],[-19,53],[-56,-44],[21,-75],[-43,-24],[66,-112],[-3,-95],[52,-38],[-1,-92],[20,-78],[-47,-75],[-14,-125],[-46,-57],[-222,-27],[-111,-45],[-112,17],[-151,-17],[-45,-18]],[[21891,57433],[-35,71],[59,90],[15,48],[-70,0],[-55,-21],[-16,68],[211,8],[-25,106],[-84,44],[-23,72],[65,100],[-8,71],[51,66],[62,-11],[27,-58],[31,14],[11,84],[82,-11],[50,48],[-9,53],[158,15],[42,61],[16,58],[-74,-3],[-32,27],[-34,71],[-2,61],[33,63],[63,29],[117,-32],[30,24],[11,105],[-18,66],[41,40],[40,-3],[31,53],[65,-11],[-15,56],[-85,52],[-20,53],[13,61],[52,37],[-30,103],[45,82],[160,76],[18,23],[23,174],[-10,58],[34,63],[-42,63],[0,43],[-31,92],[6,32],[-42,108],[20,24],[77,23],[113,-40],[113,0],[8,21],[148,9],[13,57],[110,71],[49,60],[4,90],[24,50],[86,80],[11,106],[48,67],[-7,58],[23,51],[2,168],[-8,118],[25,101],[-25,81],[20,61],[-11,111]],[[23636,61442],[92,5],[35,-21],[101,-12],[101,26],[259,-41],[20,-28],[173,-16],[23,22],[-1,160]],[[24439,61537],[117,-2],[92,-24],[2,-58],[52,-14],[11,-69],[62,-123],[0,-58],[-91,10],[-27,-88],[-5,-103],[74,-28],[6,-115],[-69,-10],[9,-88],[39,-6],[17,-177],[32,-38],[-14,-67],[6,-58],[33,-27],[52,10],[54,66],[9,61],[100,14],[118,-9]],[[44848,61750],[20,-61],[51,1]],[[44919,61690],[11,-19],[11,-34],[82,12],[-29,-54]],[[44994,61595],[50,-21],[-11,-45]],[[45033,61529],[43,-26],[21,45],[7,-88],[6,-7],[46,-23],[32,3],[11,1],[8,-15],[10,-22],[17,-8],[18,-60],[25,-48],[-21,-32],[-8,-31],[-50,29],[-32,-11],[24,-12],[-26,-8],[-13,-83],[-39,-44],[-19,-10],[-29,-124],[-46,-121],[14,-58],[21,-83],[71,-5],[47,-27],[11,-13],[93,-28],[59,-60],[74,0],[53,-17],[30,-47],[123,-45],[64,21]],[[45678,60472],[93,-16],[70,-51]],[[45841,60405],[43,-61],[1,-60],[29,-60]],[[45914,60224],[32,-62],[42,-31]],[[45988,60131],[65,-16],[76,15],[20,-14],[50,-37],[100,37],[31,-15]],[[46330,60101],[53,-4],[74,23]],[[46457,60120],[81,47],[35,30],[60,12],[104,-14]],[[46737,60195],[25,-10],[15,-79]],[[46777,60106],[9,-22],[17,-65],[-13,-25]],[[46790,59994],[-21,-56],[25,-28],[102,-31],[28,-32],[-30,-49]],[[46863,59721],[-53,-36],[-70,11],[-82,-103]],[[46175,59275],[-77,-65],[-11,-42]],[[46087,59168],[-48,-61]],[[45840,58965],[-16,-22],[-61,-27],[-27,13],[-9,24]],[[45659,59191],[-64,-1],[-56,31]],[[45496,59210],[-16,-14],[4,-98]],[[45146,58955],[-84,39],[-6,77]],[[45013,59100],[-77,-59],[-34,-70]],[[44752,58802],[-13,-104],[33,-113]],[[44788,58398],[-5,-34],[-59,-63]],[[44529,58162],[-19,53],[-50,60]],[[44334,58350],[-46,-35],[-52,4]],[[44236,58319],[-28,-11],[-134,-2]],[[43953,58516],[38,56]],[[43991,58572],[1,1],[38,55],[36,101],[-72,108],[-78,62],[100,124],[164,124]],[[44180,59147],[100,69],[15,79],[-39,3]],[[44256,59298],[-37,62],[-39,-14]],[[44180,59346],[-39,68],[-2,14],[3,30],[21,3]],[[44163,59461],[82,18],[4,9]],[[44249,59488],[-29,34],[15,18],[20,17],[50,0]],[[44305,59557],[60,32]],[[44365,59589],[21,64],[-21,18]],[[44365,59671],[-32,13],[-90,-6]],[[44243,59678],[0,-23],[-31,11]],[[44212,59666],[-3,52],[-34,46]],[[44175,59764],[-7,31],[-65,26],[14,93],[-38,20]],[[44079,59934],[51,90],[31,26]],[[44161,60050],[-46,44],[-111,22],[-49,-6]],[[43955,60110],[-41,17]],[[43914,60127],[7,109],[-10,55]],[[43911,60291],[-51,11],[11,44],[31,65]],[[43902,60411],[18,40],[-50,10],[-45,0],[-33,-6],[-30,-63],[-165,-62]],[[43597,60330],[-65,-13],[-41,8],[-56,-9]],[[43435,60316],[-6,95],[25,6],[20,18]],[[43474,60435],[-24,46],[-9,5],[-51,15],[-22,-25],[-75,-24],[-22,2],[-2,-37],[-4,-9],[-44,0],[-40,8]],[[43181,60416],[-59,47],[-193,35]],[[42929,60498],[-36,23],[-10,32],[5,48]],[[42888,60601],[43,124],[0,147],[-93,263],[-118,182]],[[42720,61317],[13,14],[-7,74],[3,14],[55,3],[29,18],[54,39],[27,16],[17,19],[-2,33],[-74,42],[-12,58],[-10,4],[-101,-40],[-24,44]],[[42688,61655],[-45,58],[-80,53]],[[42563,61766],[79,37],[16,39],[38,65],[10,32],[8,49],[39,7],[48,45],[61,-4],[13,31],[6,14],[33,4],[10,18],[-2,76]],[[42922,62179],[-43,27],[-1,38]],[[42878,62244],[8,43]],[[42886,62287],[3,57]],[[42889,62344],[70,-18],[126,50],[152,8],[93,32],[34,-37],[84,-34],[26,-38],[48,7],[-7,-90],[-101,-64],[-30,-85],[27,-65],[68,-42],[-6,-66],[69,-55],[50,-11],[41,22],[15,102],[69,11],[7,-32],[64,-14],[2,-38],[54,-32],[44,-1],[32,57],[150,83],[26,80],[52,33],[76,-50],[9,-44],[69,-61],[50,-22],[-7,-36],[87,-37],[48,-59],[83,0],[36,-47],[113,28]],[[44712,61779],[12,0],[29,33],[31,26],[12,-5],[52,-83]],[[29768,58575],[15,-7],[14,-5],[8,-5],[14,-14],[24,-9],[49,11],[17,-16],[4,-27],[-1,-38],[31,11],[4,2],[34,32],[24,12],[18,-12],[11,-3],[14,-8],[7,-3],[12,-8],[4,-38],[9,-10],[28,-8],[8,-2],[13,-13],[14,-12],[14,-10],[-18,-13],[-10,-23],[-19,-7],[-20,-1],[-1,-2],[1,-18],[1,-8],[-10,-21],[-11,-10],[-9,-14],[-10,-7],[-19,-8],[-25,-14],[-24,-10],[41,-19],[-9,-16],[-21,-34],[3,-18],[3,-7],[-10,-27],[-8,-12],[-10,-32],[-1,-15],[-2,-73],[3,-9],[19,-30],[3,-13],[-8,-24],[-11,-9],[-37,-21],[-3,-30],[11,-28],[5,-18],[5,-20],[1,-9],[7,-10],[16,2],[15,0],[19,-7],[34,13],[4,5],[16,0],[-5,-14],[-2,-11],[0,-9],[7,-12],[14,-7],[3,-6],[-49,-21],[-11,-19],[9,-52],[-11,-17],[-13,-5],[-14,-10],[-1,-29],[-3,-28],[-3,-24],[4,-30],[8,-11],[10,-13],[13,-27],[1,-31],[12,-15],[24,-8],[19,-10],[12,-32],[7,-19],[14,-17],[2,-15],[-13,-16],[5,-18],[2,-14],[26,-27],[13,0],[13,4],[24,12],[8,8],[4,13],[12,44],[27,7],[21,-4],[8,-5],[6,-3],[6,-26],[10,-9],[10,-16],[15,5],[4,3],[2,39],[27,13],[5,4],[22,2],[16,-2],[17,-3],[10,0],[2,0],[24,0],[10,-4],[4,-2],[7,-57],[19,-13],[10,-7],[2,-3],[83,-8],[31,33],[35,0],[36,-14],[78,-22],[33,1]],[[30789,57201],[132,13],[74,28]],[[30995,57242],[103,-69],[22,-72],[65,-38]],[[31185,57063],[51,-42],[53,-74],[-10,-34]],[[30746,56189],[-9,-22],[-87,-33],[-84,-61],[-44,-10],[-65,-59],[-232,-191],[-36,-53],[-33,-1],[-137,54],[-64,-83],[-133,17],[-41,-73],[-11,-58]],[[29541,55634],[-22,-21],[-66,26],[-22,10]],[[29245,55640],[-45,26],[-78,-18]],[[29122,55648],[-42,-12],[-104,5]],[[28637,55695],[-52,50],[-14,0],[-6,-22]],[[28293,55637],[-74,5],[-134,32]],[[27609,55573],[-29,54],[7,53],[-39,42],[-45,-7]],[[27489,55709],[-106,-47],[-43,-1]],[[27340,55661],[9,137],[-27,198],[120,103],[89,1],[32,-38],[65,-22],[43,50],[-25,135],[-78,38],[-93,-45],[-53,66],[19,34],[63,23],[-32,51],[-73,9],[2,69],[50,21],[-27,205],[83,82],[79,54],[70,6],[-37,152],[-28,75],[8,59],[-27,66],[78,85],[11,49],[-42,35],[42,75],[98,-19],[25,23],[9,68],[81,38],[-25,51],[6,50],[-66,-5],[-27,55],[-61,32],[-84,-29],[-22,-49],[-35,-14],[19,-61],[59,-14],[-41,-73],[-164,-15],[1,141],[61,10],[3,32],[68,11],[2,43],[-61,71],[9,128],[84,22],[34,56],[-17,81],[-177,-3],[-33,-82],[-141,-3],[-89,29],[-29,45],[21,44],[118,21],[155,95],[90,29],[98,-3],[66,52],[106,217]],[[31580,68841],[28,-47],[12,-108],[59,-51],[10,-62],[-18,-40],[45,-60],[1,-57],[43,-33],[-7,-49],[39,-64],[38,-14],[59,34],[24,55],[58,-6],[99,-66],[41,-4],[-9,-55],[29,-38],[34,-95],[78,5],[39,-22],[125,27],[55,-31]],[[32761,65971],[-96,-67],[-78,1],[-15,-107],[-65,-3],[-75,-74],[-75,-8],[-97,27],[-42,85],[-43,-57],[-97,-80],[-73,17],[-101,116],[-8,40],[28,52],[-41,20],[48,84],[-46,38],[-130,36],[-40,-105],[-65,-68],[-17,-60],[34,-116],[-13,-23],[58,-65],[21,-60],[-68,-10],[39,-52],[-4,-67],[-136,-53],[37,-58],[-45,-85],[-40,-14],[32,-136],[-66,-51],[-51,-18],[-15,-53],[34,-51],[71,5],[71,-128],[-30,-33],[29,-74],[-52,-22],[38,-82],[6,-120],[51,-39],[-15,-66]],[[31304,64395],[-142,9],[-5,112],[-72,78],[28,56],[3,58],[53,97],[-29,61],[29,52],[-30,57],[16,46],[-7,76],[-80,-2],[-23,21],[-176,-1],[-92,-33],[-80,-1],[-80,16],[-94,-96],[-115,-21],[-38,82],[-151,104],[-80,12],[-32,99]],[[30107,65277],[78,-14],[56,216],[59,-7],[37,45],[-85,82],[-10,42],[-66,57],[-81,90],[-36,70],[-17,85],[-48,59],[-28,123],[42,28],[4,78],[-27,73],[29,109],[-33,20]],[[29981,66433],[35,99],[-16,69],[-42,41],[-69,135],[109,63],[70,-7],[29,-33],[4,-54],[46,3],[37,79],[64,-46],[-13,-180],[92,-77],[66,-26],[112,49],[110,105],[2,59],[25,44],[63,-8],[11,66],[38,75],[-3,80],[-17,35],[9,59],[-6,120],[-78,151],[-12,76],[-49,45],[-94,10],[-70,53],[-30,105],[-61,17],[-83,-57],[-64,-11],[-57,31],[-90,-21],[-55,13],[6,67],[-37,57],[-70,70],[-47,86],[122,54],[200,-6],[109,39],[57,38],[20,48],[-121,57],[-4,35],[41,49],[-60,49],[-56,-14],[7,59],[-73,72],[-20,65],[10,148],[26,18],[18,68],[66,0],[182,54],[53,28],[52,81],[77,4],[40,-24],[207,-53],[45,31],[84,10],[48,75],[102,-3],[41,96],[66,-7],[30,18],[81,-24],[144,34],[77,-57],[63,-76]],[[34944,71479],[-48,0],[-76,-78],[-38,-8],[-70,-73],[-127,-1],[-55,-71],[-75,14],[-138,-25],[-78,2],[-65,-23],[-103,31],[-114,80],[15,93],[-67,-13],[-80,-49],[-137,18],[-119,-60],[-28,10],[-4,143],[-24,95],[-43,33],[-130,11],[-69,34],[-14,60],[-38,58],[-75,-13],[-52,40],[-2,73],[-114,-14],[-52,37],[-16,73],[-55,31]],[[32853,71987],[-30,184],[13,54],[111,119],[88,145],[107,-35],[47,40],[-26,114],[-19,17],[37,114],[-78,-2],[-26,48],[19,67],[-12,64],[93,77],[5,67],[30,74],[55,26],[62,102],[100,-14],[-24,-81],[35,-37],[57,-22],[34,62],[97,7],[5,57],[31,20],[118,-2],[47,26],[89,-30],[32,22],[-9,51],[40,49],[-3,140],[86,-36],[141,13],[24,54],[131,-9],[31,44],[111,3],[17,-36],[146,-52],[25,-43],[73,0],[113,44],[-22,43],[30,36]],[[31239,59388],[26,-24],[71,-14],[60,5],[13,-15],[31,-46],[-12,-11],[-57,-26],[42,-31],[62,-65],[8,-25],[-8,-58],[6,-49],[10,-22],[-12,-58],[-5,-13],[55,-27],[22,11],[6,-41],[-9,-18],[3,-35],[14,-17],[23,-44],[4,-19],[7,-49],[7,-9],[-18,-72],[25,-42],[2,-5],[22,-4],[16,-17],[19,-19],[25,-23],[10,-24],[38,-31],[-22,-47],[6,-31]],[[31729,58373],[40,-16],[8,-13],[-16,-47]],[[31761,58297],[-11,-69],[2,-23]],[[31752,58205],[5,-54]],[[31873,57301],[15,-45],[-51,-17]],[[31279,56913],[10,34],[-53,74],[-51,42]],[[30995,57242],[-74,-28],[-132,-13]],[[30765,59194],[59,38],[52,58]],[[30948,59372],[6,1],[26,23],[36,39],[17,16],[36,15],[42,-3],[31,-9],[15,-6],[27,-11],[13,-4]],[[31197,59433],[42,-45]],[[31754,58205],[-2,0]],[[31761,58297],[10,26],[6,21],[-8,13],[-40,16]],[[31239,59388],[-2,19]],[[31237,59407],[26,8],[112,109],[71,30],[52,-130],[43,-35],[81,-8],[72,40],[36,98],[69,50],[63,-11],[109,58],[49,6],[71,74],[93,4],[39,-15],[46,20],[79,72],[129,3],[50,30],[35,87],[100,161],[55,6],[73,-52],[54,17],[61,95],[61,11],[94,-29],[143,121],[11,58],[52,109],[97,45],[68,65],[40,6],[53,-26],[-24,-78],[31,-56],[36,0],[91,87],[41,20],[38,-50],[-72,-107],[12,-64],[-8,-87],[63,-23],[40,36],[9,64],[-14,50],[94,61],[113,7],[106,-58]],[[34080,60286],[90,31],[60,0],[107,-79],[54,13],[25,44],[1,93],[36,56],[88,71],[63,23],[39,65],[76,17],[46,-65],[41,-28],[72,32],[72,-26],[46,44],[40,72],[69,69],[72,0],[55,28],[82,78],[37,61],[95,39],[64,47]],[[35510,60971],[21,-40],[48,-13],[22,-48],[61,28],[98,-43],[66,26],[131,-21],[35,-74],[22,-97],[-24,-68],[19,-81],[-31,-33],[75,-42],[7,-67],[-43,-35],[54,-39],[40,-59],[54,-26],[-2,-92],[43,-20],[111,61],[43,-1],[32,-49],[-64,-120],[-3,-45],[52,-34],[-45,-43]],[[27364,59327],[-27,-82],[-58,25],[-108,-13],[6,-81],[-16,-43],[31,-41],[62,-27],[12,-61],[-69,-44],[-17,-45],[-60,7],[-22,-75],[-121,66],[-72,-14],[-128,-46],[-28,-41],[9,-74],[-75,-12],[-41,-28],[-76,2],[-62,82],[-50,0],[-36,-57],[-140,-77],[-78,-23],[-101,31],[-91,-37],[-59,-50],[-196,-23],[-35,21],[-15,66],[-41,-6],[-73,58],[-50,-7]],[[25118,60536],[9,143],[55,30],[21,39],[48,4],[3,49],[-74,6],[29,84],[57,14],[-4,129],[98,12],[5,57],[32,17],[85,85],[30,62],[51,4],[3,79],[142,15],[70,-23],[0,-52],[-32,-45],[52,-141],[53,18],[83,-28],[37,15],[95,-2],[65,-18],[24,71],[83,5],[22,-29],[135,27],[19,18],[123,-33],[88,23],[93,-142]],[[42786,62487],[46,-47],[-55,-50]],[[42777,62390],[6,-34],[106,-12],[-3,-57]],[[42878,62244],[1,-38],[43,-27]],[[42563,61766],[80,-53],[45,-58]],[[42720,61317],[-50,5],[1,102],[-65,4],[-13,35],[-99,47],[-4,52],[-98,-15],[-24,18],[-33,99],[-48,5],[-33,-50],[-8,-52],[-109,-31],[-13,-44],[-52,-32],[-11,-41],[-87,-34],[-69,53],[-54,69],[10,66],[-107,4],[-20,-25],[-118,-46],[-64,-1],[-27,-48],[35,-94],[40,-20],[4,-64],[-74,-33],[35,-95],[-54,-29],[-39,77],[-83,0],[-35,40],[-68,-16],[-10,84],[-79,0],[-130,-99],[-47,-50],[-134,-38],[35,-81],[-45,-41],[56,-40],[-172,-112],[-15,-60],[61,-65],[-10,-98],[18,-30],[-31,-53],[-6,-71]],[[40777,60469],[-54,22],[-73,-9],[-66,-40],[-28,65],[-64,-41],[-44,9],[-69,-89],[-39,2],[-72,79],[7,51],[-68,-17],[-61,-60],[-49,-6],[-25,51],[56,81],[-110,80],[20,52],[-97,26],[-245,19],[-100,110]],[[39596,60854],[3,39],[53,46],[-157,156],[20,50],[-12,44],[40,75],[-14,94],[33,58],[-92,18],[-33,70],[-101,35],[-99,17],[-46,-20],[-78,-62],[-80,-88],[-77,35],[-106,-27],[-94,46],[-100,-20],[18,133],[52,48],[1,41]],[[40214,62772],[49,-18],[-19,-72],[118,15],[-11,-90],[57,1],[26,-36],[-14,-54],[42,-128],[56,-10],[77,89],[57,46],[52,0],[58,-131],[35,-9],[24,-49],[94,-2],[49,-21],[63,47],[129,-30],[22,-33],[111,-66],[25,64],[173,-133],[21,67],[87,31],[-2,31],[185,-10],[29,-58],[48,44],[15,104],[45,17],[33,-41],[-1,-71],[37,-42],[52,-25],[-3,-39],[144,15],[-13,76],[82,39],[37,40],[42,-22],[80,20],[89,-4],[11,70],[52,20],[26,73],[80,-36],[54,-8],[69,44]],[[21647,57375],[-164,-40],[-35,-68],[-71,-78],[-42,-23],[-121,-12],[-32,-20],[-32,-111],[-32,-9],[-285,-34],[-55,19],[-45,54],[-89,33]],[[21256,61250],[87,30],[46,74],[104,81],[79,-4],[66,-20],[43,-47],[76,-29],[156,13],[4,27],[76,21],[42,64],[-7,51],[216,47],[61,68],[101,72],[50,73],[64,-18],[97,-7],[104,65],[-16,65]],[[22705,61876],[24,32],[66,-14],[60,23],[-11,-89],[19,-67],[-47,-40],[3,-53],[93,-12],[-62,-46],[-5,-32],[78,-47],[57,-8],[96,34],[25,-16],[107,-10],[60,35],[50,55],[84,-37],[41,15],[49,-34],[79,-17],[5,-112],[60,6]],[[44218,65030],[-10,-11]],[[44208,65019],[-40,-14],[-47,-37],[30,-14],[-10,-8],[-58,-4],[-50,-29]],[[44033,64913],[20,-25],[-50,-63]],[[44003,64825],[-8,-12],[-17,-37],[-51,-60],[16,-37],[-24,-28],[-59,2],[-43,-7],[-18,-30],[13,-83],[6,-100],[90,-9],[-7,-55],[-15,-46],[112,-66],[-9,-53],[20,-64],[28,-69],[1,-24],[6,-37],[19,-32],[-25,-62],[-44,-6],[-4,-26],[8,-26],[21,-116],[2,-40],[14,-19],[-1,-36],[-9,-73],[-74,-3],[-86,-25],[-54,1],[-66,-10],[-20,39],[-47,31],[-59,38],[-29,7],[-12,22],[-7,6],[-124,76],[-20,19],[-14,22],[-16,51],[-26,35],[-11,-1],[-11,-94],[-12,-4],[-27,2],[-29,-12],[-19,-42],[-13,-49],[-28,-59]],[[43221,63624],[7,-59],[-55,-81]],[[43173,63484],[-45,-24],[0,-24],[-6,-64],[-60,-36]],[[43062,63336],[-6,-87],[-35,-24]],[[43021,63225],[-11,1],[-29,0],[-12,-40],[-33,5],[-69,-34],[-27,-23],[-27,-62],[5,-57],[-16,-39],[-11,-102],[27,-40]],[[42818,62834],[40,-54],[-6,-30]],[[42852,62750],[0,-36],[-20,-51],[-32,6],[-31,-14],[-30,-69],[8,-55],[39,-44]],[[40437,64140],[124,-36],[68,30],[67,5],[41,77],[63,50],[-7,48],[51,53],[35,79],[6,75],[45,95],[31,26],[-9,50],[86,26],[70,38],[83,-61],[39,28],[74,-46],[9,-69],[97,-48],[33,12],[45,107],[18,105],[108,-19],[67,-31],[35,-45],[-26,-36],[-1,-57],[58,-31],[58,-6],[37,-43],[73,-13],[58,-46],[57,-8],[-13,60],[63,31],[44,59],[14,59]],[[42138,64658],[49,13],[44,-20],[70,30],[55,46],[94,-3],[130,40],[119,81],[47,50],[-57,71],[64,73],[68,-52],[-19,-54],[102,35],[84,62],[199,99],[49,-46],[27,39],[-16,70],[51,20],[93,61],[65,16],[26,-69],[-85,-81],[-59,1],[-14,-36],[50,-61],[98,10],[54,-32],[67,26],[79,-13],[-20,-51],[16,-34],[-70,-18],[-72,-40],[33,-65],[-23,-83],[78,-67],[57,5],[-4,53],[32,37],[3,71],[35,42],[73,-5],[44,87],[33,29],[13,67],[71,30],[39,-56],[74,-10],[134,4]],[[42720,61317],[118,-182],[93,-263],[0,-147],[-43,-124]],[[42929,60498],[193,-35],[59,-47]],[[43474,60435],[-45,-24],[-6,-11],[6,-14],[1,-39],[5,-31]],[[43597,60330],[165,62],[17,44],[13,19],[33,6],[45,0],[50,-10],[-18,-40]],[[43911,60291],[10,-55],[-7,-109]],[[43955,60110],[49,6],[111,-22],[46,-44]],[[44161,60050],[-31,-26],[-51,-90]],[[44175,59764],[34,-46],[3,-52]],[[44243,59678],[90,6],[32,-13]],[[44365,59671],[21,-18],[-21,-64]],[[44305,59557],[-50,0],[-20,-17],[-15,-18],[29,-34]],[[44163,59461],[-22,-47],[39,-68]],[[44256,59298],[39,-3],[-15,-79],[-100,-69]],[[44180,59147],[-164,-124],[-100,-124],[78,-62],[72,-108],[-36,-101],[-38,-55]],[[43647,58581],[1,-95],[-19,-50]],[[43483,58355],[-12,-30],[-78,-36]],[[42466,58252],[-11,-54],[-35,-10]],[[41278,58560],[-48,-17]],[[41230,58543],[-54,51],[-29,84],[17,70],[56,46]],[[41220,58794],[3,72],[-49,18]],[[41174,58884],[-25,79],[-10,8],[-55,27],[-12,70],[-40,81],[-9,1],[-31,6],[0,62],[33,49],[-12,36],[-19,7],[-48,0],[-22,25],[-43,-19]],[[40881,59316],[-70,7],[-69,34]],[[40742,59357],[39,35],[46,-1],[49,52],[43,-12],[17,41],[33,36],[47,11],[53,18],[62,10],[82,54],[80,19],[35,-41],[36,-6],[46,0],[48,-54],[132,23],[33,30],[27,54],[-29,32],[-42,55],[56,76],[69,4],[17,11],[12,50],[-20,31],[14,37],[6,34]],[[41733,59956],[43,17],[98,1]],[[41874,59974],[16,41],[-17,127],[7,64],[-48,43],[-184,26],[-33,-28],[2,-50],[-75,-54],[-233,10],[-51,8],[-98,-47],[-49,10],[-60,78],[-77,46],[-56,120],[-80,20],[-61,81]],[[26326,67645],[67,-34],[115,-100],[11,-46],[-48,-185],[55,4],[17,-61],[-9,-81],[-63,-68],[39,-18],[46,21],[74,-27],[6,-61],[30,-34],[93,-18],[-14,-99],[46,-25]],[[26791,66813],[6,-62],[-44,-47],[-59,25],[-5,-45],[50,-16],[22,-48],[-10,-137],[-19,-37],[-146,-86],[-48,-16],[-64,13],[-57,54],[9,106],[-83,38],[-17,-63],[-103,-116],[-4,-69],[-68,-22],[13,-54],[-5,-154],[63,-78],[31,-62],[55,-8],[57,22],[54,-52],[-2,-150],[48,-68],[-64,-7],[-9,-41],[-110,-33],[-34,-117],[-70,-188],[65,5],[57,-24],[38,-93],[44,32],[34,-58],[64,19],[-4,-136],[-173,-37],[2,-97],[-63,-143],[-84,-10],[-8,-56],[-42,-28],[-79,-15],[-17,63],[-42,46],[8,75],[-57,58],[-96,-57],[-24,-69],[-129,-5],[-47,-25],[-50,28],[8,68],[-138,52],[-61,65],[-78,-166],[-94,-89],[-28,-225]],[[25184,64473],[-23,-33],[-73,1],[-77,-94],[-122,-53],[-64,-137],[-33,-104],[-73,14],[32,111],[-114,50],[-79,-31],[-6,-57],[-64,-29],[-17,71],[-59,82],[-61,-36],[-62,-89],[-235,5],[-106,-19],[-42,-37],[-48,24],[-82,7],[-18,-42],[31,-39],[-12,-41],[-89,-26],[-19,94],[-82,-55],[-87,-1],[-42,-108],[-64,-10]],[[23394,63891],[-43,122],[-59,9],[19,169],[-37,84],[32,166],[93,181],[76,49],[33,66],[-2,47],[54,40],[18,58],[-41,42],[-6,117],[-49,40],[-20,103],[-71,41],[-8,67],[-42,24],[10,44],[-94,65],[-11,48],[-59,110],[23,32],[66,33],[-6,46]],[[23270,65694],[76,71],[10,37],[100,88],[22,38],[-37,98],[19,78],[40,10],[53,52],[51,18],[28,48],[82,12],[75,-69],[-46,-108],[59,4],[15,56],[55,2],[30,44],[76,15],[45,-72],[99,-14],[25,-25],[193,-60],[101,37],[63,-20],[58,23],[113,-14],[-4,37],[79,40],[57,3],[31,-68],[56,-8],[76,43],[65,-8],[43,33],[9,80],[85,65],[28,57],[81,48],[43,109],[106,129],[112,91],[67,14],[47,143],[-25,135],[7,117],[-53,52],[23,68],[106,4],[-22,35],[-107,62],[-82,134]],[[25503,67458],[115,26],[109,-128],[72,10],[87,40],[72,98],[214,122],[62,17],[92,2]],[[32853,71987],[-72,-19]],[[32781,71968],[-87,25],[-111,2],[-88,-28],[-58,-33],[-42,27],[8,56],[-19,75],[83,-46],[52,70],[67,35],[141,9],[28,20],[-14,63],[13,92],[-91,13],[-27,67],[70,68],[3,67],[113,14],[-7,90],[-87,2],[-25,-41],[-59,-40],[-20,-39],[6,-80],[-68,-95],[-45,-11],[-41,34],[-56,8],[-40,62],[-68,23],[-143,159],[-144,118],[-39,21],[-7,44],[-83,56],[-151,-23],[-42,-19],[-48,15],[-193,-79],[-55,-76],[-32,-73],[-57,-18],[-45,69],[-48,28],[-28,66],[2,59],[-63,92],[-49,28],[-73,-30],[-32,42],[36,58],[-108,113]],[[30910,73127],[70,55],[99,-5],[24,23],[102,-32],[150,100],[101,51],[143,146],[34,118],[58,40],[109,54]],[[31800,73677],[68,-34],[55,23],[106,-14],[26,52],[-47,63],[5,43],[164,29],[166,1],[49,32],[50,64],[61,10],[34,30],[70,12],[56,46],[39,62],[97,53],[57,47],[83,-33],[66,12],[45,42],[43,103],[95,40],[107,-12],[53,17],[40,68],[-15,101],[77,58],[128,19],[32,47],[8,82],[44,44],[125,-13],[101,52],[81,98],[68,-10],[68,-33],[61,-6],[91,-43],[44,32],[-6,141],[10,52],[78,43],[-3,47],[-53,36],[-1,67],[35,42],[47,7],[93,-41],[105,-1],[11,37],[-64,97],[43,21],[65,-11],[61,24]],[[34722,75422],[46,4],[113,-64],[34,17],[8,94],[50,54],[44,16],[100,1],[61,20],[74,-10],[80,-163],[51,-7],[88,24],[68,-109],[44,-31],[199,-38],[67,-50]],[[39596,60854],[-93,-41],[-13,-44],[29,-72],[51,-2],[23,-38],[11,-109],[-37,-55],[-52,3],[-86,-104],[-51,-13],[-53,-41],[-5,-50],[-79,-87],[-14,-37],[24,-74],[-32,-119],[-66,31],[-77,-17],[-10,64],[-51,-43],[-145,-27],[-3,-43],[-37,-103],[-77,-99],[-55,-48],[-82,-45],[-49,-62]],[[35510,60971],[73,72],[104,11],[178,35],[142,-20],[64,21],[64,52],[100,-19],[58,46],[86,-5],[113,30],[89,110],[99,61],[55,7],[24,70],[-43,17],[1,48],[38,80],[-1,120],[40,114],[-21,92]],[[36773,61913],[53,58],[36,3],[41,-49],[4,-47],[166,-52],[36,41],[91,32],[77,-72],[97,-57],[46,55],[127,-71],[140,31],[87,-2],[30,-23],[7,-58],[46,-28],[93,-5],[121,82],[24,101]],[[24276,68668],[38,17],[75,-14],[99,5],[78,18],[112,5],[135,-16],[4,-64]],[[24817,68619],[-73,-27],[-37,-42],[15,-91],[49,-72],[-41,-94],[-28,-116],[-49,88],[-11,61],[-33,20],[-18,92],[-33,1],[-33,-56],[33,-81],[42,-53],[-73,-45],[-19,-92],[92,-38],[21,-31],[60,-7],[51,66],[83,-8],[76,-26],[123,52],[58,3],[-25,-108],[-60,-34],[-124,-47],[-69,-36],[-48,-4],[-59,-68],[-44,6],[-57,131],[-44,23],[-102,18],[28,130],[-30,26],[-62,-47],[-14,62],[-62,-84],[91,-137],[46,-3],[38,-37],[-18,-57],[-102,-5],[-38,-40],[-12,-79],[-37,0],[-18,-107],[30,-1],[74,-142],[40,48],[73,-22],[61,13],[129,-45],[161,-14],[45,-28],[305,-61],[109,16],[78,45],[101,39],[47,-16]],[[23270,65694],[-34,59],[-65,61],[-77,-30],[-132,27],[-148,-19],[-61,26],[9,65],[91,77],[9,120],[-6,70],[61,75],[35,82],[45,-3],[6,57],[106,105],[-2,44],[-56,15],[-25,-26],[-53,6],[22,65],[-35,49],[-79,4],[-44,-37],[-76,20],[-91,80],[-53,-7],[0,55],[45,45],[66,5],[3,58],[29,45],[-31,125],[146,52],[-23,98],[40,67],[77,64],[-13,54],[-130,0],[47,152],[-33,61],[80,45],[-13,153],[36,3],[31,-116],[105,-213],[3,-38],[59,-30],[23,-79],[50,-45],[50,-5],[144,23],[72,121],[-2,22],[124,30],[-32,95],[9,71],[93,0],[4,76],[-29,79],[-51,14],[-96,-26],[-142,18],[-68,-27],[-16,34],[-71,19],[-23,40],[-68,0],[-2,-69],[-31,-8],[-40,60],[75,43],[-11,125],[-55,102],[-8,63],[-37,7],[-10,154],[30,103],[71,27],[30,-33],[18,-109],[116,11],[43,-43],[-21,-80],[19,-30],[63,-19],[63,3],[-14,-64],[65,-14],[48,13],[122,-13],[74,-58],[33,2],[104,106],[57,-29],[100,35],[-14,86],[16,23],[-13,178],[14,39],[48,-2],[15,42],[92,20],[17,68],[-51,71],[16,63],[50,31],[72,-60]],[[42637,68696],[164,-43],[-20,-46],[22,-56],[-151,10],[-76,-59],[-39,-65],[62,-107],[19,-126],[-41,-99],[76,31],[22,64],[36,26],[74,-56],[48,9],[75,-12],[37,-39],[103,-55],[47,-39],[-107,-70],[15,-47],[-175,-80],[-61,-16],[-155,-108],[-124,-71],[-64,-53],[-98,103],[-11,-54],[-48,-59],[28,-131],[-54,6],[-67,-75],[71,-73],[118,-141],[-11,-78],[91,-24],[67,26],[-4,-111],[-61,-207],[53,5],[18,-37],[-30,-36],[-64,-22],[-52,-238],[129,-23],[37,-75],[-2,-148],[73,-23],[34,11],[42,-61],[7,-53],[51,4],[31,-91],[132,-76],[-34,-43],[-12,-79],[67,-23],[-11,-63],[37,-34],[33,-97],[81,-42],[50,1],[-3,-54],[-59,-44],[5,-50],[-51,-33],[-47,-60],[-55,-42],[-64,-5],[5,-38],[-59,-34],[-117,-96],[-96,-31],[-54,26],[-36,43],[-45,-4],[12,-64],[-14,-128],[-87,-4],[-108,28],[25,-69],[-14,-86],[-86,-58],[-29,-67]],[[41849,68640],[78,-35],[86,-66],[41,-1],[42,67],[34,-17],[69,33],[17,-64],[33,6],[-10,173],[51,60],[55,18],[44,-20],[62,40],[19,-61],[48,15],[36,-94],[83,2]],[[34080,60286],[11,68],[-33,45],[26,35],[-25,40],[-46,10],[35,95],[37,16],[12,86],[-83,82],[-42,-7],[-43,-61],[-127,-36],[25,105],[33,62],[-2,55],[-152,-21],[-33,4],[-128,-28],[-106,-36],[-145,-115],[-83,-44],[-83,20],[-138,-51],[-103,-51],[-41,-77],[-1,-45],[-102,-17],[-47,-28],[-166,136],[-79,22],[-52,-85],[-37,11],[-2,51],[-37,14],[21,82],[-65,3],[-73,-24],[-62,72],[-65,16],[-44,37],[1,73],[-25,59],[-44,46],[-54,-20],[-23,56],[-63,36],[-44,56],[35,70],[-48,138],[30,20],[15,83],[31,20]],[[32324,62974],[8,-54],[71,-19],[81,12],[11,-49],[101,-8],[21,-38],[66,-47],[88,54],[5,89],[-15,33],[-60,47],[-7,88],[88,-30],[63,-77],[36,1],[35,49],[36,-47],[66,10],[43,49],[45,-43],[60,-17],[-17,-37],[55,-40],[7,-34],[79,-46],[35,-58],[94,-23],[15,-33],[124,-17],[18,24],[109,15],[77,-108],[70,-33],[-2,-103],[12,-57],[55,-27],[79,-10],[30,-45],[49,-21],[55,65],[42,20],[24,62],[-31,65],[-39,3],[-111,43],[-43,49],[19,135],[59,42],[93,-19],[39,-40],[113,-29],[57,33],[3,29],[86,31],[23,32],[-13,94],[11,30],[106,35],[57,2],[55,34],[51,-39],[34,14],[32,67],[-19,40],[48,22],[9,67],[91,57],[30,54],[-4,66],[58,172]],[[34990,63560],[108,69],[53,-65],[-4,-55],[82,-37],[54,13],[48,-72],[26,-9],[58,46],[-53,74],[92,36],[-54,46],[-6,53],[71,58],[-59,58],[-43,0],[-18,-70],[-43,-9],[-17,-74],[-62,-66],[-48,25],[43,43],[-11,44],[46,87],[110,62],[64,-17],[50,25],[38,-112],[-1,-60],[86,-111],[-9,-30],[41,-81],[127,36],[-22,-71],[22,-69],[-50,-91],[20,-118],[39,-23],[56,1],[36,31],[93,19],[16,-42],[65,-23],[99,19],[58,-15],[39,54],[120,8],[44,41],[139,4],[15,-81],[-25,-88],[-55,8],[-21,-58],[-39,-10],[-29,-56],[-52,-24],[-39,-60],[10,-40],[-29,-68],[-29,-18],[-71,23],[-83,-50],[-31,-53],[78,-18],[16,-60],[11,-146],[39,-64],[77,-50],[47,49],[96,28],[46,-9],[107,-153],[72,-60],[-23,-36],[-23,-138],[117,-11],[58,-36]],[[31106,63609],[-90,-120],[-18,-50],[13,-47],[47,-68],[-25,-44],[5,-94],[-43,-9],[-70,-83],[-30,-103],[-42,-44],[-155,-112]],[[30698,62835],[-54,5],[-17,42],[-75,21],[-76,-3],[-44,27],[-43,-17],[-45,-80],[-37,-28],[-49,74],[-50,25],[34,65],[-84,26],[-44,-29],[-7,-65],[-107,-8],[-119,-54],[12,-49],[-76,-46],[-108,123],[-12,31],[-232,-37],[-26,38],[-102,17],[26,86],[-45,61],[-59,5],[-37,38],[-76,34],[-41,-42],[-49,4],[-50,45],[-75,6],[-43,29],[-81,-31],[30,-62],[-29,-107],[-55,-32],[-28,37],[-106,86],[-43,10],[-8,54],[29,45],[-16,116],[51,-11],[-1,65],[-59,33],[-25,105],[-87,67],[2,113],[24,64],[-31,29],[-21,132],[-66,25],[14,162],[-72,12],[-15,42],[2,87],[-102,74],[-11,71],[-89,35],[14,64],[38,27],[-1,38],[-36,62],[-13,65],[-155,59],[81,81],[-46,189],[-157,-4],[-16,93],[-38,45],[-2,41],[120,-15],[-37,78],[68,79],[-11,57],[-60,1],[-2,89],[-28,135]],[[27814,65584],[26,25],[85,17],[99,-43],[38,7],[8,70],[98,53],[59,11],[63,-19],[132,-87],[71,-61],[38,18],[3,48],[103,-38],[35,45],[56,-43],[60,-20],[40,-45],[7,-79],[44,-60],[110,19],[86,47],[-48,75],[20,48],[89,62],[-34,60],[92,-14],[8,77],[82,-2],[134,32],[49,54],[33,-136],[-51,-62],[-38,-82],[-9,-64],[94,-83],[68,-36],[30,33],[88,6],[48,-28],[77,-146],[35,-21],[92,20],[98,50],[75,-15]],[[25974,63871],[17,-36]],[[25991,63835],[-15,-40],[2,-82],[-85,-26],[-59,1],[-58,-53],[-24,-122],[-110,3],[-36,-25],[-53,6],[-30,36],[-108,7],[-70,-186],[36,-116],[-48,-66],[-10,-60],[46,-11],[44,-46],[-93,-52],[-86,37],[-52,50],[-49,16],[-41,44],[-91,60],[-23,78],[-90,4],[-135,-37],[-7,82],[-54,31],[-14,-68],[-109,-67],[0,-100],[-20,-70],[-56,2],[-46,-31],[-28,-73],[-33,31],[-63,4],[-21,35],[-65,-57],[-41,-142],[19,-50],[-13,-44],[-53,-75],[0,-54],[-71,-29],[-11,-32],[107,-24],[93,-140],[48,-43],[-36,-65],[69,-14],[76,-63],[80,1],[1,-43],[100,2],[122,-19],[-4,-67],[-190,-20],[-21,-18],[7,-85],[64,-38],[-2,-61],[-114,29],[-73,-52],[-2,-55],[27,-54],[0,-73],[20,-109]],[[22705,61876],[-76,-37],[-57,1],[-25,33],[93,52],[-73,112],[-97,10],[-73,-53],[-69,10],[-59,79],[-98,0],[-33,48],[-35,4],[-31,-49],[-34,5],[-44,86],[-7,51],[-47,32],[78,27],[11,94],[50,2],[42,71],[2,135],[88,40],[51,81],[1,37],[158,21],[36,64],[40,4],[22,41],[82,36],[78,-19],[31,72],[74,19],[35,70]],[[22819,63055],[78,11],[22,-46],[95,58],[74,30],[62,65],[58,119],[69,62],[55,-2],[61,30],[-53,143],[-50,32],[2,41],[44,33],[4,84],[56,59],[-30,88],[28,29]],[[25184,64473],[107,-38],[58,-71],[117,-57],[85,-70],[24,-88],[-46,-33],[34,-38],[60,-2],[-3,-56],[118,21],[26,-20],[88,-4],[34,-39],[58,-26],[30,-81]],[[48200,67812],[42,-66],[49,6],[21,40],[94,-46],[48,32],[123,-12],[-46,-127],[47,-16],[65,22],[36,-41],[17,-198],[-50,-41],[0,-61],[67,3],[17,-35],[57,59],[78,-64],[22,-138],[-15,-54]],[[48872,67075],[16,-47],[-111,-21],[-93,53],[-168,32],[-120,-58],[-74,-6],[-70,-23],[-20,30],[-61,-11],[-102,12],[-30,-92],[-160,-26],[-76,-55],[-104,-4],[-43,75],[-78,-14],[-25,-39],[-89,-23],[18,-87],[-51,-2],[-233,-66],[-74,18],[-38,-46],[-59,-3],[-81,-30],[-28,60],[-140,-41],[-66,-45],[-130,-67],[-142,-59],[-178,-48],[-162,-75],[-157,-109],[-149,-68],[-138,-53],[-122,-76],[-73,-18],[-38,-51]],[[45423,65992],[-88,4],[-30,23],[41,101],[-42,20],[-8,70],[68,4],[7,55],[-67,54],[-96,104],[-69,116],[3,81],[-87,40],[-115,-12],[-95,51],[65,43],[-5,71],[25,188],[-4,42],[24,80],[-21,55],[67,224],[-82,38],[-67,84],[-100,75],[-22,40],[-58,45],[-102,35],[-19,49],[47,106],[29,35],[80,2],[-9,47],[41,35],[17,95],[32,-4],[11,69]],[[44794,68157],[39,-31],[41,86],[54,58],[20,100],[155,-72],[-17,116],[39,28],[-37,68],[64,43],[95,129],[48,101],[-29,40],[21,31],[-47,68],[43,43],[6,91],[52,46],[-21,44],[125,9],[28,-15],[59,34],[68,-20],[56,-86],[65,-35],[16,-40],[61,3],[73,32],[37,-74],[-93,-6],[-30,-22],[116,-39],[164,-80],[38,27],[9,53],[-14,55],[-54,39],[-1,65],[51,39],[92,11],[30,56],[-57,26],[7,54],[73,1]],[[46239,69233],[85,3],[27,25],[75,-45],[-21,-58],[82,-10],[49,-38],[-96,-72],[-3,-50],[39,-21],[50,19],[52,-72],[-59,-35],[-70,-64],[95,-75],[47,18],[39,50],[45,12],[14,-54],[48,3],[14,-79],[82,-22],[38,57],[55,-16],[21,-36],[115,-60],[70,-49],[130,35],[59,-46],[94,-19],[98,-73],[8,-152],[22,-82],[-41,-57],[14,-79],[89,-42],[-5,-46],[120,-109],[12,36],[138,35],[68,-23],[141,-79],[58,-5],[63,-46]],[[34990,63560],[-35,55],[-2,44],[-37,18],[-38,73],[-25,-63],[-47,53],[54,97],[1,57],[29,22],[-22,75],[101,-17],[-8,100],[49,67],[-16,73],[-72,-14],[-36,42],[45,30],[16,95],[40,68],[-10,74],[-43,21],[-40,53],[13,37],[60,19],[-11,47],[27,45],[-36,79],[-8,84],[-161,97],[-68,51],[-69,-66],[-29,-87],[-4,-60],[-64,-7],[-40,55],[-117,63],[-18,-51],[-71,17],[-6,39],[-55,7],[0,43],[52,35],[53,-65],[45,8],[25,161],[33,87],[-62,40],[-40,82],[-4,58],[64,-3],[19,25],[-3,70],[52,53],[-30,33],[-91,18],[-38,-23],[-50,16],[-82,56],[41,39],[58,-41],[34,43],[-98,25],[12,38]],[[34899,66475],[199,-164],[64,-24],[90,-97],[-125,-149],[7,-48],[44,-67],[71,-44],[83,-86],[74,15],[15,39],[81,38],[-4,59],[23,46],[95,52],[26,105],[86,101],[50,-14],[46,-60],[86,-52],[90,-14],[52,-66],[39,-89],[62,-22],[-19,-52],[129,-84],[51,-108],[103,-39],[68,17],[28,51],[67,-50],[29,30],[46,-111],[25,-20],[34,-102],[73,-4],[17,91],[59,-20],[39,43],[67,-4],[53,20],[26,38],[-7,94],[107,71],[10,62],[-17,45],[85,66],[124,143],[-4,62],[48,166],[21,21]],[[45423,65992],[19,-52],[51,-57],[59,2],[21,-65],[-25,-19],[33,-66],[59,34],[76,6]],[[45716,65775],[-27,-34],[-10,-87],[-24,-68],[-43,-62],[-46,-30],[-214,-1],[-83,-58],[-45,-48],[-56,-15],[-30,-38],[11,-68],[-89,-73],[-59,13],[-26,39],[-63,48],[-105,-8],[-352,-131],[-52,-26]],[[44403,65128],[-42,-2]],[[44361,65126],[-16,-2],[-32,-50],[-42,-44],[-41,3]],[[44230,65033],[-12,-3]],[[42637,68696],[28,66],[-41,58],[-11,51],[77,34],[33,-71],[84,-54],[122,77],[98,-45],[-66,124],[34,71],[-24,13],[14,89],[38,-22],[-1,-49],[68,5],[-9,-59],[-48,-88],[32,-18],[82,-2],[42,-63],[89,20],[-26,-65],[6,-39],[142,51]],[[43400,68780],[44,16],[22,-36],[147,-2],[19,29],[-19,56],[-86,25],[-19,31],[-92,18],[-6,93],[20,75],[43,-51],[53,24],[108,-17],[61,35],[66,-60],[31,-76],[35,65],[-20,52],[34,100],[-19,93],[115,-16],[125,-90],[-70,-92],[-35,16],[-36,-78],[28,-79],[-30,-54],[22,-64],[-102,-74],[-42,-80],[73,-101],[-48,-64],[-40,0],[-21,-47],[-69,5],[-25,-42],[39,-26],[-2,-47],[64,-29],[124,-3],[111,44],[30,34],[137,60],[28,-17],[-3,-65],[31,-43],[163,3],[58,-29],[1,53],[33,32],[173,-10],[45,-105],[25,-7],[70,-78]],[[31237,59407],[-40,26]],[[28923,61512],[68,-43],[110,-29],[6,24],[82,79],[43,0],[19,108],[-6,113],[76,9],[15,-46],[105,23],[32,-68],[11,-64],[80,2],[36,-59],[44,1],[26,45],[-34,71],[20,32],[86,-37],[-12,-59],[67,-22],[58,-97],[68,-2],[7,-42],[120,-27],[5,35],[56,9],[60,59],[-14,45],[18,107],[-22,123],[38,22],[16,71],[84,2],[67,40],[67,68],[27,59],[46,36],[3,46],[-28,48],[12,140],[26,38],[7,107],[-9,48],[76,32],[38,172],[75,104]],[[41874,59974],[-98,-1],[-43,-17]],[[40742,59357],[69,-34],[70,-7]],[[41174,58884],[49,-18],[-3,-72]],[[41230,58543],[19,-1]],[[39213,55720],[3,45],[-30,38],[50,53],[-83,179],[-104,49],[-62,-19],[-102,33],[-57,-61],[-114,18],[-138,33],[-16,-9],[-113,30],[-45,57],[-49,32],[-103,16]],[[47748,62491],[-24,-81],[-40,4]],[[47684,62414],[-54,55],[-10,-8],[-12,-13]],[[47608,62448],[-18,-61],[8,-54]],[[47457,62228],[-28,-57],[-30,-36],[-14,0],[-34,59]],[[47419,61934],[-36,-19],[-103,52],[-47,17]],[[46388,61306],[30,-20],[65,1]],[[46483,61287],[-16,-133],[-43,2]],[[46316,61116],[-14,-31],[55,-32]],[[46487,61022],[49,-14],[43,14]],[[46894,59798],[30,49],[-28,32],[-102,31],[-25,28],[21,56]],[[46777,60106],[-15,79],[-25,10]],[[46457,60120],[-74,-23],[-53,4]],[[45988,60131],[-42,31],[-32,62]],[[45841,60405],[-70,51],[-93,16]],[[45033,61529],[11,45],[-50,21]],[[44919,61690],[-51,-1],[-20,61]],[[44712,61779],[-17,40],[35,61],[-46,-16],[-13,1],[-6,26],[3,13],[39,34],[24,20],[-7,23],[-6,2],[-106,-21],[-60,43],[26,27],[-21,19],[-45,-11],[-17,40]],[[44495,62080],[37,49],[-28,31]],[[44504,62160],[-19,67],[27,82]],[[44512,62309],[-59,27],[-4,44]],[[44449,62380],[-68,58],[6,22],[29,56],[26,77],[-4,54],[5,54],[95,16],[35,15],[53,-1],[46,-16],[68,19],[19,-2],[19,30],[12,1],[22,-21],[3,33],[27,4],[28,-29],[42,97],[34,44],[29,15],[-50,116],[62,43]],[[44987,63065],[82,122],[19,46]],[[45088,63233],[3,84],[37,66],[-10,50],[54,3],[17,5],[13,24],[0,37],[-6,18],[-40,37],[40,59]],[[45196,63616],[24,15],[0,113]],[[45220,63744],[-27,40],[-58,18]],[[45135,63802],[-17,9],[-27,53],[-53,91],[-21,16]],[[45017,63971],[-23,40],[13,72]],[[45007,64083],[22,22],[45,7],[99,3],[40,15],[82,21],[-8,47],[-63,43],[-72,-17],[-9,5],[-27,46],[-27,57],[-33,13],[-13,-4],[-75,-19],[-44,68],[55,50],[-49,58],[-62,-12]],[[44868,64486],[-43,42],[-18,49],[12,51]],[[44819,64628],[-2,27],[-34,10],[-45,-18],[-122,-6],[-11,11]],[[44605,64652],[-32,129],[-109,129]],[[44464,64910],[-50,93]],[[44414,65003],[-43,43],[-4,40]],[[44367,65086],[19,25]],[[44386,65111],[17,17]],[[45716,65775],[164,-23],[70,37],[37,1],[43,-108],[7,-149],[-41,-54],[10,-56],[76,-15],[8,-47],[-32,-51],[73,-115],[-2,-93],[60,-27],[66,30],[39,-60],[-65,-5],[-49,-83],[-48,-25],[-62,9],[-34,-34],[98,-37],[-29,-113],[47,-57],[69,11],[64,-106],[-35,-13],[-19,-49],[10,-73],[40,-31],[36,14],[140,-100]],[[27453,61934],[43,76],[12,63],[54,9],[81,-64],[48,47],[18,57],[-10,51],[18,73],[47,67],[40,15],[31,-38],[66,31],[22,130],[-26,40],[-56,-19],[-59,6],[-7,92],[-31,52],[39,60],[2,46],[-53,48],[-1,36],[95,68],[76,12],[22,52],[-41,13],[-23,48],[-65,4],[-20,-74],[-37,-32],[-87,26],[-33,-16],[-21,77],[49,43],[15,73],[-44,82],[-55,-5],[-52,-66],[-60,-42],[-25,20],[-18,79],[-42,18],[-88,-51],[-53,22],[-148,-13],[-16,60],[-54,-35],[-105,-12],[-9,-53],[-62,-4],[-51,54],[-50,8],[-50,-43],[-131,45],[-39,66],[-21,132],[-34,92],[-36,24],[10,68],[88,54],[25,110],[-18,53],[-56,9],[-21,-130],[-70,46],[-37,5],[-25,46],[-110,9],[-69,80],[-16,41],[-128,-40]],[[25974,63871],[47,103],[-27,119],[79,-12],[31,39],[-22,70],[28,9],[13,62],[-73,14],[-29,34],[14,101],[90,-7],[107,-78],[9,-92],[63,-8],[50,73],[29,-12],[176,87],[47,-1],[40,-35],[35,27],[113,46],[36,-8],[57,76],[96,40],[18,38],[-3,118],[-69,87],[0,104],[45,23],[58,-5],[127,77],[58,88],[193,57],[21,25],[102,-2],[-19,89],[27,46],[-18,48],[-3,94],[-35,35],[9,102],[101,113],[7,31],[-43,140],[26,42],[68,14],[10,73],[46,60],[72,-77],[-40,-98],[34,-59],[6,-137],[33,-60]],[[32781,71968],[-39,-41],[-26,-123],[-92,-31],[-64,26],[-37,-20],[14,-85],[-13,-66],[-84,-25],[-96,89],[-23,41],[-62,28],[-73,-2],[-35,20],[-112,115],[-44,9],[-73,-42],[23,-39],[-20,-130],[3,-100],[91,-66],[25,-59],[-78,24],[-72,-10],[-127,29],[-129,-13],[-26,-185],[-69,3],[-76,-67],[15,-54],[58,-14],[85,-88],[-32,-56],[-63,4],[-78,40],[-65,-57],[15,-61],[85,-50],[-54,-55],[-33,-81],[40,-36],[13,-90],[50,-31],[62,5],[-34,-72],[-250,-72],[-122,-5],[-45,-34],[-3,-73],[40,-73],[-130,-10],[-31,-47],[43,-88],[-8,-34],[-80,-8],[-69,-23],[19,-64],[-71,-48],[-26,21],[-80,-7],[-112,11],[-39,-17],[-13,-110],[105,-43],[123,41],[11,-67]],[[30793,69802],[-42,-59],[-83,4],[-53,-90],[-109,3],[-118,-18],[-21,-70],[-83,2],[2,68],[-85,78],[-40,17],[-174,30],[-243,-55],[-45,26],[24,51],[-91,43],[-90,-20],[-39,19],[-77,-8],[-81,60],[-74,71],[-37,-19],[-80,52],[-47,159],[-51,20]],[[29056,70166],[-47,49],[-4,88],[-60,91],[-15,48],[-61,74],[7,77],[-43,111],[21,102],[-4,100],[-53,55],[39,92],[-75,40],[-39,43],[16,87],[71,39],[82,10],[13,47],[-28,85],[24,119],[70,102],[60,54]],[[29030,71679],[64,106],[43,33],[66,-20],[52,15],[34,117],[114,20],[139,-40],[65,6],[101,73],[-31,38],[25,39],[56,-12],[62,18],[40,33],[44,69],[-3,49],[66,66],[11,35],[-34,69],[26,25]],[[29970,72418],[112,76],[60,138],[65,29],[112,19],[193,119],[36,81],[66,63],[100,38],[110,4],[41,31],[45,111]],[[35510,70645],[-38,-10],[-61,-108],[0,-93],[45,-106],[-51,-2],[-45,-30],[-28,-64],[-86,-29],[-46,31],[-43,-89],[-9,-100],[-76,-73],[-38,-5],[-19,-60],[100,-47],[28,-69],[-12,-35],[-68,-62],[29,-24],[99,-25],[0,-56],[60,-66],[-25,-58],[48,-31],[21,-60],[71,-17],[-34,-47],[-1,-51],[63,-23],[47,-61],[93,-1],[-7,-57],[-73,1],[7,-46],[69,-62]],[[35530,69010],[-63,-16],[-78,24],[-43,-15],[-79,-85],[-119,-42],[-26,-34],[20,-146],[25,-67],[-37,-105],[-72,-39],[-59,-79],[-93,-58],[-23,-40],[-146,-99],[-49,-73],[-102,-41],[-25,-54],[7,-85]],[[31580,68841],[103,48],[56,4],[132,91],[14,249],[43,-6],[51,24],[-40,125],[-51,18],[-40,54],[-60,17],[-45,82],[59,51],[28,77],[-39,102],[-50,-34],[-18,50],[42,115],[-41,75],[59,94],[-61,35],[-133,53],[-77,-48],[-80,-91],[-138,-98],[-7,-158],[-69,-3],[7,-44],[-34,-27],[-59,14],[-69,-8],[-131,82],[-139,18]],[[49650,67318],[37,-99],[155,41],[47,41],[169,53],[75,47],[26,-2],[106,-91],[-15,-102],[36,-24],[88,16],[133,-18],[8,-166],[98,9],[15,-177],[-69,-25],[-121,-17],[-43,38],[-61,21],[-1,-165],[72,-51],[-44,-88],[7,-188],[-37,-38],[-28,-116],[40,-53],[146,7],[13,-95],[-16,-107],[21,-26],[-6,-75],[-47,-91],[-2,-120],[-80,-48],[32,-207],[-45,-43],[-10,-67],[-111,20],[-60,53],[-47,-89],[21,-40],[131,-101],[25,-61],[62,6],[99,-35],[39,18],[-36,-129],[-55,-47],[21,-68],[70,-26],[82,3],[40,-22],[-9,-92],[31,-51]],[[48872,67075],[53,-3],[71,41],[56,-19],[52,-63],[86,-17],[81,1],[19,33],[-31,41],[-7,70],[28,82],[-35,97],[64,81],[42,4],[56,-59],[2,-48],[96,22],[35,-31],[110,11]],[[37398,66450],[-131,-15],[-46,63],[-63,13],[-41,93],[45,47],[39,-56],[62,-4],[81,46],[-77,47],[-13,126],[17,38],[-112,105],[-30,87],[-40,36],[-39,97],[-65,5],[-24,-68],[-40,23],[-38,-31],[-9,-45],[-100,-4],[-28,-36],[-59,-19],[-86,35],[-14,34],[0,96],[-27,86],[60,64],[9,62],[43,40],[-32,235],[4,106],[46,37],[10,38],[-28,58],[-28,116],[-61,36],[-53,5],[-31,32],[-68,12],[-23,40],[-97,29],[-39,85],[-12,72],[-99,67],[24,82],[18,157],[24,36],[-7,99],[-75,113],[-80,24],[3,109],[-15,114],[-83,167],[-25,91]],[[35945,69375],[20,122],[-56,46],[-56,4],[-53,61],[-54,-25],[-55,40],[-122,-81],[-64,10],[-24,29],[4,60],[65,24],[71,0],[64,63],[61,-67],[69,16],[57,76],[-28,16],[-19,131],[97,-65],[70,13],[5,94],[89,150],[55,-37],[50,9],[-4,88],[22,28],[66,13],[43,-19],[66,25],[38,-73],[-108,-83],[-59,35],[20,-95],[101,-28],[20,27],[59,-43],[-21,-66],[110,-36],[100,35],[5,24],[-25,148],[-46,43],[171,41],[-18,58],[-84,-45],[-47,32],[-13,37],[-81,56],[6,100],[45,37],[15,-56],[45,-33],[57,25],[57,3],[125,-57],[70,-53],[-90,-62],[58,-13],[59,68],[12,55],[-38,91],[-66,47],[24,46],[146,31],[-27,75],[21,48],[39,14],[139,-3],[55,-32],[1,-76],[-88,-54],[65,-85],[-18,-96],[-93,-81],[90,-70],[46,50],[61,-11],[35,-69],[-7,-90],[26,-29],[-4,-61],[-91,-9],[-33,-65],[-145,47],[-5,58],[124,-14],[42,98],[-97,-13],[-50,-39],[-91,-6],[-128,-133],[20,-75],[-35,-4],[-65,-76],[-79,14],[-30,-43],[35,-38],[65,3],[-22,-87],[62,-74],[40,-67],[37,2],[15,74],[42,111],[33,33],[-17,72],[-36,22],[100,112],[78,-27],[24,26],[57,-53],[40,48],[45,10],[-10,-135],[60,-78],[-92,-41],[-11,-65],[-111,43],[-42,-91],[-84,3],[-17,-69],[50,-64],[-49,-96],[33,-104],[82,69],[82,113],[99,38],[56,-15],[46,-66],[47,-12],[15,75],[-18,61],[-79,40],[4,41],[46,80],[89,-4],[8,-99],[51,6],[-10,-55],[104,-33],[-111,-147],[39,-48],[-48,-115],[59,-23],[66,51],[21,82],[70,75],[22,-61],[99,-48],[-39,-74],[60,-55],[-36,-43],[64,-25],[17,28],[64,-25],[78,22],[-36,52],[-2,52],[58,22],[41,-31],[4,-56],[140,-44],[-3,99],[-44,-9],[-38,30],[39,37],[88,11],[40,-75],[-26,-40],[76,-38],[20,49],[65,-10],[45,76]],[[44367,65086],[4,-40],[43,-43]],[[44464,64910],[109,-129],[32,-129]],[[44819,64628],[-12,-51],[18,-49],[43,-42]],[[45007,64083],[-13,-72],[23,-40]],[[45135,63802],[58,-18],[27,-40]],[[45220,63744],[0,-113],[-24,-15]],[[45088,63233],[-19,-46],[-82,-122]],[[44449,62380],[4,-44],[59,-27]],[[44504,62160],[28,-31],[-37,-49]],[[42889,62344],[-106,12],[-6,34]],[[42852,62750],[6,30],[-40,54]],[[43021,63225],[35,24],[6,87]],[[43173,63484],[55,81],[-7,59]],[[44003,64825],[50,63],[-20,25]],[[44208,65019],[22,14]],[[44361,65126],[25,-15]],[[27210,55613],[-45,-42],[-32,9]],[[26921,55565],[-22,-41],[3,-101]],[[26902,55423],[-14,-105],[27,1]],[[27038,54916],[-80,67],[-180,-16],[-99,37],[-41,-5],[-47,-41],[-67,8],[-37,-23],[-108,25],[-147,-17],[-52,29],[-129,-7],[-116,-41],[-152,3],[-35,46]],[[22486,49551],[29,-82],[-89,-11],[-24,-46],[-3,-183],[52,0],[-8,-83],[-187,40],[-18,-181],[-33,-55],[20,-52],[61,-3],[71,83],[71,-60],[59,-29],[63,-8],[73,52],[24,-19],[9,-114],[-58,-79],[83,-9],[1,-92],[112,-10],[86,76],[66,-51],[-64,-58],[-26,-133],[29,-10],[124,86],[42,-26],[55,-66],[123,31],[10,-39],[89,14],[183,-12],[103,-92],[132,8],[22,-51],[79,-27],[86,23],[46,-31],[40,5],[45,-39],[44,13],[33,-24],[67,26],[78,-11],[48,-80],[-11,-28],[91,-92],[68,-36],[51,-4],[10,71],[34,9],[20,-57],[-27,-85],[100,-19],[30,-51],[143,24],[20,-79],[-41,6],[-29,-66],[-52,-1],[7,-82],[73,24],[25,-67],[-47,-91],[80,-32],[62,48],[82,27],[77,-5],[60,41],[5,-52],[90,8],[14,22]],[[25269,47575],[41,-32],[-13,-113],[17,-19],[87,25],[63,-34],[-56,-170],[86,-15],[-9,-65],[-52,-46],[-32,-74],[-143,-92],[-41,1],[-64,-133],[-56,9],[-40,-22],[-43,-55],[2,-34],[78,-70],[71,-4],[19,-93],[-12,-20],[-78,-10],[28,-83],[60,39],[108,0],[7,-83],[-104,-73],[-32,28],[-130,-49],[-89,-3],[-53,43],[95,132],[10,54],[-89,-43],[-72,-3],[4,64],[-54,36],[-24,-69],[63,-48],[43,-53],[12,-101],[-16,-18],[-87,19],[-52,45],[-43,0],[-56,-67],[7,-49],[-23,-114],[104,-12],[45,12],[57,-34],[-3,-84],[-24,-46],[-85,-38],[-88,4],[-54,49],[-4,81],[-37,42],[24,25],[7,80],[-24,62],[-81,-30],[-47,16],[12,59],[-23,102],[-17,9],[-97,-69],[24,-103],[-31,-48],[71,-70],[-7,-51],[-88,-29],[-37,38],[-7,49],[-81,1],[-153,30],[-87,34],[2,50],[45,5],[27,44],[14,86],[32,35],[-1,46],[-58,6],[-49,-21],[-5,-47],[-58,-31],[-119,21],[-53,-1],[-28,27],[-77,-2],[-132,57],[-71,-144],[-19,-180],[30,-25],[94,-2],[-11,-102],[40,-36],[-26,-104],[-48,30],[-76,-61],[-35,13],[-25,58],[-74,15],[-123,-56],[-55,75],[-45,-41],[13,-51],[62,-19],[11,-47],[-35,-29],[69,-52],[8,-46],[61,-50],[62,39],[6,-90],[33,-25],[5,-118],[81,2],[3,-73],[66,2],[43,-26],[42,10],[69,-102],[44,32],[34,-13],[-24,-67],[46,-52],[72,-29],[75,-117],[52,-54],[98,-55],[21,-49],[52,-21],[70,-119],[42,-15],[19,-48],[50,-17],[29,-72],[-14,-62],[-40,-37],[72,-58],[17,-34],[73,-27]],[[24359,44318],[-39,-82],[-154,-48],[-85,24],[-32,-122],[-69,-17],[-15,-74],[-30,-50],[0,-85],[-55,-42],[-61,-10],[-30,37],[-118,26],[-33,-117],[-79,-22],[-63,-55],[-87,1],[-84,-31],[-29,-78],[-125,-13],[-25,-68],[-42,-15],[-62,32]],[[23042,43509],[-82,15],[-54,45],[47,77],[1,39],[-85,75],[-34,8],[-51,-40],[-85,1],[-68,122],[31,76],[11,110],[-39,58],[-52,40],[-127,-65],[-24,-26],[24,-61],[-70,-59],[-108,67],[-110,22],[-92,96],[-14,56],[81,69],[-25,101],[-39,66],[-38,25],[25,99],[-18,29],[-121,-5],[-24,37],[-85,31],[-12,51],[118,56],[-8,56],[-72,-11],[-38,55],[21,51],[-16,73],[-89,-10],[-36,72],[-55,39],[-87,-29],[-13,93],[13,42],[-26,31],[-21,85],[39,84],[-93,21],[-65,29],[-44,-23],[-45,8],[-50,51],[-7,53],[-41,77],[-10,57],[-82,67],[-71,120],[-94,87],[5,61],[-33,55],[-74,41],[-49,50],[-14,40],[60,95],[27,77],[-11,69],[46,72],[49,18],[39,-25],[28,71],[75,89],[17,74],[115,13],[42,72],[-82,30],[-107,13],[-113,-56],[-66,-3],[-78,42],[-119,25],[-84,-6],[-58,37],[-61,-14],[-114,68],[-46,52],[-72,40],[18,56],[-57,32],[42,31],[2,37],[-52,57],[-4,41],[-41,79],[-150,-51],[-89,-13],[-55,93],[-105,41],[-40,-63],[-54,-3],[-47,62],[-146,74],[-68,-33]],[[19409,47442],[-91,41],[-8,47],[-67,8],[-15,70],[-75,5],[-57,29],[-52,87],[108,77],[7,50],[-33,33],[-108,34],[-41,77],[-105,30],[9,112],[-29,55]],[[18852,48197],[48,37],[101,-40],[168,62],[2,42],[230,81],[7,78],[78,98],[32,13],[7,57],[33,53],[36,9],[25,89],[86,32],[28,-34],[62,34],[25,-33],[-12,-91],[52,-43],[-22,-33],[33,-55],[82,-33],[141,13],[38,-23],[113,-2],[161,-36],[90,-76],[85,15],[21,56],[56,55],[64,148],[7,47],[86,45],[116,-1],[80,27],[60,49],[43,72],[67,2],[82,-35],[25,23],[26,96],[110,11],[19,49],[3,78],[-29,1],[3,130],[-82,11],[-9,47],[-209,83],[-9,83],[-86,25],[5,102],[110,-19],[22,104],[56,-68],[47,63],[98,-6],[11,-65],[50,-3],[69,56],[149,-23],[70,1],[31,43],[38,6],[56,-29],[-18,-51],[177,34],[92,-30],[53,-48],[345,-29]],[[32654,52606],[-86,-10],[-67,-61],[-21,-75],[-153,39],[-47,-80],[54,-57],[55,-24],[14,-49],[-106,28],[-7,-73],[-50,62],[-57,3],[-30,27],[-58,-122],[-71,22],[114,-193],[-99,10],[-71,-16],[-18,-79],[-40,-26],[-122,3],[-11,-52],[-79,31],[-15,-177],[109,-33],[14,29],[94,-6],[-59,-161],[-34,55],[-146,3],[-6,-50],[66,-23],[8,-54],[-53,-52],[-111,-13],[-20,-104],[-44,5],[-16,36],[-95,25],[-61,-12],[-27,52],[-133,3],[-9,-56],[45,-50],[-7,-36],[-63,-42],[-85,4],[-39,-69],[-30,66],[-161,80],[-26,61],[-65,4],[-15,37],[-105,7],[-31,-79],[6,-62],[-87,-27],[-44,-127],[-169,-47],[-105,-70],[-28,-85],[47,-28],[-73,-49],[-40,-72],[-47,79],[-77,1],[-10,-41],[-43,-31]],[[29908,50805],[-49,29],[-54,-8],[-21,45],[24,65],[-168,41],[9,45],[-164,57],[22,38],[10,83],[56,15],[8,65],[-47,43],[3,71],[-71,80],[78,207],[68,-3],[50,-55],[19,45],[22,115],[-20,222],[-59,72],[-79,121],[0,179],[66,79],[33,193],[0,108],[-47,100],[-112,186],[-124,155],[4,33],[54,13],[18,-40],[66,11],[48,-11],[96,35],[79,-16],[53,21],[12,123],[68,-16],[-6,52],[-77,-1],[-19,120],[37,0],[14,73],[-14,35],[-82,25],[49,55],[12,73],[-30,61],[49,81],[-1,46],[-41,78],[8,21],[-23,120],[40,31]],[[29775,54221],[31,-16],[119,9],[178,25],[149,31],[118,-13],[174,31],[-7,82],[68,64],[69,-9],[72,-75],[53,-24],[44,31],[81,-24],[108,29],[61,39],[28,-42],[7,-67],[27,-17],[-61,-78],[-21,-140],[17,-35],[93,-4],[17,-51],[-80,-7],[12,-169],[-93,-8],[6,-135],[78,-52],[1,-58],[-32,-73],[-100,-3],[2,-49],[93,-10],[-33,-63],[-29,-113],[-29,-33],[9,-67],[-18,-131],[69,-10],[32,27],[36,-50],[138,-12],[22,20],[179,-12],[53,-27],[86,37],[55,3],[33,-42],[203,-9],[52,25],[93,-20],[49,24],[51,110],[44,-5],[-9,-63],[57,-6],[124,-49],[75,20],[13,-109],[56,-60],[72,-3],[72,-46],[12,-133]],[[35486,55387],[-16,-76],[26,-39],[23,-90],[6,-161],[-86,-28],[-67,-44],[-89,40],[-32,-40],[-56,-10],[-101,-55],[-38,-35],[-202,-75],[-4,-31]],[[34850,54743],[-106,8],[-216,-3],[-47,41],[-136,53],[-104,-6],[16,-95],[-41,-110],[46,-44],[-19,-49],[-50,1],[-20,-94],[45,-41],[32,-82],[73,-65],[-19,-69],[89,-91],[82,-62],[-35,-113],[52,-40],[22,-93],[-6,-104],[-41,-46],[20,-60],[-30,-56],[42,-69],[3,-74],[-15,-52],[74,-33],[58,-146],[54,-21],[44,11],[87,-24],[62,-35],[59,-80],[22,-75],[45,-21],[6,-45],[65,15],[19,-40],[-64,-37],[-19,-125],[49,-55],[11,-107],[-51,-143],[-60,-2]],[[34948,52365],[-68,-2],[-10,-42],[-88,24],[-65,-7],[-12,-47],[-91,3],[-6,-25],[-77,-13],[1,-30],[-118,6],[22,-48],[-118,11],[11,57],[-127,25],[-76,-19],[-46,-41],[-28,-107],[-84,-20],[-59,-74],[-29,-60],[-126,-38],[-27,-61],[-49,17],[18,47],[6,100],[-90,71],[-55,-53],[-38,0],[-2,-54],[-66,-27],[1,-65],[-32,-18],[-71,74],[-35,-70],[-60,-39],[-25,-47],[-37,-15],[-73,31],[-30,50],[-135,23],[-54,46],[-71,3],[-47,-61]],[[32782,51870],[-77,10],[65,157],[21,145],[-21,57],[-46,20],[13,95],[-23,70],[-67,28],[64,72],[13,64],[-70,18]],[[29775,54221],[-61,18],[-19,103],[-42,3],[-13,82],[17,25],[-88,145],[-52,-15],[-84,12],[-76,-30]],[[29382,54891],[221,147],[18,25],[21,104],[112,64]],[[29810,55343],[-75,78],[-25,45]],[[26685,51869],[-84,-6],[74,-115],[-64,-14],[-22,-61],[-28,-14],[-6,-65],[35,-32],[17,-53],[-79,-28],[-45,48],[-108,-36],[-2,-39],[-88,12],[-28,-20],[-20,-89],[-58,-14],[-19,-34],[59,-57],[-10,-97],[62,-75],[-1,-59],[-46,-37],[-128,15],[-24,-56],[-90,-28],[37,-88],[-24,-79],[-47,-94],[19,-41],[9,-93],[-33,-61],[-89,12],[-45,-238],[-29,-85],[-131,-13],[1,-88],[16,-65],[45,-36],[-48,-89],[40,-83],[86,-20],[38,-171],[94,-58],[-1,-72],[-49,-38],[-22,-226],[19,-133],[-55,-5],[30,-108],[-61,-34],[1,-113],[28,-43],[-11,-113],[10,-96],[-8,-88],[-80,3],[-11,-56],[-56,-14],[34,-133],[53,-15],[124,-12],[18,-106],[-5,-46],[-41,-99],[5,-111],[-46,-143],[-44,27],[-27,-54],[-6,-87],[30,-20],[-9,-94],[-20,-70]],[[25721,47426],[-131,-7],[-181,89],[-7,46],[-89,92],[-40,-31],[-4,-40]],[[22486,49551],[6,61],[49,32],[-14,66],[54,110],[66,10],[-34,72],[44,55],[-42,89],[94,14],[-26,110],[-82,6],[30,83],[11,94],[-12,28],[28,71],[141,-14],[-19,51],[27,25],[82,20],[48,86],[42,49],[48,-40],[98,-24],[-9,-188],[149,-1],[41,-91],[44,3],[11,92],[18,13],[-3,121],[-70,8],[-9,104],[89,12],[2,87]],[[23388,50765],[125,129],[57,-6],[5,105],[38,24],[167,-109],[28,-2],[10,101],[114,2],[25,32],[80,17],[12,37],[-34,138],[-29,48],[74,92],[110,19],[4,145],[134,5],[3,58],[33,25],[67,-20],[-16,58],[45,49],[43,126],[10,56],[106,-6],[75,35],[74,54],[84,-9],[68,-53],[64,15],[15,-50],[6,-158],[53,-3],[74,-38],[-19,71],[77,30],[3,-42],[37,-38],[-6,128],[43,-39],[40,2],[17,-46],[65,88],[61,24],[-13,112],[39,23],[10,49],[66,-20],[11,34],[108,-40],[86,25],[-21,48],[55,12],[81,-20],[48,32],[-15,125],[30,31],[80,-6],[56,-26],[-22,-113],[24,-60],[62,19],[31,-39],[87,15],[4,-128],[43,-3],[45,28],[21,-35],[101,-59],[31,48],[15,78],[33,87],[89,20],[9,-86],[54,-15],[7,-126]],[[42426,53868],[-57,26],[-59,57],[-19,45],[-45,43],[57,118],[9,43],[-136,-6],[-72,-49],[-19,64],[38,90],[-44,35],[-33,70],[-1,82],[-34,55],[28,94],[-33,64],[-85,-8],[-23,50],[25,78],[-82,5],[-12,51],[50,9],[42,34],[67,0],[42,78],[76,30],[36,-13],[11,75],[-134,-4],[-84,42],[-50,58],[-16,47],[1,80],[22,46],[95,-16],[60,25],[11,-42],[50,24],[16,-46],[55,10],[46,36]],[[40633,55473],[26,-97],[-20,-62],[-77,-78],[-71,-94],[6,-44],[-109,-55],[-110,-88],[-70,-35],[-6,-37],[37,-45],[24,-148],[40,2],[26,-36],[-29,-137],[77,-95],[-55,-59],[129,4],[-8,63],[69,19],[63,-45],[60,49],[66,-5],[35,-50],[68,-40],[69,6],[57,-52],[52,36],[58,-62],[34,4],[43,-75],[2,-60],[60,-78],[13,-39],[-36,-31],[-23,-129],[40,3],[15,-146],[16,-55],[-53,-45],[-68,-85],[-16,-39],[-123,36],[-52,33],[-33,-51],[-120,20],[6,-94],[-44,-109],[21,-125],[-72,-77],[-56,-29],[-6,-42],[-68,-41],[-55,27],[-29,-25],[13,-66],[-22,-48],[1,-75],[-22,-59],[36,-8],[-4,-101],[66,33],[5,-78],[26,-4],[56,50],[67,14],[29,-43],[-42,-31],[1,-72],[29,-130],[65,19],[60,-12],[5,-47],[-26,-43]],[[40779,52335],[-104,-51],[-5,-37]],[[40670,52247],[-186,69],[-101,-27],[-163,25],[-47,125],[-96,52],[-27,-77],[25,-14],[-29,-80],[-60,-12],[-76,11],[-69,-62],[28,-91],[-20,-16],[-107,50],[-40,52],[-104,21],[-35,68],[-51,-7],[-106,19],[-6,28],[-109,0],[-24,23],[-64,-14]],[[39203,52390],[91,135],[1,124],[46,75],[40,38],[-31,104],[-35,65],[144,-21],[73,82],[25,53],[18,91],[95,53],[26,38],[32,98],[-4,63],[-76,81],[-3,36],[-84,142],[-45,128],[-37,14],[-38,-38],[-90,77],[-77,-42],[15,106],[-22,53],[-48,15],[-26,92],[15,63],[-43,34],[12,44],[94,-59],[19,-44],[61,4],[38,113],[-23,81],[27,64],[-12,33],[38,47],[-1,101],[15,36],[-26,59],[-32,14],[-7,103],[-31,4],[-74,88],[-90,161],[-30,28],[-29,84],[-80,-5],[-34,34],[-4,81],[35,16],[91,155],[99,121],[98,35]],[[25721,47426],[42,-28],[67,27],[49,-58],[63,4],[49,-43],[229,13],[26,48],[-13,67],[26,16],[106,11],[137,-93],[177,25],[78,40],[41,-19],[1,-39],[-43,-83],[-17,-80],[8,-42],[46,-69],[62,-32],[113,26],[144,139],[43,2],[6,-134],[43,-57],[153,-24],[28,17],[23,86],[60,-40],[33,28],[58,-49],[56,24],[18,-53],[75,22],[83,-43]],[[27791,47035],[21,-67],[46,-17],[-7,-52],[111,4],[36,51],[77,24],[73,-6],[69,-42],[50,-1],[63,-58],[-2,-86],[-41,-69],[30,-138],[-29,-41],[-57,-27],[-54,-90],[24,-37],[53,-17],[42,11],[45,80],[34,27],[43,-29],[12,-43],[61,-73],[61,25],[34,-41],[-6,-83],[49,-57],[-36,-25],[51,-92],[1,-46],[78,-26],[-24,-92],[28,-7],[-4,-68],[77,-20],[32,-89],[43,-38],[38,23],[20,98],[46,2],[107,-20],[16,-102],[-14,-131],[29,-48],[104,-4],[32,-77],[39,-25],[16,-75],[66,-11],[35,-120],[18,-28],[-23,-69],[47,-30],[43,12],[87,-27]],[[29581,45048],[28,-110],[7,-67],[-120,-39],[-58,0],[-42,-82],[-72,31],[-83,-2],[-79,-63],[-75,55],[-71,-5],[-55,-96],[-10,-154],[-55,-33],[-196,171],[-65,5],[-81,-34],[-41,-44],[-26,-96],[0,-163],[-14,-28],[-65,-27],[-67,15],[-56,72],[-57,-5],[-48,25],[-35,-11],[-67,32],[-42,-4],[-11,-65]],[[28025,44326],[-77,35],[-1,40],[-114,-5],[-77,27],[-97,9],[-17,-91],[-24,-11],[-21,91],[-84,16],[-103,5],[-78,-44],[-85,-5],[-81,102],[-62,18],[-15,-68],[-67,27],[35,43],[-10,49],[-152,-44],[-14,29],[13,78],[-38,34],[-77,16],[-75,-7],[-110,6],[-129,78],[-83,10],[-13,-58],[-51,16],[-104,69],[-75,-19],[-141,57],[-60,-1],[-23,-90],[1,-61],[-66,-7],[-90,49],[-34,77],[-33,41],[-45,-19],[-138,-20],[-16,-88],[25,-56],[-88,-20],[-63,-63],[-58,16],[-31,-52],[-48,-21],[-19,-49],[-35,-19],[-45,-136],[-58,-64],[-265,99],[-35,-87],[0,-51],[-73,-24]],[[24701,44183],[-117,-12],[-67,-25],[-73,131],[-43,-1],[-42,42]],[[29908,50805],[18,-130],[-54,-99],[-51,-1],[-34,-61],[-127,22],[-10,-60],[8,-100],[43,-18],[-12,-116],[-135,-12],[-46,-19],[-122,15],[-35,-34],[1,-75],[-41,-52],[-5,-57],[-38,4],[-41,-74],[130,-7],[-12,-178],[-47,-71],[50,-21],[-1,-50],[-48,1],[-38,-38],[3,-91],[-42,-28],[-57,-1],[28,-53],[-11,-62],[80,26],[75,-1],[5,-39],[-39,-80]],[[29303,49245],[-46,3],[-35,-89],[-287,8],[-25,21]],[[28910,49188],[2,53],[-77,36],[-67,91],[4,71],[-144,13],[-39,-15],[-111,12],[-62,-58],[-23,54],[-53,27],[-52,-121],[-47,-44],[-41,0],[-102,-46],[-144,14],[-91,-36],[-108,-5],[-38,-43],[-46,-6],[-78,25],[-41,-43],[-37,69],[-101,-26],[-58,94],[-10,115],[-59,16],[-30,92],[-42,38],[-48,-9],[-51,20],[-2,69],[-56,14],[84,174],[54,79],[45,103],[110,189],[61,70],[91,45],[88,99],[15,87],[-4,82],[15,74],[65,136],[0,70],[-87,116],[-187,90],[-49,-20],[-65,-91],[-125,-78],[-53,12],[-72,62],[-42,0],[-145,-111],[-65,20],[23,49],[-1,51],[62,106],[-8,74],[89,9],[-50,61],[-39,134],[55,151],[-49,78],[1,66],[49,88],[42,-17],[131,49],[34,-21],[9,82],[66,11],[7,100],[-14,109],[-23,56],[4,49],[-75,17]],[[27105,52169],[-44,91],[18,80],[-22,30],[10,72],[60,31],[-18,55],[-42,17],[-45,59],[32,23],[6,49],[71,25],[108,14],[27,57],[-27,34],[29,47],[54,32],[6,42],[80,104],[45,35],[12,43],[-50,38],[-69,18],[11,73],[28,60],[61,20],[44,100],[77,39],[50,55],[39,131],[103,-77],[88,-11],[47,-79],[96,-41],[46,-82],[63,-3],[74,-26],[92,-2],[73,105],[53,-1],[52,198],[-50,178]],[[28393,53802],[25,32],[67,22],[8,50],[76,-2]],[[28582,53907],[53,27],[11,64]],[[29005,54276],[94,-27],[89,-10]],[[29215,54237],[40,37],[-1,39]],[[29293,54433],[55,1],[3,54]],[[40670,52247],[36,-108],[-18,-208],[-36,-114],[72,-57],[15,-33],[-3,-105],[-37,-201],[6,-45],[66,-75],[-6,-118],[45,-86],[-17,-70],[-64,-57],[-15,-39],[-1,-85],[40,-69],[77,-71],[45,-73],[13,-66],[-22,-49],[-118,-30],[-74,-45],[-74,-139],[3,-34],[87,-45],[92,-29],[45,-68],[46,-218],[-27,-60],[-115,-167],[-45,-34],[-87,-31],[-61,8],[-82,54],[-2,65],[-76,118],[-119,-14],[-54,-32],[-62,-75],[-30,-107],[16,-82],[100,-189],[-83,-137],[-80,-62],[-50,-88],[11,-167],[47,-114],[90,-118],[8,-324],[17,-52],[-8,-81]],[[36921,48842],[32,38],[75,-26],[8,-65],[69,-34],[169,61],[-36,69],[2,49],[58,70],[182,2],[62,-9],[47,59],[79,-9],[50,29],[48,68],[55,22],[79,62],[66,113],[-132,41],[-65,41],[-4,116],[58,71],[-53,64],[70,26],[-37,100],[-74,51],[-43,132],[-92,29],[14,48],[-109,108],[-44,29],[-104,-1],[-17,50],[37,72],[-85,59],[18,145],[-47,19],[-87,95],[-10,65],[-116,-26],[-121,15],[-80,-16],[-55,48],[30,40],[-63,103]],[[36755,50865],[35,55],[63,24],[12,55],[-29,47],[10,61],[-31,94],[26,55],[58,-2],[46,37],[1,55],[50,-16],[96,59],[72,-27],[107,-6],[44,28],[17,85],[71,4],[45,-45],[76,115],[136,-46],[115,-23],[59,-38],[59,15],[30,88],[60,-3],[37,108],[42,20],[43,83],[78,51],[36,134]],[[38219,51932],[92,15],[101,-3],[41,13],[72,-30],[30,9],[44,114],[44,77],[-5,39],[40,41],[-24,38],[87,45],[48,-19],[11,-44],[49,-19],[97,12],[87,38],[103,110],[67,22]],[[24321,55065],[-44,-5],[-71,-42],[-39,6],[-31,-54],[-37,-16],[-19,-70],[45,-43],[-70,-15],[-11,-41],[67,-28],[-28,-57],[10,-86],[-38,-46],[6,-44],[-39,-30],[-51,-97],[-137,-47],[-32,-36],[-46,-11],[-32,-71],[-147,11],[-57,97],[-72,1],[37,-111],[-122,-98],[-51,2],[-71,-55],[-27,-89],[6,-55],[-55,-44],[11,-50],[-20,-58],[-35,-37],[23,-44],[91,5],[11,-48],[55,-29],[38,-81],[-16,-77],[46,-46],[1,-63],[-60,4],[5,-132],[72,-4],[-1,-32],[53,-21],[70,-129],[-9,-97],[49,-31],[16,-79],[-63,-12],[-22,-54],[42,-79],[50,-40],[20,-92],[-10,-46],[-131,-92],[5,-77],[-43,-33],[-44,-95],[-99,2],[-47,-52],[-106,-34],[-144,-5]],[[22973,52133],[-40,9],[8,77],[-75,28],[-158,13],[-25,46],[-72,35],[-205,22],[36,156],[-22,63],[35,79],[-96,27],[-52,64],[-81,48],[-56,10],[-28,36],[-90,13],[-57,-22],[-68,-50],[-18,36],[-77,1],[-22,50],[-45,-66],[-52,-44],[-97,13],[-53,38],[-66,72],[61,4],[-38,75],[-31,-58],[-158,42],[-82,-35],[-86,49],[-72,-18],[-50,28],[-39,-26],[-65,23],[-108,-10],[-92,31],[-33,-39],[-46,-1],[-63,49],[-88,-41],[6,-35],[-113,-3],[-32,15],[-44,-47],[-165,-1],[-33,30],[-80,9],[-98,-25]],[[19643,53494],[21,112],[93,6],[83,29],[93,10],[68,-25],[19,47],[-32,61],[22,45],[-20,51],[76,61],[7,33],[95,33],[57,91],[73,2],[38,-24],[-3,-39],[64,-1],[47,34],[-5,32],[-81,99],[215,160],[88,-19],[-12,41],[137,-35],[11,41],[79,0],[51,75],[77,25],[95,4],[41,-38],[106,24],[10,-43],[80,-18],[49,12],[17,81],[109,19],[41,26],[27,-28],[72,18],[51,-98],[154,11],[-13,63],[37,35],[-4,92],[-55,70],[-10,167],[33,-1],[10,77],[59,61],[-37,38],[0,104],[79,7],[180,-97],[80,43],[43,2],[104,-60],[79,24],[84,-12],[32,59],[-7,44],[29,81],[-10,71],[144,37],[38,-17],[32,155],[-9,65],[4,185],[45,113]],[[40779,52335],[67,-27],[19,-35],[101,-27],[64,118],[74,38],[100,-72],[85,5],[50,-24],[122,12],[51,-47],[46,-10],[67,-48],[71,-23],[64,15],[2,56],[87,-1],[34,115],[53,7],[81,183],[-17,85],[31,55],[-11,35],[31,77],[57,-36],[113,-20],[69,16],[50,54],[142,-14],[72,9],[100,35],[196,-40]],[[17092,46407],[-72,15],[-85,-18],[-60,-48],[-14,-100],[19,-74],[-7,-130],[-53,-65],[-35,1]],[[16785,45988],[-81,-1],[-25,42],[7,73],[-37,111],[-37,14],[-66,-16],[-29,-118],[-126,-103],[-113,0],[-14,36],[-69,-23],[-52,-185],[-9,-93],[-45,-54],[-64,-13],[38,89],[-9,45],[-45,30],[-23,53],[42,46],[-9,79],[32,58],[32,11],[30,54],[-50,27],[-4,100],[14,95],[-29,113],[-52,62],[-57,-44],[7,79],[-17,46],[43,59],[-19,56],[-34,6],[1,78],[-19,26],[24,111],[5,191],[31,29]],[[15957,47157],[45,-19],[9,-9],[2,3],[14,4],[137,39],[17,-1],[3,-5],[23,-2],[11,3],[101,-79],[10,-9],[40,-24],[-24,54],[46,-31],[84,4],[73,40],[109,-87],[24,-77],[32,-35],[12,-63],[64,-101],[31,-25],[88,9],[23,19],[58,-237],[67,-14],[46,9],[-10,-116]],[[31512,49413],[37,-39],[68,35],[-4,-74],[73,-52],[41,-10],[4,-49],[56,-9],[-64,-123],[53,-38],[29,27],[67,-5],[2,-49],[-24,-75],[22,-30],[61,-8],[-11,-52],[-60,7],[-27,-87],[68,-40],[50,43],[22,-32],[56,-22],[53,-111],[-18,-46],[47,-21]],[[32113,48553],[36,-65],[-18,-72],[20,-16],[-13,-100],[49,-55],[-60,-64],[-34,-59],[52,-15],[-2,-78],[19,-57],[-12,-109],[13,-35],[54,23],[13,-109],[-55,-41],[-18,-70],[-69,11],[-11,-60],[-41,-63],[49,-68],[-52,-43],[-58,-3],[-15,-42],[-89,-49],[-12,-43],[-75,-8],[-43,50],[-132,7],[-12,-90],[-94,-19],[-11,-38],[-124,23],[-19,-42],[-2,-135],[-56,-15],[-56,-67],[0,-37],[-74,-46],[-21,-72],[17,-67],[-13,-46],[10,-60],[44,2],[-12,-131],[-87,-54],[-7,-85],[-39,-60],[-40,-28],[-57,31],[-93,-45],[-38,35],[17,55],[47,32],[-15,31]],[[30874,46392],[13,24],[-26,119],[49,6],[7,38],[-65,-1],[-23,59],[-61,78],[-112,32],[11,64],[35,45],[-39,51],[-93,29],[-6,81],[-49,32],[-35,-21],[-59,3],[-3,-87],[-166,8],[37,153],[-101,4],[-34,52],[26,33],[0,68],[-30,39],[14,112],[83,131],[23,73],[-18,51],[30,17],[24,60],[55,83],[68,-52],[24,45],[-7,69],[-62,23],[34,127],[-21,69],[-41,40],[36,24],[-21,46],[-37,17],[-8,93],[-57,-22],[-44,17],[-1,73],[-34,14],[-66,-76],[-55,-8],[25,78],[-64,11],[-7,63],[33,46],[-47,114],[-56,-15],[-56,14],[-14,-33],[44,-54],[-27,-52],[-35,54],[-33,-38],[-39,-2],[-14,112],[21,68],[-52,31],[-26,-45],[19,-67],[-47,-48],[-37,81],[-53,40],[18,52],[-37,31],[-39,108],[-49,-12],[-53,64],[51,94],[13,111],[-77,18],[-18,21]],[[29413,49172],[23,11],[21,88],[71,-15],[95,13],[24,130],[72,-11],[21,109],[174,-22],[47,128],[119,-20],[25,-23],[75,9],[1,40],[159,79],[54,7],[35,33],[57,7],[14,82],[76,-57],[73,29],[86,-54],[42,-79],[42,-40],[58,-119],[110,38],[18,39],[63,50],[50,-8],[22,49],[89,52],[49,-51],[-22,-38],[-10,-78],[18,-26],[87,-7],[16,-176],[103,34],[42,38]],[[27212,54851],[18,-14],[18,-9],[86,43]],[[27641,54237],[24,-27],[-20,-66]],[[27855,53847],[144,5],[44,-66],[53,7]],[[27105,52169],[-69,-75],[-117,7],[-8,-70],[-68,-48],[-5,-146],[-153,32]],[[23388,50765],[-58,30],[-31,-19],[-134,16],[-46,32],[33,116],[-36,129],[3,50],[-22,71],[-54,41],[20,48],[-10,41],[-63,44],[-41,52],[-25,98],[-94,6],[44,111],[-40,16],[-44,128],[117,4],[12,32],[-13,103],[58,72],[9,147]],[[28910,49188],[-43,-7],[-8,-63],[-29,-52],[6,-66],[-88,-2],[13,-81],[79,-31],[-7,-29],[-58,-8],[-29,-64],[-89,13],[-4,-89],[92,-11],[9,-162],[-57,6],[-18,-42],[-43,-2],[-33,-97],[31,-1],[-4,-107],[-33,-2],[-18,-98],[39,-11],[-21,-158],[-101,-32],[-60,-5],[-60,20],[-20,-78],[18,-46],[-42,-133],[-71,6],[-12,-60],[-90,38],[-41,-121],[-43,1],[-17,-133],[22,-1],[-25,-113],[-61,-2],[-20,-32],[61,-48],[-51,-39],[-80,16],[-24,-92],[-75,18],[-10,-75],[39,-17],[-43,-61]],[[20891,33894],[-35,16],[-56,-38],[-36,-3],[-63,51],[14,126],[-116,12],[-62,-5],[-15,60],[-57,-5],[-56,-29],[-14,-63],[-62,-25],[28,-122],[79,-22],[-95,-52],[-39,3],[6,58],[-23,39],[18,40],[-34,106],[4,52],[38,18],[139,109],[31,80],[-36,142],[-30,80],[-25,-28],[-58,35],[31,103],[88,99],[12,45],[-37,18],[-58,111],[-39,-60],[-78,-1],[-83,15],[-19,83],[36,29],[-28,73],[-175,43],[-39,-12],[-102,17],[-20,-40],[-51,24],[-74,7],[-16,37],[-52,-67],[-34,24],[35,45],[35,139],[40,-24],[66,25],[81,-37],[22,15],[-25,73],[36,32],[94,19],[-4,75],[26,50],[-79,-10],[6,64],[42,87],[-92,-48],[-4,68],[-63,32],[-57,85],[34,76],[39,17],[7,91],[-19,7],[-113,-79],[-59,16],[-11,75],[-26,39],[96,113],[-23,41],[-71,28],[-4,41],[99,95],[16,39],[57,37],[-6,87],[-58,6],[-59,63],[-30,62],[17,74],[-57,25],[-20,40],[74,103],[-12,54],[53,56],[15,49],[-38,84],[4,55]],[[19662,37161],[42,74],[-64,80],[-69,23],[-10,72],[57,84],[-76,98],[-94,-8],[-39,73],[-37,-40],[-45,32],[16,69],[-29,54],[-52,29],[-84,22],[18,33],[48,-10],[18,42],[50,-35],[48,54],[5,81],[-65,46],[-2,84],[154,27],[9,68],[-103,122],[72,86],[4,27],[102,-21],[57,13],[-22,83],[23,49],[-38,46],[39,60],[-59,36],[-47,-7],[13,90],[-65,28],[-25,55],[-44,4],[-75,84],[-26,-36],[-54,26],[-45,45],[-57,-7],[-16,74],[68,43]],[[19163,39113],[79,-9],[85,-49],[70,-9],[-25,73],[37,33],[79,-31],[83,-17],[75,-55],[128,-161],[53,-28],[47,-106],[86,-21],[47,-55],[93,-75],[4,-78],[-37,-76],[49,-29],[50,18],[78,-21],[-7,-97],[53,-76],[11,-55],[47,-39],[86,-34],[43,39],[27,-23],[80,10],[45,-82],[47,-21],[49,46],[50,10],[54,-26],[68,1],[3,50],[36,19],[31,-85],[60,-7],[26,69],[84,42],[55,-89],[58,-7],[42,-52],[43,5],[90,-93],[106,92],[70,-24],[-38,-78],[30,-31],[76,28],[86,8],[32,59],[89,-44],[7,-99],[55,39],[-1,57],[76,-34],[74,-98],[8,-48],[34,-15],[104,-6],[112,-58],[46,-62],[10,-70],[45,-3],[136,-60],[-25,-64]],[[29633,41853],[-23,43],[-59,22],[-118,7],[-31,12],[22,92],[-28,77],[54,13],[-14,65],[-30,35],[-177,11],[-63,40],[18,103],[-55,-19],[-50,28],[-48,-5],[-71,-55],[-155,-6],[-102,14],[-109,25],[-46,-9],[-33,42],[-67,43],[-3,51],[-58,85],[-39,-5],[-135,-51],[-26,2],[-63,80],[0,47],[-99,116],[16,56],[2,104],[45,64],[24,115],[-53,11],[1,60],[70,63],[31,62],[8,178],[-115,44],[15,144],[-26,22],[-79,-77],[-35,40],[-112,28],[-31,20],[63,154],[46,21],[112,-54],[-28,165],[22,35],[-46,35],[-5,136],[68,74],[7,70]],[[29581,45048],[30,20],[33,73],[99,2],[33,21],[2,50],[111,22],[79,54],[52,-27],[20,49],[87,57],[76,4],[305,-32]],[[30508,45341],[20,-66],[24,-161],[60,0],[73,22],[35,-27],[-8,-75],[11,-60],[-45,-120],[6,-56],[73,-2],[45,29],[193,30],[34,52],[37,-40],[87,3],[42,-48],[-57,-37],[-63,3],[-13,-128],[152,3],[43,-46],[7,-39],[129,-26],[66,-26],[-14,-171],[103,-68],[-66,-102],[-21,6],[-83,-85],[16,-64],[118,-31],[52,10],[-25,-69],[-103,-63],[12,-82]],[[38219,51932],[-53,58],[-72,20],[-62,82],[-1,70],[-66,27],[-29,96],[-125,37],[-10,100],[-41,-16],[-109,56],[-27,43],[-115,7],[-68,24],[-8,43],[-83,2],[-58,47],[-41,1],[1,101],[-60,13],[-43,34],[1,108],[-95,25],[-46,-56],[-38,58],[2,109],[-55,14],[-77,52],[-21,-37],[-54,-8],[-59,51],[-62,33],[13,32],[-134,148],[-28,82],[-2,74],[16,61],[-124,59],[-22,35],[-127,24],[-3,59],[-27,30],[-126,37],[13,72],[-42,6],[-7,70],[-24,22],[-107,1],[-114,143],[-14,65],[-51,74],[-85,83],[-138,86],[-46,-24],[-65,29],[-134,28],[-65,28],[-69,-1],[-23,78],[-57,-5],[5,90],[-46,-3],[-130,137],[-32,-3]],[[30508,45341],[82,58],[-22,132],[-44,10],[-148,-23],[3,57],[-78,25],[54,39],[4,58],[33,38],[86,-63],[23,78],[38,-25],[56,17],[64,141],[54,62],[-41,57],[6,101],[73,-4],[5,48],[-15,96],[48,63],[28,88],[57,-2]],[[32113,48553],[67,1],[153,-46],[56,-5],[54,-61],[109,-4],[104,-52],[36,-39],[8,-73],[53,0],[-14,-77],[26,-88],[-7,-62],[95,-26],[92,-11],[47,-46],[69,24],[55,-38],[10,-46],[-47,-30],[-6,-79],[-92,-50],[-42,-37],[1,-71],[173,-28],[90,28],[80,44],[41,47],[34,-66],[37,-25],[59,64],[-53,49],[-13,44],[52,12],[-2,99],[65,36],[100,-54],[-2,53],[49,49],[30,-5],[13,-59],[93,-64],[53,47],[59,-18],[-6,-46],[45,-57],[0,-71],[90,21],[6,68],[38,52],[145,-114],[96,76],[65,15],[71,165],[-52,69],[41,15],[54,-17],[129,40],[3,77],[24,30],[8,126],[-54,111],[-90,36],[-76,9],[-30,-34],[-53,7],[-41,-54],[-45,11],[-53,74],[-35,11],[-5,53],[-29,52],[-52,1],[-110,-66],[-40,-3],[-11,70],[-71,26],[-40,87],[-68,37],[-67,-36],[-41,20],[-37,-29],[-46,40],[-62,22],[20,86],[-59,129],[73,87],[20,96],[35,28],[20,53],[111,76],[57,6],[46,69],[61,-3],[99,27],[64,-8],[51,48],[69,9],[34,-69],[53,-45],[85,-14],[97,19],[38,50],[124,-18],[78,-29],[74,48],[50,12],[57,40],[24,-67],[-60,-90],[31,-52],[55,7],[47,36],[12,84],[63,36],[42,-15]],[[18852,48197],[-85,48],[-99,81],[-11,78],[-42,30],[-26,58],[-74,106],[-9,29],[-100,48],[55,58],[-21,108],[-135,3],[-39,29],[-24,63],[-3,156],[-76,42],[-9,103],[59,33],[-40,161],[50,57],[12,88],[37,104],[-91,10],[-33,75],[-37,46],[-82,18],[-61,-3],[-4,53],[-103,17],[-61,37],[-45,5],[-25,36],[-59,-52],[-45,53],[28,85],[-6,81],[-51,21],[-25,53]],[[18383,52355],[13,-31],[-34,-39]],[[18777,52137],[52,-41],[25,-49]],[[19229,51903],[13,-5],[23,-20],[55,60],[55,32]],[[19596,52190],[-7,93],[-56,-6]],[[19533,52277],[-10,76],[21,10]],[[19593,52384],[72,-29],[35,50]],[[19713,52456],[40,37],[69,-22]],[[19822,52471],[42,-6],[49,41]],[[28552,40900],[-60,10],[-26,33],[-81,9],[-7,97],[-61,5],[-19,35],[-57,-8],[-70,12],[-11,69],[-59,51],[-96,-6],[-50,-40],[-59,-71],[-68,-28],[-68,-7],[-36,-23],[-139,62],[1,72],[57,-15],[34,64],[-97,6],[-9,81],[-102,56],[-28,-22],[-40,58],[-139,-50],[-99,2],[-64,-57],[-20,11],[22,185],[31,99],[-121,48],[-29,-14],[5,-69],[-28,-4],[-99,124],[-25,-4],[-45,-69],[-104,47],[-45,5],[-63,67],[-44,105],[21,106],[-43,35],[2,185],[31,82],[31,35],[67,13],[105,-34],[19,-97],[50,-20],[117,25],[51,-34],[27,16],[7,57],[37,9],[24,92],[44,85],[-14,40],[-70,43],[28,40],[-19,65],[-25,14],[-88,-13],[-47,77],[-17,70],[47,69],[13,52],[-42,79],[-2,61],[-30,67],[31,61],[-6,37],[-66,70],[9,44],[-19,112],[-68,85],[-8,42],[-64,113],[-111,-6],[-121,68],[-61,6],[-86,104],[-36,106],[-121,-22],[-60,-155],[56,-15],[16,-107],[-41,-86],[-42,8],[-63,-58],[-118,33],[-75,-105],[-52,-116],[51,-37],[-12,-72],[-150,2],[-41,-21],[-43,-121],[-30,-41],[-23,-126],[13,-70],[-60,-39],[-43,27],[-32,60],[-71,-5],[0,66],[-57,7],[-25,-52],[-133,71],[34,103],[-38,43],[-12,81],[29,47],[-13,39],[-110,4],[14,122],[-24,39],[47,60],[-62,19],[-33,63],[-57,53],[-12,38],[-71,41],[-58,55],[-56,-12],[-73,73],[56,66],[-10,100],[14,110],[-6,68],[46,58]],[[29303,49245],[57,-59],[53,-14]],[[23042,43509],[-4,-38],[38,-73],[-5,-53],[-132,22],[-22,-16],[-4,-67],[55,-37],[72,-87],[30,-12],[120,15],[39,38],[96,3],[122,20],[121,-83],[93,24],[81,53],[28,-32],[-87,-90],[-38,-65],[46,-93],[51,31],[78,7],[79,77],[52,12],[43,-26],[16,-55],[-15,-79],[-63,-122],[7,-90],[85,-15],[95,19],[42,-9],[18,-54],[-69,-40],[-45,-77],[-73,-6],[-63,-38],[-15,-67],[-83,-62],[-129,-182],[-12,-71],[65,-57],[65,17],[39,92],[98,-12],[35,77],[50,12],[40,-101],[-15,-58],[-55,-66],[-52,22],[-53,-14],[18,-58],[-60,-33],[-48,41],[-41,-29],[-25,-54],[-43,-38],[-31,54],[-147,32],[-45,-4],[-65,37],[-15,57],[-76,18],[-86,-26],[-85,50],[-54,-21],[-24,26],[57,72],[8,74],[-112,13],[-29,71],[-43,12],[-41,-39],[-73,16],[-37,44],[-53,-15],[-28,25],[-114,16]],[[22615,42344],[-71,52],[-11,60],[-73,37],[-83,-92],[-43,41],[-78,-31],[-55,31],[-74,3],[-60,51],[-55,-47],[-145,5],[-100,-42],[-108,67],[-135,31],[-60,0],[-66,85],[-112,-45],[-26,-41],[-50,-17],[-157,58],[-56,49],[-113,6],[-88,45],[-70,-16],[-52,45],[-46,-6],[-57,50],[-69,-37],[-70,3],[-40,51],[-48,13],[-55,-27],[-91,56],[-21,39],[-47,-26],[-40,20],[-112,97],[-28,-29],[-60,-11],[-62,-35],[-17,82],[-80,-49],[102,-125],[-45,-77],[-98,15],[63,-132],[-33,-42],[8,-78],[-54,-79],[-37,35],[-25,-36],[-91,17],[-75,-52],[-86,11],[-24,46],[-159,24],[-27,17],[-142,-80],[-20,6]],[[18988,42340],[-31,47],[-73,17],[-54,47],[24,75],[-61,26],[24,44],[-42,37],[29,44],[78,55],[23,49],[107,33],[-42,67],[-102,14],[-85,49],[-18,-47],[-43,9],[-138,100],[-44,44],[12,112],[-94,39],[24,45],[-25,39],[-86,-33],[-6,84],[-18,28],[-62,-13],[-30,41],[-77,-12],[-7,77],[31,70],[46,58],[-57,48],[-21,112],[-69,-10],[-19,203],[36,50],[4,99],[-49,-10],[-23,43],[-137,157],[-82,57],[-5,42],[33,47],[-3,46],[71,73],[17,57],[78,80],[34,12],[-14,145],[-33,57],[-50,-27],[-85,-22],[-15,24],[70,81],[8,112],[27,34],[13,90],[52,62],[20,167],[55,-16],[42,66],[43,10],[35,73],[6,63],[-31,58],[37,49],[59,8],[-5,64],[18,73],[59,-2],[-2,52],[76,-38],[39,12],[98,90],[58,74],[-36,8],[-31,86],[15,36],[-61,30],[3,71],[-44,51],[30,39],[21,105]],[[18533,46476],[42,-28],[21,65],[-43,42],[25,36],[-7,54],[111,57],[132,0],[18,64],[76,13],[43,36],[57,78],[87,16],[19,47],[-18,48],[-66,70],[8,54],[145,90],[127,29],[2,-26],[154,33],[-57,188]],[[18988,42340],[-9,-58],[-46,-64],[-58,-43],[34,-61],[-142,-124],[-65,30],[-4,-59],[-96,-90],[80,-101]],[[18682,41770],[-66,-45],[-55,66],[-90,-112],[-51,45],[-108,1],[-46,-55],[-27,43],[13,40],[-24,108],[-33,10],[-68,-69],[-55,-14],[-66,23],[-12,66],[27,24],[-26,77],[-30,24],[0,60],[-36,15],[-26,49],[20,69],[43,56],[-52,73],[-30,-47],[-52,55],[-65,-12],[-49,39],[22,91],[-30,45],[-76,-3],[-146,-56],[-79,50],[-39,-42],[-41,15],[-81,-89],[-13,-57],[-54,-23],[-74,-124],[-57,35],[-171,-4],[-76,-18]],[[16803,42179],[-54,20],[-18,61],[-36,24],[15,45],[42,-5],[29,32],[-77,62],[-67,28],[27,78],[-24,84],[-39,34],[-28,93],[37,16],[20,87],[-22,122],[-88,101],[-39,13],[-22,230],[87,-14],[26,-35],[10,-89],[45,-17],[52,18],[199,-70],[76,-49],[-2,56],[-66,74],[24,68],[-48,6],[-67,-21],[-91,74],[-58,-17],[-37,74],[-31,7],[-68,120],[-58,55],[-77,25],[-9,45],[45,25],[-1,69],[-52,25],[-17,111],[5,48],[-37,65],[22,68],[12,99],[22,82],[60,42],[-30,93],[-89,194],[-35,99],[-47,4],[-21,112],[-31,100],[31,95],[-7,82],[16,54],[-12,127],[46,39],[80,9],[57,-44],[45,52],[26,70],[23,8],[49,-97],[50,-41],[37,75],[3,69],[-19,130],[-45,-39],[-76,-27],[-57,20],[-10,47],[-54,83],[-1,62],[51,37],[121,-9],[15,41],[-77,100],[30,21],[26,78],[56,-38],[102,28],[90,67],[17,39]],[[17092,46407],[71,-4],[36,53],[46,-42],[78,-15],[62,60],[27,-13],[44,-93],[43,-32],[25,-56],[40,-36],[56,9],[57,69],[129,-9],[6,44],[-27,43],[44,45],[92,43],[89,-5],[91,28],[103,-27],[47,20],[93,8],[48,-38],[97,22],[44,-5]],[[18682,41770],[24,-70],[52,-35],[-31,-83],[42,-35],[25,-86],[-66,-27],[27,-46],[-8,-39],[-77,-161],[95,-85],[72,50],[70,-49],[64,27],[10,-31],[62,-36],[60,-56],[39,-60],[-8,-55],[-30,-61],[96,-16],[-10,-52],[42,-69],[-35,-71],[79,-43],[17,-43],[-19,-66],[-84,-52],[-37,-41],[5,-51],[-40,-19],[39,-84],[2,-121],[-11,-39],[-58,-9],[-64,-102],[-55,-25],[26,-41],[72,-47],[17,-69],[-22,-70],[20,-48],[-4,-80],[38,-112]],[[19118,39462],[-10,-72],[18,-55],[34,-17],[35,-83],[-70,-77],[38,-45]],[[19662,37161],[-69,-8],[-132,48],[-95,-5],[12,-84],[-12,-127],[-80,-12],[-68,11],[-50,31],[-27,53],[-45,-6],[-42,-52],[-3,-44],[-53,-85],[-82,-41],[-15,56],[-64,-23],[-15,-79],[-49,-38],[-51,3],[-34,-45],[-105,-62],[-49,33],[-45,-31],[-44,18],[-42,-21],[-29,-58],[-52,-22],[-108,53],[-54,39],[-79,-27],[-56,19]],[[18025,36655],[-55,18],[-67,46],[-18,71],[19,61],[-46,6],[-68,60],[-19,65],[52,27],[30,-17],[38,69],[-64,73],[-10,172],[-86,158],[-1,141],[37,151],[-70,36],[-10,70],[1,133],[-25,37],[51,45],[-74,43],[27,46],[2,71],[-19,48],[35,33],[8,109],[-61,23],[26,70],[-28,48],[-60,-14],[-7,109],[72,-55],[-4,-33],[57,-20],[-36,98],[21,45],[-12,181],[-44,59],[-30,133],[-38,119],[-55,18],[33,56],[-9,59],[-36,53],[-36,103],[-29,32],[-35,-23],[-21,79],[41,56],[41,-5],[43,-63],[26,114],[-44,9],[-37,45],[-15,60],[20,23],[-37,66],[-8,52],[-104,10],[-35,68],[60,26],[8,70],[-7,99],[31,33],[-42,157],[-67,84],[-70,60],[-7,82],[33,21],[40,-19],[24,46],[-20,40],[-63,39],[-58,133],[22,60],[-41,45],[-28,91],[13,35],[61,42],[-23,106],[-61,184],[-49,87],[-52,207],[-36,88],[-60,44],[-5,117],[-50,10],[-29,38],[-1,84],[28,68]],[[19118,39462],[76,-14],[47,56],[79,-21],[58,-76],[100,-23],[22,-39],[89,-18],[69,-108],[67,-33],[39,-76],[4,-48],[58,2],[84,-64],[58,-25],[135,-15],[18,-42],[82,-38],[43,-49],[46,-13],[49,44],[112,-15],[47,9],[48,73],[66,-20],[96,43],[39,49],[59,33],[164,-42],[49,9],[10,108],[96,14],[29,96],[-53,63],[10,46],[50,38],[-82,70],[-24,72],[-5,69],[23,48],[75,8],[31,28],[-46,74],[26,63],[-29,24],[-71,-15],[-15,31],[24,81],[83,125],[40,14],[192,-45],[201,-28],[89,-49],[45,10],[151,-32],[112,64],[27,61],[48,11],[33,-25],[45,18],[26,-25],[110,120],[60,-75],[58,-102],[51,19],[63,-50],[58,16],[-29,121],[42,17],[5,101],[-35,113],[109,-10],[28,-22],[90,-9],[105,-64],[83,-20],[94,126],[83,79],[11,92],[-20,95],[82,67],[-10,87],[89,111]],[[23289,40830],[16,-26],[61,-10],[-31,-71],[-3,-63],[27,-24],[68,42],[69,0],[-10,-75],[91,-92],[-88,-73],[-77,-36],[33,-50],[49,-31],[23,-72],[45,-24],[54,52],[95,54],[29,-10],[17,-65],[-30,-107],[7,-96],[-35,-43],[-61,8],[-31,-71],[33,-89],[-123,-88],[-4,-90],[-29,-102],[-73,-29],[-11,-47],[-82,7],[-41,-53],[-8,-70],[-47,-39],[-7,-44],[-86,-21],[26,-73],[74,-59],[66,-22],[41,-45],[26,-61],[-15,-64],[153,-9],[12,21],[-44,146],[28,88],[58,1],[22,36],[67,17],[32,63],[130,-2],[85,-11],[-16,47],[19,51],[65,-17],[262,-16],[55,60],[2,43],[116,-41],[78,-2],[-32,-73],[3,-73],[-74,-38],[-14,-26],[38,-60],[75,-16],[78,16],[4,-130],[88,-9],[32,92],[-72,82],[15,85],[146,13],[10,52],[96,12],[28,-78],[-9,-90],[65,0],[69,-29],[-10,105],[23,109],[43,93],[29,10],[58,-45],[68,-16],[-12,-47],[178,1],[44,75],[100,96],[164,75]],[[22615,42344],[-105,-60],[-52,-48],[12,-95],[-54,-214],[-66,-85],[9,-82],[-82,-66],[-12,-37],[59,-60],[79,33],[21,81],[83,-41],[23,-87],[0,-63],[98,-101],[109,53],[38,-66],[-19,-42],[100,8],[31,-33],[106,-56],[72,-82],[113,3],[-23,-114],[38,-65],[39,-13],[4,-58],[33,-36],[20,-88]],[[19030,33689],[-94,71],[35,54],[-43,166],[-42,74],[-44,117],[-52,28],[-52,137],[-35,50],[-126,66],[-32,34],[-33,-14],[-71,26],[-27,65],[14,20],[-51,72],[-3,113],[-30,98],[-88,74],[30,53],[-26,169],[-31,145],[-46,165],[-29,56],[-37,119],[-38,190],[-42,79],[6,55],[-31,108],[-64,11],[25,85],[47,33],[-9,32],[-72,-22],[-35,183],[-82,160],[-22,93],[-23,19],[-25,88],[52,59],[31,11],[35,-69],[5,-48],[77,-70],[73,11]],[[16571,50545],[20,-122],[34,-13],[0,-71],[-44,-100]],[[17174,50040],[65,-18],[24,-28]],[[17317,49946],[45,35],[-3,59],[55,48]],[[17428,50147],[-5,59]],[[15957,47157],[19,78],[-142,169],[16,58],[-7,88],[-53,153],[33,70],[88,65],[-1,56],[-51,-8],[-81,43],[-44,48],[-44,165],[-2,66],[53,32],[-10,98],[-46,55],[-28,156],[14,79],[-81,172],[-4,181],[-23,66],[-60,24],[-30,36],[-8,107],[63,-23],[40,49],[6,99],[-24,51],[5,54],[-41,59],[64,39],[18,44],[41,16],[54,51],[18,47],[-23,199],[-25,107],[11,37],[54,15],[40,120],[-2,82]],[[36755,50865],[-74,5],[-67,-23],[-84,37],[-99,25],[14,104],[-9,57],[-59,17],[-35,91],[-47,30],[-39,93],[-36,22],[-21,55],[-128,-21],[-92,2],[-65,71],[-74,57],[-5,62],[-35,29],[-4,48],[-53,74],[-98,33],[-93,-62],[-67,23],[-76,-24],[-89,31],[-29,39],[-64,-13],[-44,45],[-233,89],[-55,65],[-39,137],[-10,102],[59,68],[4,65],[39,67]],[[32782,51870],[-29,-132],[39,-3],[50,33],[69,-19],[-13,-53],[-63,-19],[-49,-125],[-23,-115],[-83,26],[-77,-42],[20,-33],[-48,-43],[-62,-120],[10,-81],[-24,-45],[-10,-109],[55,-18],[38,-91],[2,-77],[47,-10],[8,-53],[74,-12],[34,-27],[88,-23],[-48,-139],[18,-32],[-45,-45],[24,-62],[96,-18],[-16,-78],[26,-14],[-42,-92],[-13,-75],[-32,-13],[-10,-59],[-56,-54],[2,-27],[-51,-67],[-156,-44],[-83,70],[-12,60],[-45,32],[-49,80],[-150,-38],[-58,-47],[-139,21],[-61,33],[-139,10],[-44,-75],[64,-83],[-67,-121],[-41,-20],[-7,-93],[-53,-104],[-61,23],[-7,-60],[-63,-41],[-5,-94]],[[89004,66863],[-21,-53],[0,-68],[25,-9],[-6,-72],[29,-38],[-35,-71],[-59,-48],[-1,-56],[-54,-71],[29,-42],[4,-184],[45,-43],[-30,-37],[0,-112],[40,-5],[50,-92]],[[89020,65862],[-45,23],[-55,64],[-29,164],[-30,29],[-84,-19],[-30,24],[25,103],[-118,34],[-60,0],[-89,38],[-64,52],[-20,80],[40,104],[0,47],[45,57],[1,182],[-34,132],[5,33]],[[88478,67009],[95,213],[-10,56],[10,71],[45,10],[25,80],[5,118]],[[88648,67557],[55,-29],[55,5],[64,-42],[65,-1],[173,-35],[-5,-76],[-50,-38],[-99,-14],[-40,15],[-124,-43],[14,-94],[45,-29],[-40,-52],[49,-57],[100,66],[24,-56],[45,9],[10,-47],[59,-51],[0,-32],[-59,-24],[15,-69]],[[90844,66609],[9,-75],[-14,-144],[-29,-68],[-117,-51],[72,-56],[-30,-51],[-89,-109],[-88,-12],[6,-175],[-52,-144],[-62,-53],[-35,-140],[-5,-85],[-73,-46],[-16,-93],[-4,-136],[10,-64],[-43,-102],[-42,-14],[35,-55],[-176,-297],[5,-103],[-66,5],[-25,-39],[-5,-148],[-23,-137],[-77,12],[-58,-49],[-27,36],[-2,53],[-63,101],[-70,-1],[-86,27],[-27,66],[-88,60],[-56,-10],[-112,10],[-54,61],[-114,25],[-86,-7],[-103,-64],[-61,1],[-39,-23],[-102,4],[-9,53],[-41,76],[-69,56],[-40,82],[-54,16]],[[88549,64802],[7,97],[50,76],[27,76],[6,66],[25,66],[-20,57],[31,68],[69,23],[40,85],[84,61],[55,109],[94,47],[-64,28],[25,38],[-14,76],[56,87]],[[89020,65862],[24,-29],[-15,-48],[4,-90],[95,29],[35,48],[19,65],[45,60],[-99,159],[25,118],[35,66],[80,81],[40,-9],[51,156],[-20,60],[-5,82],[45,-9],[5,-54],[62,-29],[6,-72],[59,11],[56,42],[44,56],[-51,121],[16,79],[47,-23],[121,3],[-48,87],[-11,51],[31,28],[37,-37],[36,28],[59,119],[14,53],[97,-7],[-4,56]],[[89955,67113],[47,19],[46,46],[91,-34]],[[90139,67144],[57,-27],[121,-13],[58,-73],[49,20],[39,-50],[73,-61],[40,-7],[25,-56],[70,-23],[60,5],[-26,-117],[47,-16],[-3,-38],[38,-55],[57,-24]],[[88394,67085],[59,-28],[25,-48]],[[88549,64802],[-23,-35],[-216,45],[-51,-24],[-36,33],[-86,6],[-39,-16],[16,-74],[-40,-67],[-42,-23],[-60,12],[-38,69],[-41,-34],[-8,-54],[-84,-17],[-54,-51],[-148,88],[-21,32],[3,76],[-48,88],[-32,18],[-39,128],[-60,66],[-84,34],[-129,35],[-69,-28],[28,-86],[-16,-52]],[[87132,64971],[-171,-7],[-39,-43],[-75,-61],[5,18]],[[86852,64878],[-15,19],[35,90]],[[86872,64987],[4,38]],[[86876,65025],[-54,66],[-74,4]],[[86748,65095],[-15,-19],[10,-28]],[[86743,65048],[-29,-90],[-64,9]],[[86650,64967],[-99,10]],[[86551,64977],[-10,23]],[[86541,65000],[10,52],[-39,33]],[[86512,65085],[-37,16],[-20,-5],[-24,-28],[-50,-71]],[[86381,64997],[-29,-20],[-20,-23],[-10,14]],[[86322,64968],[-5,80],[-59,62]],[[86258,65110],[-20,47],[-89,-46],[-66,32],[-26,16],[-45,4],[-16,20],[-70,24],[-41,38],[41,20],[5,57],[1,13],[50,48],[-8,41]],[[85974,65424],[27,31],[-28,57]],[[85973,65512],[47,9],[20,38],[-10,57],[25,28]],[[86055,65644],[-30,14],[-39,66],[25,67]],[[86011,65791],[-10,61],[45,48],[39,66]],[[86085,65966],[28,94],[-75,13]],[[86038,66073],[1,103]],[[86039,66176],[8,61],[-83,48],[21,32]],[[86098,66314],[-24,67],[20,121]],[[86121,66580],[-34,57],[14,52]],[[86141,66788],[34,66],[40,24]],[[86333,66962],[36,-41],[66,-32],[63,66],[0,25],[-117,98],[0,191],[74,135],[48,6],[19,35]],[[86522,67445],[159,-23],[35,-33],[-25,-33],[-10,-66],[30,-85],[30,-28],[-20,-80],[-4,-109],[-45,-38],[25,-38],[-94,-80],[-40,-66],[119,-57],[55,-70],[45,61],[109,-4],[-20,52],[94,160],[69,-14],[100,15],[39,33],[144,-37],[20,37],[59,-56],[60,-19],[64,-61],[60,108],[45,10],[49,-71],[70,52],[69,-33],[35,85],[54,10],[45,38],[65,-85],[59,9],[55,113],[40,15],[54,-52],[40,61],[64,-9],[70,28]],[[86333,66962],[-28,29],[-66,4]],[[86248,67127],[24,24],[-15,52]],[[86656,67992],[49,15]],[[86705,68007],[105,-18],[-5,-47],[-60,-133],[-5,-42],[-64,-57],[-90,14],[-24,-81],[-50,-70],[-44,-119],[54,-9]],[[89736,67392],[-40,-30],[-101,-16],[-18,-32],[-82,-5],[-27,58],[27,54],[-48,50],[-14,51],[-91,-16],[-19,-70],[-74,16],[-15,24]],[[89234,67476],[-29,126],[40,313],[-40,42],[-115,67],[117,131]],[[89207,68155],[40,0],[17,85],[35,13],[-24,59],[106,-16],[51,83],[63,-5],[20,142],[-28,150],[27,50],[68,-156],[-27,-67],[45,-49],[-5,-59],[49,-13],[26,-50],[-28,-148],[34,-80],[86,37],[14,52],[49,8],[55,63],[55,-14],[-60,-70],[-46,-89],[-13,-87],[-50,-12],[13,-72],[-42,-91],[-33,-203],[-43,-44],[-20,-84],[5,-59],[58,17],[32,-54]],[[89955,67113],[-60,11],[-63,61],[-9,59],[-38,59],[86,53],[17,35],[-34,59],[-93,-60],[-25,2]],[[89207,68155],[-49,24],[17,76],[1,118],[-56,-37],[-9,-66],[-62,52],[14,43],[42,24],[21,47],[11,110],[68,53],[81,46],[92,107],[7,55],[-38,20],[-187,-75],[-19,-48],[-53,-43],[-43,-115],[-55,-95],[-23,-72],[-62,-19],[-13,-81],[-30,-29],[-25,-118],[-35,-71],[-35,-28],[10,-104],[-79,-67],[-15,-52],[40,-113],[-5,-33],[-70,-107]],[[88394,67085],[-46,358],[-77,321],[50,24],[54,57],[75,23],[39,104],[30,24],[-21,66],[-71,75],[-15,71],[70,85],[76,28],[77,48],[84,33],[22,29],[-1,81],[-24,57],[21,36],[70,2],[-20,106],[-35,58],[-28,194],[-42,49],[-22,92],[71,74],[112,193],[86,28],[47,57],[127,105],[72,0],[101,57],[-120,157],[-75,16],[-21,68],[32,24],[22,74],[50,35],[-4,40],[-67,74],[-47,23],[-194,15],[-38,127],[-48,2]],[[88766,70275],[16,71],[-57,74],[-83,-24],[-26,7],[8,96],[10,40],[-1,16],[30,-8],[99,24],[53,14],[35,49],[38,1]],[[88888,70635],[62,-15],[103,41]],[[89053,70661],[66,-4],[29,-13]],[[89148,70644],[84,-2],[48,-25]],[[89280,70617],[52,17],[19,18],[78,29],[24,-15],[1,67],[24,32],[65,-43],[5,-12],[14,-6],[25,4],[64,-55],[17,-28]],[[89668,70625],[57,3],[31,-50]],[[89756,70578],[-10,-51],[49,-15]],[[89795,70512],[113,-19],[33,30]],[[89941,70523],[12,38],[107,43],[32,-9]],[[90092,70595],[-6,-61]],[[90086,70534],[2,-15],[112,-127],[30,5],[71,3],[51,13]],[[90352,70413],[45,11],[24,24],[14,-8],[28,-34]],[[90463,70406],[35,-25],[16,2]],[[90514,70383],[53,52],[124,49]],[[90691,70484],[82,57]],[[90773,70541],[110,23],[21,71]],[[90904,70635],[-13,54],[26,63],[27,12],[35,8],[5,11]],[[90984,70783],[86,78],[59,-7]],[[91129,70854],[8,-21]],[[91137,70833],[-20,-46],[-57,-51],[-21,-105],[-51,-68],[-56,-102],[-48,-143],[10,-18],[-58,-69],[-40,-97],[-40,-53],[-15,-76],[10,-115],[-76,-82],[-38,-81],[-30,-25],[-44,-109],[-95,-110],[-50,-38],[-89,-42],[-44,-93],[-61,-29],[-23,-50],[-91,-23],[-67,-66],[-38,-86],[-117,-89],[-37,-161],[29,-61],[41,-17],[40,-94],[-12,-86],[53,-133],[32,-148],[-36,-85],[-5,-65],[-40,-39],[-9,-103],[22,-46],[-56,-117],[88,-27],[73,-118],[-6,-80],[-19,-36],[50,-81],[0,-109],[-19,-50],[52,-61],[10,-106]],[[86705,68007],[7,11]],[[87576,69649],[33,2]],[[87609,69651],[-9,-53],[52,-36],[58,0],[22,-1],[-19,-118],[53,17],[92,-1],[56,-7],[52,-78],[34,-14],[8,-8]],[[88008,69352],[9,-60],[52,-7]],[[88069,69285],[83,153],[62,99],[6,37],[49,73]],[[88269,69647],[25,49],[-3,64],[41,4]],[[88332,69764],[56,112],[40,-5]],[[88428,69871],[40,66],[58,33],[1,40]],[[88527,70010],[70,71],[72,40],[12,27],[19,43],[29,40],[37,44]],[[89004,66863],[89,18],[35,47],[5,139],[-45,0],[1,80],[69,33],[51,95],[-65,5],[-25,33],[-4,86],[75,67],[44,10]],[[91385,70789],[-32,-63],[20,-28]],[[91373,70698],[-4,-39],[3,-28],[5,-41],[2,-37],[-7,-34],[-14,-67],[60,-29],[44,-48],[26,-16],[132,-84],[128,-39],[44,17]],[[91792,70253],[-22,-147],[-18,-31],[-76,-23],[-62,-72],[-12,-119],[-19,-70],[-82,-179],[2,-84],[-48,-192],[57,-77],[39,-21],[62,3],[58,-60],[103,-35],[34,-27],[56,7],[35,-37],[112,-50],[-1,-131],[18,-144],[-29,-143],[-56,-90],[-45,-29],[-39,-95],[59,-97],[-45,-31],[-48,-129],[-43,-49],[-79,-50],[-3,-40],[-51,-53],[-23,-128],[-25,-39],[-7,-73],[27,-75],[-54,-78],[-23,-83],[-69,-42],[-139,21],[-15,-34],[22,-55],[-8,-67],[-35,-97],[-68,-121],[-123,-130],[-69,-25],[-124,-309],[-72,-14]],[[91137,70833],[22,17],[19,-7],[19,49],[13,2],[47,52],[12,22],[45,27],[26,38]],[[91340,71033],[45,50],[10,43]],[[91395,71126],[66,-2],[10,-39],[-6,-15],[-3,-21],[-36,-71],[35,-24],[12,-23],[-42,-53],[-19,-56],[-27,-33]],[[79037,71614],[-107,-106],[-15,-47],[-76,-42],[-1,-65],[96,0],[39,-32],[-96,-126],[-11,-60],[-71,-67],[-79,-136],[-49,-19],[-49,-61],[-1,-33],[-106,-76],[-67,-2],[-104,-31],[-35,-36],[-37,50],[-43,-118]],[[78225,70607],[-58,-24],[-167,-153],[-78,-96],[-70,-110],[-50,-137],[-137,34],[-87,-13],[-98,45],[-114,-1],[-59,20],[-90,57],[-102,-10],[-143,27],[-138,-14],[-104,22]],[[76730,70254],[-54,20],[40,70],[44,37],[204,216],[13,184],[36,119],[84,239],[-120,206],[-26,62],[-27,118],[-57,16],[-120,-2],[6,97],[88,11],[56,36],[-6,101],[112,206],[28,115],[-213,-44],[-112,-40],[-124,6],[-235,-26],[-151,-91],[-77,48],[-28,37],[-137,114]],[[81843,70987],[150,-27],[39,-16],[32,60],[62,-16],[92,26],[71,80],[56,-3],[18,-67],[38,-36],[86,-3],[26,-25],[160,-26],[195,22],[124,71],[36,9]],[[83028,71036],[14,-57],[-67,-63],[11,-35],[-63,-84],[-2,-80],[-48,-77],[24,-71],[-60,-188],[34,-44],[13,-56],[-45,-48],[56,-160],[-37,-51],[33,-68],[-9,-90],[12,-65],[26,-33],[-23,-81],[-97,4],[-62,35],[-68,7],[-89,-36],[-62,-50],[-64,-82],[-3,-111],[79,-139],[47,-25],[-17,-51]],[[82561,69237],[-51,-10],[-50,-41],[-54,24],[-177,18],[-86,-21],[-137,-14],[-71,18],[-98,-36],[-105,-16],[-74,42],[-67,-109],[-107,30],[-39,-74],[-59,-3],[-119,-58],[-57,21],[-8,63],[-65,-8],[-13,64],[49,60],[-129,-12],[-18,-45],[-56,-43],[-73,-19],[-84,4],[-32,-33],[-105,-10],[-10,61],[-71,-8],[-65,27],[-23,40],[-126,2]],[[80381,69151],[-86,147],[-32,89],[60,51],[50,-11],[59,90],[70,-6],[54,41],[160,-30],[39,70],[128,-26],[38,11],[31,95],[-22,110],[-74,39],[49,111],[6,102],[19,69],[33,35],[1,90],[-25,137],[-25,25],[0,57],[138,36],[109,80],[56,-2],[16,29],[69,11],[17,-90],[40,-22],[66,15],[24,63],[65,60],[86,56],[143,60],[66,75],[-4,68],[30,29],[8,72]],[[83054,71055],[14,-15]],[[83304,71212],[15,-26],[65,9]],[[84166,71019],[57,-138],[44,-37]],[[84442,70715],[40,-84],[31,-3]],[[84787,70723],[0,-12]],[[83974,68645],[-86,37],[-89,11],[-20,25],[-78,4],[31,79],[-61,30],[-98,-30],[-169,54],[-111,49],[-48,41],[-42,63],[-40,-28],[-181,92],[4,44],[-30,37],[-105,51],[-126,36],[-121,-30],[-43,27]],[[83028,71036],[26,19]],[[83543,72569],[-159,-179]],[[83068,71098],[-14,-43]],[[81843,70987],[13,39],[47,16],[3,73],[-51,63],[6,58],[-24,47],[-81,-6],[-68,67],[80,123],[-63,99],[-72,69],[-89,-1],[-57,-26],[-33,-57],[-134,36],[-66,-30],[-30,13],[-155,7],[-104,-14],[-89,-24],[-178,-19],[-74,-31],[-125,17],[-15,38],[-81,7],[-51,-16],[-72,21],[-61,68],[1,42]],[[78225,70607],[38,-51],[44,-123],[6,-82],[-60,-39],[34,-42],[-25,-43],[-41,11],[-27,-91],[21,-41],[-3,-86],[-41,-23],[-5,-42],[53,-48],[64,-10],[79,11],[29,-28],[79,-10],[16,-24],[-6,-147],[60,-72],[66,-3],[85,16],[48,-41],[38,-70],[69,-24],[47,-54],[2,-44],[-33,-75],[75,-87],[-6,-75]],[[78931,69170],[-140,-41],[-76,-3],[-77,17],[-34,-22],[-78,-10],[-135,25],[-56,60],[-45,21],[-74,-53],[-84,-28],[-69,15],[-53,-42],[-87,57],[-43,64],[-55,-18],[-49,-39],[-140,13],[-47,-19],[-82,13],[-177,-10],[-49,-38],[-119,-34],[-16,-30],[-108,32],[-26,24],[-117,14],[-157,117],[-67,-17],[-140,39]],[[76531,69277],[-36,41],[3,46],[46,71],[16,64],[0,89],[-29,53],[0,61],[95,156],[59,36],[0,217],[45,143]],[[75132,70589],[44,32],[110,18]],[[75502,70920],[-116,80],[-19,73]],[[75405,71468],[-2,103],[-22,20],[-4,31],[81,7]],[[75609,71717],[34,71],[-57,38],[80,59]],[[75666,71885],[49,-14],[35,30]],[[75750,71901],[10,35],[60,43]],[[75820,71979],[68,35],[30,50]],[[76531,69277],[-275,49],[-81,41],[-191,6],[-71,49],[-64,24],[-82,72],[-79,11],[-100,60],[-67,-3],[-37,72],[-93,-12],[-117,38],[-29,-3],[-58,-66],[-101,-8],[-91,29],[46,55],[-44,48],[7,42],[-39,56],[-13,136],[30,70],[-6,33],[38,97],[54,79],[-1,62]],[[75124,70544],[8,45]],[[80381,69151],[-72,34],[-95,-10],[-50,36],[-64,2],[-118,80],[-62,-34],[-197,16],[-93,-19],[-117,-3],[-193,15],[-40,-23],[-228,-45],[-121,-30]],[[85964,66285],[83,-48],[-8,-61]],[[86038,66073],[35,-9],[40,-4],[-28,-94]],[[86011,65791],[-25,-67],[39,-66],[30,-14]],[[85973,65512],[28,-57],[-27,-31]],[[86258,65110],[59,-62],[5,-80]],[[86381,64997],[50,71],[24,28],[20,5],[37,-16]],[[86512,65085],[39,-33],[-10,-52]],[[86551,64977],[30,-4]],[[86581,64973],[36,-139],[53,-61],[24,-102],[-38,-64],[-70,-38],[-66,-151],[14,-110],[-60,-26],[0,-103],[-52,-83],[-77,-11],[-52,-49],[-80,-49],[-80,-4],[-82,-27],[5,-70],[28,-39],[-20,-86],[19,-73],[-18,-169],[19,-71],[-16,-59],[7,-159],[23,-43],[-10,-51],[33,-149],[-56,-37],[-54,-71]],[[86011,62879],[-80,-6],[-57,92],[-58,11],[-200,-155],[-37,-73],[-41,22],[-21,121],[-30,66],[-142,100],[-55,235],[-54,44],[-44,-81],[-27,-18],[7,-88],[50,-74],[4,-63],[-38,-77],[0,-143],[14,-74],[143,-66],[16,-59],[-16,-114],[54,-169],[-51,-73],[-112,-19],[-105,74],[-68,11],[-34,33],[-68,-18],[-10,-133],[-59,0]],[[84892,62185],[-8,8],[3,22],[-12,24]],[[84875,62239],[10,11],[8,9],[2,47],[-4,40],[5,10],[-11,31],[-30,30],[-21,43]],[[84834,62460],[-10,63],[-16,30],[-17,81],[-9,87],[-7,123],[2,11]],[[84777,62855],[16,36],[-23,78]],[[84770,62969],[-25,4],[-42,54],[29,28],[9,39],[37,11],[12,60],[-28,52],[3,29],[12,6],[53,25],[7,18],[6,54],[-72,35],[-27,34],[-5,7]],[[84739,63425],[-30,71],[33,27]],[[84742,63523],[34,61]],[[84776,63584],[39,83],[-14,27]],[[84801,63694],[-22,1],[-26,23]],[[84753,63718],[-37,79],[-4,63],[-29,26]],[[84683,63886],[18,20],[26,59],[-3,34],[-41,2],[12,56],[52,10],[-7,36],[-4,13],[23,27],[34,5],[11,14],[-27,36]],[[84777,64198],[-48,101],[0,32]],[[84729,64331],[-6,43],[14,15],[61,46],[-18,43],[-45,36],[-61,12],[1,79]],[[84675,64605],[48,36],[61,-24],[28,42],[59,-4],[17,49],[52,9],[69,-27],[73,28],[10,39],[82,71],[47,23],[113,19],[49,-16],[55,31],[1,107],[30,61],[15,127],[63,89],[-15,38],[33,42],[37,87],[0,97],[26,84],[-41,77],[-95,-3],[3,105],[33,47],[-11,61],[-33,59],[57,73],[45,88],[18,131]],[[87132,64971],[-15,-51],[31,-35],[-16,-179],[49,-18],[46,-121],[37,-30],[80,-29],[-11,-161],[13,-237],[37,-40],[-19,-145],[9,-73],[37,-86],[-3,-77],[68,-60],[28,-52],[-56,-108],[15,-131],[1,-136],[-31,-49],[12,-132],[-69,-97],[-2,-124],[-34,-158],[4,-83],[55,-87],[-62,-53],[8,-36],[-77,-7],[-37,-30],[47,-82],[-9,-50],[15,-111],[-20,-27],[11,-100],[56,-119],[-25,-49],[-7,-88],[-40,-141],[69,-44],[-100,-82],[-23,-146],[-45,-49],[-44,-110],[-106,-102],[-81,-10],[-37,25],[-51,-22],[-66,58],[-48,87],[-49,44],[-67,1]],[[86610,61229],[0,60],[-34,160],[-4,148],[-36,88],[-4,100],[-30,114],[-55,54],[-111,-21],[-175,-16],[-51,26],[-24,83],[-55,16],[-24,35],[-4,91],[91,85],[30,112],[28,60],[-54,77],[5,78],[-29,54],[27,60],[-30,32],[7,61],[-92,54],[25,39]],[[86581,64973],[69,-6]],[[86650,64967],[64,-9],[29,90]],[[86748,65095],[74,-4],[54,-66]],[[86872,64987],[-35,-90],[15,-19]],[[84675,64605],[-25,28],[38,128],[-24,39],[6,43],[13,34],[28,19],[1,6],[-46,16],[0,-10],[-9,-11],[-6,8]],[[84651,64905],[-21,59],[-46,2],[-45,43]],[[84539,65009],[-17,49],[-23,-25],[0,-6],[-15,-28],[-5,-48],[-19,-24],[-21,2],[-4,48],[-2,25],[-26,-18],[0,-55],[-38,-26],[-3,77],[7,88],[1,8],[-2,60],[2,17],[11,85],[-22,12],[6,21],[20,37],[-55,77],[10,16],[13,19],[-13,28]],[[84335,60111],[63,-5],[48,-45]],[[84446,60061],[34,-51],[36,24]],[[84516,60034],[11,44],[35,-73],[17,-26],[5,-69],[19,-57],[57,-69],[38,-14],[3,-15],[15,-33],[37,-70],[-5,-34],[0,-36],[52,12],[75,17]],[[84875,59611],[43,-15],[-2,-93]],[[84916,59503],[59,-57],[22,-46],[126,-100],[5,-80]],[[85128,59220],[20,-73],[24,-12]],[[85172,59135],[26,6],[16,-3],[-14,108],[17,42],[54,52],[20,56],[-11,70],[-13,62],[23,19],[15,76],[100,-12],[121,-109],[42,-50],[55,8],[46,-146],[75,37]],[[85744,59351],[-4,-16]],[[85740,59335],[23,-39],[-14,-157],[1,-61],[34,-56],[-14,-34],[11,-103],[27,-112],[25,-14],[9,-73]],[[85842,58686],[-68,-7],[-15,32],[16,17],[-26,23],[-13,-1],[-33,-23]],[[85703,58727],[-79,-82],[-58,-38],[-51,-110]],[[85515,58497],[-46,-28],[-48,42]],[[85421,58511],[-58,-23],[11,-60],[32,-57],[2,-55],[-6,-115],[15,-62],[5,-141],[23,-227],[-10,-73],[17,-155]],[[85452,57543],[-93,15],[-30,60],[-98,50],[-52,8],[-28,57],[-97,48],[-17,40],[-102,15],[-21,-204],[-47,22],[22,-241],[-32,-101],[-75,2],[-74,-98],[-88,-31],[-8,89],[-17,23],[-1,78],[-20,26],[20,74],[-117,281],[88,16],[47,-58],[16,96],[-3,98],[-32,36],[-24,186],[0,95],[-40,121],[5,118],[-39,159],[-37,108],[-28,266],[-15,69],[-16,155],[-24,119],[-30,45],[26,47],[-30,291],[-49,194],[-37,92],[17,17]],[[84272,60026],[-6,31]],[[84266,60057],[31,46],[38,8]],[[84875,62239],[12,-24],[-3,-22],[8,-8],[8,-8]],[[84900,62177],[-15,-104],[14,-39],[7,-32]],[[84906,62002],[-7,-68],[19,-98],[37,-33]],[[84955,61803],[-5,-48],[36,-14],[24,7],[3,8],[11,57],[-7,67],[-3,40],[48,-6],[23,-11],[14,-4],[26,-5],[35,-3],[7,6],[38,-15],[12,-6],[122,-2],[5,8],[16,49],[38,15],[21,-23],[27,-10],[-1,-20],[4,-9],[5,-20],[32,-32],[-7,-72],[13,-36],[17,-36],[3,-15],[25,-4],[31,-11],[46,36],[13,-4],[56,18],[28,18],[23,-3],[22,3],[-8,-41],[72,-39],[3,-51],[11,-44],[8,-27],[-1,-68],[76,-39],[11,-16],[12,-10],[13,-11],[41,-27],[51,-31],[62,8],[17,-25],[-9,-93],[68,-20],[66,-31],[5,-17],[6,-11]],[[86260,61133],[43,-11],[79,-59]],[[86382,61063],[92,-121],[-18,-61],[32,-54],[6,-73],[44,-31],[-11,-33],[-84,-2],[-1,-74],[-28,-90],[-30,-25],[-3,-95],[-33,-35],[17,-45],[-58,-22],[16,-87]],[[86323,60215],[-63,64],[19,24],[-36,-5],[-53,-23],[-26,-32],[-84,15],[-4,-16],[-45,-44],[-19,-45],[-11,-42],[-10,-12],[-52,1],[-37,14]],[[85902,60114],[-69,86],[-64,35]],[[85769,60235],[-56,-1],[-5,-4],[2,-64],[-18,-27],[1,-136],[59,-80],[-14,-85],[4,-78],[62,-116],[-1,-50],[-23,-208],[-14,-17]],[[85766,59369],[-22,-18]],[[85172,59135],[-24,12],[-20,73]],[[84916,59503],[2,93],[-43,15]],[[84516,60034],[-36,-24],[-34,51]],[[84335,60111],[-38,-8],[-31,-46]],[[84272,60026],[-71,57],[-24,47],[-23,127],[-53,59],[-14,46],[20,112],[-21,60],[-95,66],[-42,88],[-50,13],[-32,58],[-49,-6],[-18,36],[16,58],[1,99],[17,19],[-13,87],[13,105],[28,76],[-27,96],[-58,55],[-13,45],[28,66],[-30,36],[24,83],[-35,141],[8,86],[-10,66],[165,17],[-43,94],[11,0],[4,0]],[[83886,62018],[93,-7],[70,80],[25,6],[42,120],[29,0],[-6,32],[-7,56],[-27,27],[-5,94],[14,39],[45,20],[25,-25],[40,26],[15,-7],[36,-35],[89,1],[39,-3],[3,-9],[30,-24],[31,27],[69,18],[18,88],[102,-68],[54,17],[35,-35],[89,4]],[[84103,65282],[63,25],[-3,27]],[[84539,65009],[45,-43],[46,-2],[21,-59]],[[84729,64331],[0,-32],[48,-101]],[[84683,63886],[29,-26],[4,-63],[37,-79]],[[84801,63694],[14,-27],[-39,-83]],[[84742,63523],[-33,-27],[30,-71]],[[84770,62969],[23,-78],[-16,-36]],[[83886,62018],[-34,68],[-10,87],[-50,48],[36,122],[-12,33],[-52,20],[-19,50],[4,108],[-29,18],[1,55],[-42,7],[-21,92],[-29,198],[-47,95],[18,78],[-42,138],[-42,18],[-1,73],[23,37],[-70,70],[53,119],[-1,70],[-91,129],[-8,38]],[[83421,63789],[3,87],[-17,161]],[[83407,64037],[-6,9],[-4,29],[35,11],[39,-10]],[[83471,64076],[21,6],[-12,25],[1,3],[-5,25],[-18,21],[-10,27],[47,88],[22,16],[4,-5],[19,-13],[23,-10],[42,5],[-4,7],[13,10],[-6,31],[-11,4],[-3,16],[3,3],[4,14],[2,5],[1,6],[5,2],[3,0],[7,50],[22,3],[3,60],[-33,18],[-27,31],[0,33],[-3,53],[3,14],[-3,34],[25,20],[32,53],[-41,105],[6,6],[10,-1],[-18,34],[10,13],[-8,23],[-6,42],[17,9],[5,29],[-17,30],[22,11],[2,13],[21,105],[9,16],[-11,19],[8,10],[-11,43],[-1,40],[4,17],[10,16],[11,-2],[3,3],[-6,25],[-9,48],[-7,41],[-10,43],[9,19],[-15,30],[-17,20],[-15,33],[-22,6],[14,24],[-36,2],[-7,10],[-13,11],[7,16],[-11,8],[2,16],[-7,10],[1,28],[5,14]],[[83526,65716],[48,-2]],[[83586,65719],[217,-5],[159,7],[0,-19]],[[86323,60215],[30,-161],[-72,-131],[43,-50],[-2,-83],[51,-84],[-13,-47],[75,-61],[23,-57],[9,-81],[-57,-44],[-47,-74],[-13,-86],[66,-21],[-7,-61],[31,-56],[-11,-76],[39,-61],[38,-24],[65,-3],[53,-91],[-7,-51],[30,-126],[-17,-34],[24,-127],[8,-211],[23,-75],[-63,-42],[-150,-12],[33,-67],[9,-71],[37,-37],[-24,-66],[-29,-16],[-82,3],[-47,84],[-52,-10],[-87,43],[-81,-26],[-32,-36],[36,-106],[-28,-100],[43,-42],[22,-96],[-47,-11],[-44,22],[-81,2],[-5,-76],[-48,-111],[-2,-61],[36,-106],[-4,-103],[-36,-22],[-38,19],[-29,88],[-45,78],[-37,10],[-48,-43],[-50,-85],[-41,-115],[-38,59],[-37,117],[-67,68],[-16,115],[-46,18],[-15,38]],[[85421,58511],[48,-42],[46,28]],[[85703,58727],[46,24],[26,-23],[-16,-17],[15,-32],[68,7]],[[85740,59335],[26,34]],[[85769,60235],[64,-35],[69,-86]],[[86610,61229],[-66,-30],[-90,43],[-31,-49],[-4,-81],[-37,-49]],[[86382,61063],[-79,59],[-43,11]],[[84955,61803],[-37,33],[-19,98],[7,68]],[[84900,62177],[-8,8]],[[89291,71928],[88,-83],[-64,-73],[36,-30],[56,0],[65,-55],[-40,-191],[-64,-70],[-87,-140],[-104,-79],[-140,-170],[-87,-91],[-106,42],[-219,-15],[-67,30],[-53,67],[5,113],[-182,-43],[-81,-27],[-51,-97],[-70,-16],[-115,70],[-129,9],[-56,19],[-22,34]],[[87804,71132],[42,29]],[[90377,72338],[7,-129],[38,-100],[-5,-72],[-52,-47],[-79,-15],[-102,-105],[15,-98],[106,-129],[99,-92]],[[90404,71551],[-61,-132],[-89,-157],[-24,-92],[-53,-91],[19,-85],[-36,-132],[15,-27],[-46,-88],[-26,-79],[-1,-67]],[[90102,70601],[-10,-6]],[[89941,70523],[-33,-30],[-113,19]],[[89756,70578],[-31,50],[-57,-3]],[[89280,70617],[-48,25],[-84,2]],[[89053,70661],[-103,-41],[-62,15]],[[88527,70010],[-1,-40],[-58,-33],[-40,-66]],[[88332,69764],[-41,-4],[3,-64],[-25,-49]],[[88069,69285],[-52,7],[-9,60]],[[87609,69651],[-4,36]],[[87112,70580],[6,8]],[[87801,71128],[3,4]],[[89367,72005],[46,-3],[72,56],[105,15],[145,94],[64,77],[102,16],[112,-59],[87,50],[53,65],[35,76],[81,-78],[108,24]],[[91983,75169],[8,-57],[63,-55],[-25,-44],[5,-76],[-88,-19],[-29,-64],[-79,-61],[-79,-44],[57,-38],[76,-19],[46,-60],[0,-39],[42,-56],[-28,-104],[-129,-164],[19,-91],[-15,-76],[33,-41],[32,-108],[-18,-101],[-28,-8],[-68,-98],[-56,-31],[-32,-132],[-74,-27],[-71,-55],[-94,-109],[-65,-42],[1,-87],[49,-65],[30,-10],[-3,-65]],[[91463,73123],[-38,-33],[-90,-27],[-53,55],[-38,-24],[-63,6],[-7,63],[37,20],[-92,207],[-46,-53],[-67,-121],[10,-25],[-39,-85],[-34,-40],[-93,30],[-51,-38],[-89,-35]],[[90710,73023],[66,106],[-116,83],[-16,38],[34,86],[-19,147],[43,69],[-61,6],[31,86],[-15,49],[-70,68],[-106,33],[-40,77],[83,149]],[[93715,74859],[-63,-96],[-46,-43],[-84,-22],[-36,-50],[-58,-40],[-1,-145],[-55,-76],[-41,7],[-42,-54],[21,-69],[-60,-63],[-120,-174],[-8,-61],[71,6],[75,-106],[-13,-84],[58,-12],[49,-39],[-26,-124],[18,-46],[-18,-50]],[[93336,73518],[-118,-3],[-180,-74],[-43,-58],[-76,-16],[-54,43],[-111,8],[-54,39],[-26,43],[33,85],[11,71],[-69,35],[-3,58],[18,74],[-107,132],[7,69],[-39,79],[12,176],[-46,185],[41,64],[-20,69],[-110,-2],[-90,42],[-69,11],[-74,38],[-3,59],[-26,21],[30,103],[84,50],[69,78],[-53,86],[-34,15],[-44,86],[70,45],[-32,57],[-63,6]],[[91910,71395],[69,-13],[28,61],[48,37],[108,-14],[157,-89],[96,-134],[-8,-117],[-30,-133],[-1,-62],[20,-91],[55,-11],[55,-76]],[[92507,70753],[-4,-20],[60,-77],[-181,-14],[-55,-49],[-28,-84],[-57,-123],[-97,-19],[-41,-33],[-55,40],[-35,-49],[-201,-51],[-21,-21]],[[91373,70698],[-20,28],[32,63]],[[91395,71126],[-10,-43],[-45,-50]],[[91129,70854],[-59,7],[-86,-78]],[[90904,70635],[-21,-71],[-110,-23]],[[90691,70484],[-124,-49],[-53,-52]],[[90463,70406],[-28,34],[-14,8],[-69,-35]],[[90086,70534],[16,67]],[[90404,71551],[48,-16],[36,-43],[202,105],[230,98],[122,13],[12,-41],[83,1],[85,-58],[46,21],[55,-44],[-33,-97],[77,-23],[189,8],[37,-35],[55,-10],[80,31],[135,-64],[47,-2]],[[93336,73518],[10,-138],[-36,-66],[31,-70],[-29,-66],[74,-92],[-50,-41],[-8,-77],[-31,-74],[38,-98],[-24,-56],[20,-79],[39,6],[47,-29],[50,16],[67,-54],[-6,-39],[-63,-79],[-3,-69],[-83,-107],[-80,-70],[-38,-74],[-96,-65],[-74,-14],[-102,-102],[-30,-71],[10,-51],[-24,-58],[62,-96],[15,-99],[41,-38],[-14,-102],[25,-76],[-66,-79],[-84,-11],[-89,-129],[-141,-109],[-27,-40],[-49,-187],[-33,-43],[-78,-39]],[[91910,71395],[-58,116],[-54,45],[-122,57],[-116,1],[-31,46],[25,70],[-61,116],[-56,33],[-11,32],[116,137],[52,75],[120,200],[66,85],[94,91],[-32,77],[-27,169],[11,76],[34,43],[-5,83],[-25,81],[-84,59],[-44,-18],[-47,53],[-69,-72],[-58,-1],[-65,74]],[[90710,73023],[-85,-47],[-14,-34],[129,-149],[39,-61],[-24,-57],[28,-58],[-100,-215],[-10,-65],[-80,-46],[-45,71],[-78,-33],[-93,9]],[[59594,54177],[-38,-57],[-113,-4],[-54,29],[-51,-60],[-69,61],[-112,-25],[-29,-111],[-56,-61],[23,-38],[-31,-49],[-30,-112],[-131,35],[-54,-18],[-42,-84],[19,-34],[96,-34],[100,-70],[93,-88],[25,-50],[-66,-75],[9,-114],[-17,-85],[61,-146],[-19,-124],[4,-139],[-64,-25],[-112,-9],[-20,-23],[58,-129],[-32,-48],[-28,-105],[-6,-116],[-84,-61],[-28,53],[37,95],[-46,27],[-29,56],[-46,25],[-18,-70],[-70,-109],[43,-112],[32,-47],[-25,-91]],[[58674,52035],[-34,-23],[-92,6],[-55,-111],[-68,-18],[-28,23],[-78,18],[-94,-22],[-36,-40],[-80,10],[-53,27],[-185,-1],[-8,-43],[-49,-41],[-71,-101],[-33,-11]],[[57710,51708],[-17,21]],[[57693,51729],[-73,100],[-108,79]],[[57512,51908],[-56,78],[-92,36],[-35,17]],[[57329,52039],[-104,-16],[-256,49],[-39,25]],[[56930,52097],[-71,70],[-87,118],[-32,22],[-125,41]],[[56615,52348],[-81,66],[-87,44]],[[56447,52458],[-104,61],[-107,-7],[-35,17],[-61,28],[-52,11],[-71,58],[-24,71],[10,67]],[[56003,52764],[7,69],[-33,56],[-63,46]],[[55914,52935],[-228,134]],[[55686,53069],[-4,37],[31,72]],[[55713,53178],[26,33]],[[55739,53211],[171,94],[114,26],[26,-16],[43,51],[77,39],[32,85],[48,27],[16,42],[-84,41],[68,38],[41,-24],[56,82],[93,99],[76,21],[98,2],[71,-65],[55,-21],[97,2],[109,60],[72,7],[93,-76],[19,28],[-46,56],[5,78],[46,157],[56,24],[83,-23],[29,58],[39,23]],[[57342,54126],[13,-10]],[[57355,54116],[52,-68],[54,-16],[72,-46]],[[57533,53986],[14,13],[45,15],[-42,56],[-19,41],[25,0]],[[57556,54111],[57,22],[97,-14]],[[57710,54119],[23,-9],[78,-5],[20,-30],[60,-21],[66,-36],[41,39],[-4,23],[-2,66],[-8,18],[33,-12],[35,-8],[20,-102],[25,0],[38,47],[-28,27],[16,64],[-7,23],[-66,14],[-30,32],[-14,55],[-21,51],[-93,81],[-7,22],[68,70],[145,79],[67,-33],[33,-6],[64,30],[80,-19],[-20,63],[-39,27],[-18,39],[11,21],[-15,82],[-5,23],[-4,18],[0,47],[-28,90],[-1,99],[16,49],[74,37],[-4,28],[136,-49],[39,42],[116,5],[61,-11],[52,32],[58,-6],[17,36]],[[58788,55251],[49,48],[30,71]],[[58867,55370],[50,44],[23,60],[4,8],[15,5],[1,43],[12,43],[-6,8],[-23,34],[-21,46],[-30,22],[-20,15],[-70,8],[-55,12]],[[58747,55718],[14,40],[77,59],[51,13],[11,72],[-38,42],[36,34]],[[58898,55978],[34,-8],[25,51],[128,9],[64,-139],[6,-63],[38,-58],[51,-115],[39,-40],[-12,-104],[54,-13],[41,-97],[16,-107],[-30,-56],[-87,-78],[-109,34],[23,-105],[104,-49],[7,-72],[81,-46],[46,-90],[-23,-30],[-27,-101],[-47,19],[-25,-41],[-105,-95],[-15,-67],[46,-36],[45,39],[45,-45],[102,-24],[91,-63],[50,-94],[0,-64],[40,-53]],[[66698,56374],[15,-13],[-1,-71],[27,-25],[-23,-11],[72,-23],[1,-10],[-10,-25],[23,-70],[-6,-10],[2,-69],[-27,-76],[2,-48],[34,-5],[39,-64],[-1,-46],[1,-19]],[[66846,55789],[-63,-9],[-29,-35],[-152,-114],[-26,-39],[-59,35],[-13,-62],[-173,20],[-105,5],[-216,-14],[-116,-21],[-182,-73],[-87,-53],[-54,-17],[-98,-103],[-75,-64],[-38,-6],[-96,-86],[-103,-70],[-170,-176],[-135,-172],[-53,-44],[-30,-82],[-53,-69],[-77,-148],[-3,-64],[-56,-68]],[[64584,54260],[-54,71],[-46,17],[-68,-31],[-44,6],[-12,-58],[-31,-38],[7,-58],[47,-45],[-69,18],[-57,19],[-35,-18],[-70,25],[-44,-35],[-42,-20],[-28,-2],[-30,-39],[2,-63],[-39,-47],[-10,-156],[-28,-18],[16,-55],[-50,-16],[-28,45],[13,57],[-81,32],[-49,-11],[-6,50],[-106,145],[1,26],[-78,22],[-99,-87],[-80,35],[-106,49],[-21,-22],[-57,24],[48,155],[-39,73],[-44,8],[-37,-42],[-20,30],[-101,28],[-18,17],[-12,27]],[[62979,54378],[14,40]],[[62993,54418],[-33,58],[-28,64],[14,70]],[[62946,54610],[102,51]],[[63048,54661],[19,22],[109,45],[8,17]],[[63184,54745],[34,61],[83,61],[68,28],[52,50],[126,145],[79,140],[42,108],[54,102],[47,-15],[76,22],[68,41],[5,50],[33,67],[4,53],[43,-8],[80,64],[63,-35],[36,42],[72,10],[59,26],[132,-28],[70,33],[60,-12],[55,-10],[41,-7],[28,-8],[53,42],[-10,40],[2,62],[53,-89],[49,-53],[14,-52],[1,-16],[33,30],[103,-54],[27,9],[-20,18],[16,49],[15,-20],[6,-23],[150,63],[-20,33],[1,23],[-21,12],[21,32],[22,17],[16,52],[-16,20],[-30,6],[-31,3],[-4,60],[77,26],[26,-23],[21,11],[-1,-36],[57,55],[44,28],[-54,47],[0,86],[-24,6],[-16,77],[60,-28],[1,-59],[35,-38],[60,-4],[0,16],[2,2],[24,1],[-2,22],[25,29],[15,-10],[10,27],[-25,19],[23,-5],[13,-1],[3,7],[-9,28],[24,33],[72,14],[-54,48],[-4,59],[20,-2],[14,17],[24,-37],[13,-25],[5,2],[-3,17],[6,0],[32,-37],[76,9],[7,64],[11,9],[22,19],[-8,49],[18,17],[12,-57],[6,-16],[5,38],[-2,27],[-33,36],[-18,4],[-124,70]],[[65610,56630],[-33,58],[-51,14]],[[65526,56702],[-22,32],[5,82]],[[65509,56816],[0,16],[-23,23],[-3,10],[8,15],[48,70],[19,1],[14,15],[57,-15],[72,37],[23,10],[5,70],[27,91],[26,-27],[70,-48],[27,11],[63,-12],[11,3],[37,1],[-10,-52],[12,-25],[58,-60],[-61,-83],[50,-110],[-15,-38],[36,-47],[23,-39],[21,-51],[-19,-22],[37,-31],[1,-8],[25,-17],[49,18],[6,-32],[33,-5],[42,-13],[-4,-7],[20,-10],[12,-1],[23,6],[13,-31],[13,18],[51,-17],[53,-42],[45,10],[31,-7],[69,-20],[44,8],[50,-5]],[[53813,55860],[229,-214],[24,-28]],[[54066,55618],[52,-101],[109,-47],[90,-195],[16,-79],[33,-59],[-10,-42],[-118,-43],[6,-44],[102,-54],[7,-153],[-18,-98],[-22,-48],[24,-64],[46,11],[0,-59],[75,-132],[-4,-73],[-58,-181]],[[54396,54157],[-28,-5],[-47,-72],[-39,-88],[-37,-106],[-35,-35],[-66,24],[-90,61]],[[54054,53936],[-35,59],[-4,64]],[[54015,54059],[-54,11],[-21,-41],[-52,-13],[-81,-57],[-26,-17],[-102,-14],[-75,34]],[[53604,53962],[-90,17],[-94,-6]],[[53420,53973],[-49,-70],[-124,-95],[-72,-51],[-96,-42],[-62,5],[7,-54],[-2,-22],[-11,-2],[-40,32],[-38,26],[-48,-5]],[[52885,53695],[-57,-31],[-53,-57],[-67,59],[-2,46],[-46,37],[-45,-23],[-79,24],[-49,-42],[-69,-11],[-16,-61],[-80,-90],[132,-117],[85,73],[26,7],[66,-47],[21,-83],[-28,-50],[-3,-54],[115,-127],[-11,-51],[-217,-74],[-69,23],[-28,-62],[-66,-49],[-42,11],[-56,46],[-6,46],[-66,71],[-1,76],[-75,44],[-42,-13],[-91,-109],[-98,-47],[-63,-12],[-53,-72],[-38,0],[-58,47],[-49,-56],[-226,-14],[-40,13],[-71,-44],[-34,22],[2,46],[-53,111],[-47,3],[-35,-37],[-54,1],[-50,68],[-84,16],[-107,-119],[-88,-53],[-60,-72],[-46,-29],[-98,-114],[-39,-97],[-55,-32],[-39,-179],[-87,20],[-33,-18]],[[50263,52459],[-44,50],[26,50],[-21,76]],[[50224,52635],[-16,180],[10,43]],[[50218,52858],[-7,64],[-5,130],[29,47],[8,89],[15,78]],[[50258,53266],[-41,121],[7,104]],[[50224,53491],[8,81]],[[50232,53572],[-38,53],[-31,92],[-43,61]],[[50120,53778],[-65,41],[-12,11]],[[52992,55905],[127,113],[37,73]],[[53156,56091],[24,127],[53,65],[135,-31],[200,-56],[96,-45]],[[53664,56151],[73,-73],[22,-83]],[[53759,55995],[54,-135]],[[64584,54260],[-20,-37],[16,-59],[-13,-143],[68,-199],[50,-112],[106,-145],[34,-70],[40,-123],[1,-37],[169,-344],[37,-135],[-18,-113],[-23,-47],[-65,19],[-69,2],[-132,26],[-63,-22],[-97,-56],[-59,-61],[-7,-136]],[[64539,52468],[-25,-4],[-101,51],[-54,-32],[-41,47],[25,64],[-39,31],[-138,-38],[-4,44],[-208,90],[-36,-27],[-56,21]],[[63862,52715],[-31,4],[1,32],[30,4],[-18,23],[-24,26]],[[63820,52804],[-33,38],[-6,60]],[[63781,52902],[-19,40],[-56,17]],[[63706,52959],[-37,16],[-72,-11]],[[63597,52964],[-111,32],[-40,-16]],[[63446,52980],[-26,5],[-61,-27],[-58,-27],[-40,-35],[-38,15],[-53,19],[-20,14],[-93,29],[-97,-37],[-37,-8],[-23,8]],[[62900,52936],[-65,38],[-58,115],[-72,20]],[[62705,53109],[-31,32]],[[62674,53141],[-11,48],[32,81]],[[62695,53270],[8,94]],[[62703,53364],[-16,34],[16,137],[53,9]],[[62756,53544],[-6,24],[36,125],[38,11],[-26,71],[-41,35],[2,19],[10,70],[-67,24],[0,40],[-28,34],[-25,50],[34,41],[6,28],[19,25],[51,-21],[23,2],[22,17],[20,19],[7,-12],[18,11],[37,39],[40,75],[-3,27],[-1,41],[-5,24]],[[62917,54363],[62,15]],[[65233,52763],[-41,35],[-14,61],[62,-21],[-7,-75]],[[52885,53695],[0,-21]],[[52885,53674],[-32,-98],[38,-54]],[[52891,53522],[34,-43],[87,-13]],[[53012,53466],[28,-30],[32,-16],[68,11],[50,-17],[96,-20],[78,24],[97,14],[53,-11],[-11,-51],[-4,-8],[-34,-50],[-32,-64],[-12,-24],[10,-8],[-5,-39],[8,-11],[14,-22],[-4,-19],[-59,-40]],[[53385,53085],[-83,-74],[-15,-34]],[[53287,52977],[0,-64],[108,-42],[66,-36],[-6,-40],[-20,6],[-69,-8],[11,-25],[12,-29],[92,-8],[23,-57],[42,-36],[30,-17],[1,-33],[-20,-35],[58,-19],[26,-17],[-26,-58]],[[53615,52459],[-4,-57],[-38,-43]],[[53573,52359],[-39,-58],[-49,-84],[-15,-47],[-20,-73],[-41,-44]],[[53409,52053],[-52,-57],[19,-54]],[[53376,51942],[2,-21],[-2,-30],[4,-23],[-24,-74],[0,-30]],[[53356,51764],[25,-53]],[[53381,51711],[-68,-16],[-8,-21],[-3,-53],[-21,-53],[5,-32],[34,18],[53,-65],[45,-16],[30,-57],[125,-65]],[[53573,51351],[3,-25],[25,-10]],[[53601,51316],[-47,-126]],[[53554,51190],[13,-73],[-91,-6],[-17,-67],[-173,63],[-14,78],[-74,52],[-18,-13],[-74,27],[-15,28],[-98,10],[20,69],[-30,75],[-131,-131],[-92,-59],[-39,-116],[-92,-103],[-68,-29],[-20,-84],[-57,6],[-66,-32],[-85,-17],[-52,-85],[-54,-42],[-92,-35],[-26,-54],[16,-60],[-48,-95],[-77,-41],[-71,-80],[-133,-9],[-59,89],[-93,-9],[-37,27],[-110,-52],[-28,7],[-130,-61],[-103,12],[-51,21],[-79,-21],[-48,22],[-63,-48],[-10,-68],[-93,38],[-206,26]],[[50686,50350],[-41,28]],[[50645,50378],[3,29],[14,29]],[[50662,50436],[48,-6],[59,36]],[[50769,50466],[33,81]],[[50802,50547],[15,65],[-29,14]],[[50788,50626],[28,118]],[[50816,50744],[-8,25],[-34,40],[-13,1],[-15,-22],[-34,-4]],[[50712,50784],[-63,54],[28,43],[-1,14]],[[50676,50895],[-7,21],[11,22],[48,-5]],[[50728,50933],[1,-42],[3,-10],[6,-44],[25,-10],[19,19],[1,163],[-39,-14],[-60,36],[-24,46],[-15,-43],[-6,-11],[-6,-18],[12,-13],[-28,-58],[-37,13],[-4,85],[28,24],[48,42],[-10,70],[-21,5],[-37,-48],[-38,-9],[-46,-53],[-22,-2],[-42,26],[-79,-17],[-36,3],[-10,36],[17,13]],[[50328,51122],[37,52],[-23,24]],[[50342,51198],[-33,43],[-11,28],[-50,52],[0,15],[-3,67],[-38,18],[17,87],[36,49]],[[50260,51557],[28,130],[-8,54]],[[50280,51741],[19,85],[9,48],[49,64],[46,134],[-37,32],[-3,38],[-27,113]],[[50336,52255],[-96,34],[-2,77]],[[50238,52366],[25,93]],[[57512,51908],[6,-79],[-50,-45],[-16,-47],[-45,-14],[-68,32],[-83,-56],[-28,-67],[-44,-34],[-21,-110],[-5,-103],[-99,-63],[-56,-1],[-88,34],[-58,-45],[-37,10],[-115,-45],[-34,37],[-40,-38],[-75,-23],[-20,-30]],[[56536,51221],[-53,-5],[-36,-39],[-63,20]],[[56384,51197],[-29,39],[-9,102]],[[56346,51338],[26,46],[-35,98],[-54,35],[-43,42],[20,33],[-9,67],[-82,34]],[[56169,51693],[-48,28],[-32,94]],[[56089,51815],[-1,14],[7,159],[-50,135]],[[56045,52123],[12,25],[-51,91]],[[56006,52239],[-60,22],[-30,54],[-52,20]],[[55864,52335],[-90,-24],[-51,-51],[15,-119],[-28,-9]],[[55710,52132],[-45,-105],[-19,-28],[-70,-37],[-50,-30],[-113,14]],[[55413,51946],[-37,52],[-33,-12]],[[55343,51986],[-31,-16],[-23,-30],[-121,-5],[-49,42]],[[55119,51977],[-25,-5],[-42,-22],[-36,23]],[[55016,51973],[-64,-9],[-138,-93],[-69,6],[-37,34],[-45,18],[-79,-20],[-59,50],[-15,50],[-14,12],[-14,-17],[-10,-13],[-9,-84],[-11,-7],[-108,6],[-77,-29],[-14,-50],[-40,-55],[-9,-4],[-57,16]],[[54147,51784],[7,-49],[-38,-52]],[[54116,51683],[-59,-54],[36,-41]],[[54093,51588],[4,-36],[7,-24],[25,-75],[20,-12],[8,-24],[-25,7]],[[54132,51424],[-15,-59],[-48,-12]],[[54069,51353],[-23,9],[-24,29],[-18,-105],[-12,-12],[-46,24],[-37,36],[-30,-21],[-59,41],[-48,-11],[-89,-52]],[[53683,51291],[-33,48],[-17,-1],[-15,-14],[-17,-8],[-25,10],[-3,25]],[[53381,51711],[13,7]],[[53394,51718],[17,-6],[143,44],[71,55],[55,23],[82,108],[65,63],[6,70],[-50,58],[72,130],[17,85],[52,68],[5,100],[16,44],[-7,80],[43,72],[43,32],[221,78],[61,-34],[74,-1],[48,18],[104,75],[196,12],[124,-22],[39,-35],[77,29],[181,41],[60,30],[73,61],[231,119],[103,-12],[70,-34]],[[55914,52935],[63,-46],[33,-56],[-7,-69]],[[56447,52458],[87,-44],[81,-66]],[[56930,52097],[39,-25],[256,-49],[104,16]],[[61677,52134],[40,-8],[14,-59]],[[61731,52067],[126,-94],[4,-36]],[[61861,51937],[19,-2],[44,19],[28,22],[17,-10]],[[61969,51966],[10,3],[12,57],[59,8]],[[62050,52034],[58,7],[53,55]],[[62161,52096],[66,44],[53,6],[34,5],[-3,37],[18,7],[14,-30],[6,9],[26,-6],[-13,-33],[-61,-10],[-24,5],[19,-20],[50,-13],[22,-20],[61,8],[6,-43],[79,-25],[28,-1]],[[62542,52016],[34,-13],[18,-52]],[[62594,51951],[50,-22],[32,-14]],[[62676,51915],[-10,-24],[-11,-39],[-61,-16],[23,-39],[-22,-19],[5,-62],[25,-30],[14,-45],[-2,-8]],[[62637,51633],[25,-51],[-25,-28]],[[62637,51554],[-11,-19],[7,-78],[26,-61],[-20,-7],[3,-67],[10,-1],[12,-17],[-4,-14],[-15,-72],[9,11],[12,-16],[-12,-8],[-42,-25],[-41,-39]],[[62571,51141],[-19,-52]],[[62552,51089],[-66,-11],[-77,7],[-42,33],[-76,19],[-124,-76],[-172,39],[-128,97],[-51,4]],[[61816,51201],[-28,27],[-33,-53],[-11,-23]],[[61744,51152],[41,-119],[31,-36]],[[61816,50997],[-17,-28],[13,-79]],[[61812,50890],[-6,-55],[41,-33],[10,-15],[18,-36],[9,2]],[[61884,50753],[49,-13],[19,-46]],[[61952,50694],[5,-33],[35,-28],[140,-65],[9,-14]],[[62141,50554],[76,-1],[15,-41]],[[62232,50512],[-14,-29],[-33,-23],[21,-14],[15,-15],[-25,-81],[26,-24],[-21,-59],[47,-42],[4,-50]],[[62252,50175],[19,-36],[-16,-25],[-17,-43]],[[62238,50071],[19,-19],[27,-45],[65,-88]],[[62349,49919],[-100,-29],[-90,-24],[-21,3],[-30,32],[32,28],[-41,40],[-48,3],[-46,-29],[-45,69],[18,24],[32,27]],[[62010,50063],[-23,48],[-9,7]],[[61978,50118],[-15,21],[-12,6],[-25,44],[-51,33],[-14,88],[23,19],[-43,67],[-59,-17],[-63,182],[-48,17],[-115,89],[-32,60],[-61,17],[12,54],[-36,19],[-18,92],[24,45],[-42,65],[-108,44],[-48,-67],[30,-79],[15,-119],[-45,8],[-49,43],[-133,57],[-59,36],[-11,42],[23,63],[49,53],[-5,79],[31,18],[-37,125],[-51,29],[-67,-46],[16,-46],[-95,-19],[-94,17],[-59,-36],[-48,-142],[-61,-81],[-18,-59],[-56,26],[-79,-45],[-20,-80],[-27,-23],[-146,34],[-206,10],[-50,-48],[-91,24],[-80,-10],[-38,-117],[-67,36],[-32,-3],[-47,-60],[-33,13],[-11,66],[-44,32],[-40,-37],[-119,-14],[-7,31]],[[59386,50774],[37,14],[13,21],[23,46],[-13,56],[-5,12],[10,31],[19,29],[51,55],[-4,20]],[[59517,51058],[-5,39],[-102,-33]],[[59410,51064],[-221,2],[-76,30],[-73,11],[-80,18],[-92,8],[-87,10],[-93,51],[-54,54],[-50,17],[-73,17],[-105,49],[-55,45]],[[58351,51376],[-77,35],[-50,42]],[[58224,51453],[-188,120]],[[58036,51573],[-44,18],[-134,-3]],[[57858,51588],[-33,11]],[[57825,51599],[-69,55],[-46,54]],[[58674,52035],[32,-21],[75,-5],[66,-38],[55,-60],[61,-130],[137,-112],[141,-10],[48,-38],[98,-7],[40,-26],[112,-7],[25,15],[58,-48],[26,17],[-13,73],[110,-37],[68,-56],[88,83],[25,49],[73,57],[189,-56],[81,-32],[35,90],[54,21],[70,-5],[81,36],[22,61],[38,27],[61,89],[48,22],[40,125],[67,31],[18,-23],[66,15],[16,68],[54,5],[32,41],[60,-46],[81,26],[116,1],[74,-31],[79,89],[6,56]],[[61387,52344],[56,0],[48,-29],[14,-3],[57,-36],[15,-48],[18,2],[48,-30],[25,-59],[9,-7]],[[58867,55370],[-30,-71],[-49,-48]],[[57710,54119],[-97,14],[-57,-22]],[[57533,53986],[-72,46],[-54,16],[-52,68]],[[57355,54116],[-1,59]],[[57354,54175],[-25,59],[-39,5],[-13,12],[-7,60],[49,42],[39,13],[40,5],[26,42],[12,29],[-48,21],[27,55],[-87,67],[-19,37],[-64,57]],[[57245,54679],[-88,20],[-67,-19]],[[57090,54680],[-16,-33],[-47,-25],[-22,-37],[-29,-15],[-6,-18]],[[56970,54552],[-77,-35],[-33,-38]],[[56860,54479],[-103,-38],[-23,24],[13,14],[-11,206],[-17,35],[-36,98]],[[56683,54818],[-21,75],[-40,34],[-53,-9]],[[56569,54918],[-12,-26],[-53,0],[-11,-32],[-31,18],[16,37],[-7,37],[-40,21],[37,73],[-38,44],[41,78],[-19,65]],[[56452,55233],[10,42],[-41,26]],[[56421,55301],[59,47]],[[56480,55348],[10,32],[-49,37]],[[56441,55417],[67,97],[24,85],[63,35],[52,3],[26,39],[72,-2],[-39,36],[-53,36],[-27,23],[-39,68],[-36,-13],[-89,70],[35,129]],[[56497,56023],[41,43],[85,-30],[74,26],[15,34]],[[56712,56096],[53,32],[170,-20]],[[56935,56108],[40,37],[13,74]],[[56988,56219],[-15,48],[46,9],[78,-15]],[[57097,56261],[36,-37]],[[57133,56224],[45,-82],[78,32],[37,-76]],[[57293,56098],[62,-51],[-15,-33]],[[57340,56014],[23,-43]],[[57363,55971],[16,-53],[-1,-71]],[[57378,55847],[37,-19],[76,23],[-9,61]],[[57482,55912],[26,86],[62,-21]],[[57570,55977],[116,-18],[48,5],[26,-26],[125,25],[24,37]],[[57909,56000],[60,-1],[57,-33]],[[58026,55966],[51,37],[-1,31],[47,11],[58,1],[45,3],[95,-40],[9,-90],[0,-59],[12,-23],[12,-10],[10,-19]],[[58364,55808],[-12,-43],[53,-67]],[[58405,55698],[57,33],[68,22],[40,-18],[49,-21],[59,17],[69,-13]],[[60751,54020],[-46,-10]],[[60705,54010],[-51,-5],[-43,-32]],[[60611,53973],[-11,-48],[39,-114],[34,-51],[64,-25],[35,-139],[-19,-61],[-18,-50],[-1,-45],[52,7],[67,-1],[75,-34],[54,-41],[55,-55],[34,-38],[8,-49],[38,-26],[73,18],[51,-13],[95,9],[79,-9],[0,-27]],[[61415,53181],[7,-83],[-57,-128]],[[61365,52970],[-15,-66],[83,-29],[102,-18],[57,-12],[19,-36],[80,-12],[58,-19],[60,-17],[-2,-54]],[[61807,52707],[-36,-66],[19,-57]],[[61790,52584],[-4,-68],[17,-15],[-17,-24],[-28,-19],[-33,-16],[-83,43],[-52,-20]],[[61590,52465],[-32,-35],[-50,-8]],[[61508,52422],[-22,-2],[-111,-21],[12,-55]],[[59594,54177],[75,-50],[153,-147],[9,-20],[133,-50],[113,128],[50,69],[178,-109],[61,17],[71,89],[94,3],[67,72],[134,-93],[19,-66]],[[55629,48110],[6,-131],[12,-74],[-9,-45],[9,-31]],[[55647,47829],[167,-6],[37,66],[7,77]],[[55858,47966],[1,17],[51,40],[97,-24],[40,14],[7,-72],[12,-104]],[[56066,47837],[-10,-60],[28,-20]],[[56084,47757],[42,-42],[2,-70],[41,-12],[-22,-66],[-25,-4]],[[56122,47563],[15,-50],[-28,-83]],[[56109,47430],[-26,-38]],[[56083,47392],[44,-45],[43,-9]],[[56170,47338],[115,-15],[-58,-46],[-28,-64],[12,-45]],[[56211,47168],[6,-64]],[[56217,47104],[25,-24],[-23,-48]],[[56219,47032],[12,-89],[-24,-45]],[[56207,46898],[-32,-45],[6,-47]],[[56181,46806],[-54,-67],[-16,-31],[-17,-26],[-59,9],[-28,-34],[33,-21]],[[56040,46636],[-8,-66],[36,-62],[43,-20]],[[56111,46488],[-42,-35],[30,-16],[4,-41]],[[56103,46396],[-32,-56],[12,-37]],[[56083,46303],[-9,-24]],[[56074,46279],[-50,-70],[-15,-67]],[[56009,46142],[2,-22]],[[56011,46120],[-35,-60],[6,-36],[69,-33],[13,-55]],[[56064,45936],[31,-11],[35,41],[6,9],[13,2],[13,-25],[35,-10],[6,-15],[30,-29],[12,0]],[[56245,45898],[20,28]],[[56288,45853],[-49,-52],[-17,-42]],[[56238,45728],[32,-61],[-39,-48]],[[55940,45458],[14,-82],[22,-13]],[[55969,45321],[6,-36],[-51,-28]],[[54098,45923],[-39,40],[-10,58],[41,57]],[[54090,46078],[36,-8],[21,-39],[27,-38],[72,-30],[25,-64],[116,-7],[69,133],[69,-20],[43,-43],[22,-43],[53,-2],[43,71],[28,48],[-7,18],[-71,73],[-6,37],[28,42],[18,13],[78,-12],[22,-26],[46,-30],[39,11],[-6,57]],[[54855,46219],[-25,4],[-27,88],[5,129]],[[54808,46440],[54,33],[-52,22],[-10,-4],[-46,32],[-42,35],[-12,17],[26,40],[5,47],[18,15]],[[54749,46677],[-47,55],[-1,29]],[[54701,46761],[23,37],[23,83],[48,25],[15,53],[14,42],[-15,106]],[[54809,47107],[42,73],[1,45]],[[54852,47225],[6,12],[-9,55],[-32,75],[-62,42],[-50,-16],[-55,19],[-17,31],[-48,6]],[[54585,47449],[-22,91],[64,108]],[[54627,47648],[24,43],[6,45],[26,51],[-37,32],[-22,45],[54,91],[-39,47],[-76,27],[-33,81]],[[54530,48110],[2,87],[-15,54]],[[54517,48251],[-12,81],[55,18]],[[54560,48350],[44,-6]],[[54604,48344],[70,-49],[97,23]],[[54771,48318],[65,-7],[39,27],[48,-26]],[[54923,48312],[46,19],[27,-3],[24,-23]],[[55020,48305],[33,-23],[18,-2],[4,32],[96,19]],[[55171,48331],[54,-9],[25,-91]],[[55250,48231],[15,-38],[39,-46],[24,-2],[62,22]],[[55390,48167],[62,16],[76,-55]],[[55528,48128],[57,-17]],[[55585,48111],[44,-1]],[[57453,50635],[51,-52],[127,-25],[22,-54],[-30,-93],[-1,-50],[-2,-106]],[[57620,50255],[-18,-93],[-38,-6]],[[57564,50156],[-15,-21],[12,-17]],[[57561,50118],[-8,-18],[-20,-12],[-5,-12],[41,-94]],[[57569,49982],[22,-25]],[[57591,49957],[78,-46],[59,-77],[13,-82]],[[57741,49752],[8,-30]],[[57749,49722],[88,-4],[22,-18]],[[57859,49700],[26,-6],[44,-130],[13,-33]],[[57942,49531],[19,-32],[-21,-50]],[[57940,49449],[-41,-52],[19,-33],[70,-2],[9,-12]],[[57997,49350],[20,-17]],[[58017,49333],[-14,-93],[53,-15],[72,-59],[42,-107],[54,-28],[33,-54],[56,19],[64,-5],[115,-56],[36,-93],[142,-67],[62,-78],[10,-40],[91,-133],[30,-26]],[[58863,48498],[-55,-37],[-11,-75],[34,-58],[-28,-27],[-83,-14],[-48,-64],[-11,-52],[99,-70],[-101,-27],[-33,-67],[-71,-79],[-8,-61],[55,-29],[33,60],[34,-42],[-18,-110],[92,61],[76,-81]],[[58819,47726],[-89,-69],[-117,-108],[-71,-113],[-84,-81],[-88,-50],[-175,-115],[-182,-155],[-160,-150],[-145,-156],[-137,-182],[-30,-72],[-65,-71],[-110,29],[5,97],[-81,-11],[-7,-26],[-65,-55],[56,-86]],[[57198,46462],[32,69],[-15,28]],[[57016,46309],[33,-13],[31,-62]],[[56819,46040],[-34,23],[-15,60]],[[56260,45931],[-15,-33]],[[56064,45936],[-13,55],[-69,33],[-6,36],[35,60]],[[56009,46142],[15,67],[50,70]],[[56083,46303],[-12,37],[32,56]],[[56111,46488],[-43,20],[-36,62],[8,66]],[[56181,46806],[-6,47],[32,45]],[[56207,46898],[24,45],[-12,89]],[[56219,47032],[23,48],[-25,24]],[[56211,47168],[-12,45],[28,64],[58,46],[-115,15]],[[56170,47338],[-43,9],[-44,45]],[[56109,47430],[28,83],[-15,50]],[[56084,47757],[-28,20],[10,60]],[[55858,47966],[-7,-77],[-37,-66],[-167,6]],[[55629,48110],[-36,14]],[[55593,48124],[-22,82],[4,45],[-30,63],[69,60],[-28,80],[-40,12],[-131,138],[47,104],[-64,20],[-79,-6],[-101,172],[118,23],[25,127],[41,6],[56,50],[-58,94],[171,30],[150,40],[43,57],[61,46],[46,-109],[80,-60],[135,-72],[142,-25],[126,67],[7,92],[-16,102],[15,87],[27,43],[-16,50],[-42,-8],[-68,31],[-41,-14],[-71,22],[-29,-20],[-55,40],[-62,83],[-79,-39],[-41,39],[30,86],[27,15],[52,82],[23,-23],[183,88],[-47,71],[30,68],[16,110],[38,18],[6,76],[27,41],[-22,112],[28,76],[31,4],[43,-70],[-19,-70],[89,-88],[94,-22],[15,47],[40,7],[28,-43],[119,-10],[-18,76],[97,49],[-8,64]],[[56785,50440],[33,-42],[45,-3],[116,77],[26,27],[7,63],[20,46],[40,50]],[[57072,50658],[21,92],[80,30],[64,-32],[57,-78],[43,-27],[116,-8]],[[57312,46327],[97,-7],[-3,41],[81,18],[-68,-120],[-107,68]],[[62552,51089],[24,8]],[[62576,51097],[78,22],[90,-62],[98,10],[44,44],[31,-63],[41,27],[74,-15],[42,44],[130,-110],[87,-22],[58,26],[102,-25],[77,37],[76,-61],[37,1],[61,42],[63,22],[99,-26],[115,-12],[85,-50],[52,-78],[50,3]],[[64166,50851],[27,-28],[-135,-73],[-7,-32],[-199,-80],[-124,-72],[-23,1],[-136,-68],[-92,-86],[-49,12],[-25,-51],[22,-51],[69,78],[28,-10],[-86,-140],[-59,-73],[-17,-53],[-213,-224],[-25,-80],[14,-74],[-84,-89],[-135,22],[-30,31],[-11,76],[-28,71],[-119,93],[-26,-17],[-41,45],[-41,1],[-51,-33],[-20,-83]],[[62550,49864],[-58,12],[-15,-15],[-128,58]],[[62238,50071],[33,68],[-6,22],[-13,14]],[[62232,50512],[-15,41],[-76,1]],[[61952,50694],[-19,46],[-49,13]],[[61812,50890],[-13,79],[17,28]],[[61744,51152],[11,23],[33,53],[28,-27]],[[62710,49855],[-45,50],[-6,27],[-68,-11]],[[62591,49921],[27,34],[107,-37],[-15,-63]],[[61507,53983],[47,-16],[18,37]],[[61572,54004],[11,-8],[25,11],[39,-7],[8,4],[20,9],[35,-2],[35,-1],[22,1],[39,2],[-4,9],[-5,12],[30,36],[25,-9],[111,49],[12,-16],[-17,-56],[3,-34],[-40,-66],[-16,-6],[-33,-42],[-50,-59],[-8,-11],[-23,-64],[33,-53],[-8,-46],[9,-29],[18,-22],[16,-35],[41,-8],[77,-29],[32,63]],[[62009,53597],[15,74],[74,52]],[[62098,53723],[62,36],[23,-1]],[[62183,53758],[73,-38],[54,-9]],[[62310,53711],[68,-21],[37,2]],[[62415,53692],[96,-64],[40,-5]],[[62551,53623],[49,5],[98,-78]],[[62698,53550],[-11,-152],[16,-34]],[[62695,53270],[-32,-81],[11,-48]],[[62705,53109],[72,-20],[58,-115],[65,-38]],[[63446,52980],[40,16],[111,-32]],[[63597,52964],[72,11],[37,-16]],[[63781,52902],[6,-60],[33,-38]],[[63862,52715],[0,-23],[-46,-53]],[[63816,52639],[-97,15],[-41,-17]],[[63678,52637],[-20,-3],[-14,-41],[-64,-39],[8,-80],[33,23],[16,5],[-40,-76],[31,-50],[-39,-42],[-5,-4]],[[63584,52330],[-79,12],[-30,-41]],[[63475,52301],[-25,0],[-39,-21],[-29,-6],[-33,21],[-56,-17],[-11,-40],[-20,-80],[-52,-10],[-53,-58],[6,-7],[-4,-11],[-58,2]],[[63101,52074],[-35,-70],[-73,-49],[-91,56]],[[62902,52011],[-53,2],[-8,29],[-44,5],[9,-29],[6,-78],[0,-15]],[[62812,51925],[-64,-30],[-32,31]],[[62716,51926],[-40,-11]],[[62594,51951],[-18,52],[-34,13]],[[62161,52096],[-53,-55],[-58,-7]],[[61969,51966],[-17,10],[-91,-39]],[[61731,52067],[-14,59],[-40,8]],[[61508,52422],[50,8],[32,35]],[[61790,52584],[-19,57],[36,66]],[[61365,52970],[57,128],[-7,83]],[[60611,53973],[43,32],[51,5]],[[60751,54020],[28,-17],[74,38],[27,-22],[14,-66],[0,-34],[21,-47],[21,-8],[39,9]],[[60975,53873],[55,1],[23,-37]],[[61053,53837],[49,-16],[49,17]],[[61151,53838],[112,-34],[22,5]],[[61285,53809],[96,10],[41,29],[3,17],[36,123],[13,5],[11,-28],[16,13],[6,5]],[[55693,57300],[70,11],[7,9],[27,54],[78,13],[55,-25],[27,17],[41,5],[41,-34],[68,-13],[-2,-89],[16,-30],[-41,-41]],[[56080,57177],[-20,-25],[6,-77],[-42,-49],[0,-33]],[[56024,56993],[-32,-32],[-29,-104],[-61,-114],[0,-92],[-13,-27],[-42,-64],[-10,-27],[-37,-42],[-19,-51],[-11,-42],[-18,-46],[-64,-7],[-24,20]],[[55664,56365],[-48,13],[-34,-23]],[[55582,56355],[-57,14],[-32,-27],[-76,-19],[-97,55],[-59,38],[-103,38],[-110,-57],[-51,2],[-86,-48],[-19,-9],[-19,26],[-8,19],[-27,39],[-28,17],[-49,-66],[-34,-62],[-47,31],[-26,21],[-11,-52],[-46,-35],[-32,-56],[16,-28],[84,-44],[-16,-66],[45,-360]],[[54694,55726],[-27,-67],[-33,-24]],[[54634,55635],[-114,22],[-104,-13]],[[54416,55644],[-53,5],[-90,46]],[[54273,55695],[-83,7],[-74,8],[-28,-62]],[[54088,55648],[-46,-2],[-229,214]],[[53759,55995],[-22,83],[-73,73]],[[53156,56091],[-37,-73],[-127,-113]],[[53249,56637],[70,-30]],[[53319,56607],[54,8],[28,4],[17,25],[56,16],[64,-105],[121,-34],[28,-29],[17,-28],[84,-18],[7,-1],[41,68]],[[53836,56513],[94,119],[27,12]],[[53957,56644],[48,64]],[[54005,56708],[62,47],[48,-51]],[[54115,56704],[-11,23],[19,82]],[[54123,56809],[46,-19],[17,67],[20,-4]],[[54206,56853],[72,52],[-24,53],[91,4],[56,84]],[[54401,57046],[107,-15],[116,-4]],[[54624,57027],[20,-57],[48,-74]],[[54692,56896],[91,65],[31,44]],[[54814,57005],[46,65],[78,-34],[28,-23],[25,-8],[40,6],[11,73],[26,40],[-11,51],[15,37],[27,26],[24,0],[56,51],[11,-18],[12,-8],[61,-14],[12,-8],[101,-12],[87,-42],[66,-27],[38,-7],[47,29],[31,54],[10,12],[23,27],[15,25]],[[53554,51190],[134,-62],[50,-10],[-5,-77],[27,-94],[5,-80],[20,-59],[4,-185],[72,-55],[-31,-42],[135,-18],[52,16],[19,-65],[-3,-55],[-197,-118],[-22,-80],[-58,-96],[-50,-4],[-64,42],[-48,-14],[-99,-71],[-117,52],[-33,31],[-28,-71],[-33,-21],[-8,-83],[-24,-47],[-36,-6],[-38,-111],[-56,-19],[-86,-94],[1,-68],[-26,-53]],[[53011,49573],[-164,35],[-20,-134],[-119,-37],[1,-39],[63,-121],[12,-43],[-11,-94],[43,-40],[-15,-37],[26,-89],[39,-46],[5,-181],[-31,-77],[-33,-21],[-22,-60],[-55,-54],[-40,-7],[-60,-56],[-25,-58],[-19,-118],[7,-63],[-70,7],[-77,-34],[-104,-18],[-126,27],[11,-72],[-41,-15],[19,-88],[-43,-40],[18,-46],[-39,-88],[-58,-9],[-65,-102],[-15,-48],[-60,1],[-9,-141],[-60,22],[-64,158],[33,43],[-82,89],[-49,-31],[-62,98],[13,37],[-63,12],[-41,75],[-94,-6],[-45,-30],[-38,-88],[3,-54],[-94,-54],[-33,-88],[23,-18],[-18,-85],[-122,-7],[-60,16],[-51,-54],[30,-25],[13,-79],[55,-64],[-18,-102],[35,-47],[-1,-98],[-69,-53],[-32,-49],[-33,25],[-48,-73],[-21,-96],[-28,-20],[39,-94],[-55,-148],[-26,-22]],[[50871,46657],[-22,59],[-55,14]],[[50794,46730],[-1,8]],[[50793,46738],[-21,1],[-6,30],[-19,60],[-26,23],[-24,0],[-9,8],[-27,-26]],[[50661,46834],[-44,22],[75,74]],[[50692,46930],[-1,7],[15,59],[5,50],[2,14],[65,68],[-28,53],[-60,-6],[-65,32],[-64,24],[-33,18],[-32,-15]],[[50496,47234],[-55,2],[-67,32]],[[50374,47268],[-49,26]],[[50325,47294],[-21,20],[-3,72]],[[50301,47386],[-15,10],[8,60],[-10,13],[20,30],[-7,19],[-13,22],[-34,-14],[-34,39],[-53,57],[-43,32],[-39,45],[-5,61],[-53,20],[13,32],[27,62],[-37,21],[-41,18],[-51,10],[20,19],[10,49],[-19,-3],[-49,6],[-28,2]],[[49868,47996],[-70,13],[-6,95]],[[49792,48104],[-11,11]],[[49781,48115],[-17,31],[-78,-12],[-16,20]],[[49670,48154],[-3,10],[21,18],[44,78],[-29,25],[-27,32],[6,32]],[[49682,48349],[78,48],[49,100]],[[49809,48497],[22,27]],[[49831,48524],[-35,13],[7,72]],[[49803,48609],[-3,20],[17,20],[-36,50],[34,27],[95,71],[-30,90]],[[50272,49720],[60,89],[27,0]],[[50359,49809],[27,10],[34,66],[-29,27]],[[50391,49912],[57,25],[43,73],[44,45]],[[50535,50055],[31,55],[73,-9],[23,35]],[[50662,50136],[-3,76],[14,101]],[[50673,50313],[13,37]],[[56006,52239],[51,-91],[-12,-25]],[[56089,51815],[32,-94],[48,-28]],[[56346,51338],[9,-102],[29,-39]],[[56536,51221],[9,-50],[14,-7]],[[56559,51164],[1,-41],[-56,-29]],[[56504,51094],[-63,-52],[13,-46],[58,-15],[24,20],[-5,-45],[17,-27]],[[56548,50929],[20,27],[59,-11]],[[56627,50945],[25,-13],[24,-129]],[[56676,50803],[-26,-47],[-1,-84],[28,-71],[79,-105],[29,-56]],[[55593,48124],[-8,-13]],[[55528,48128],[-76,55],[-62,-16]],[[55250,48231],[-25,91],[-54,9]],[[55020,48305],[-51,26],[-46,-19]],[[54771,48318],[-97,-23],[-70,49]],[[54560,48350],[-26,79],[9,47],[-61,40],[-55,-26],[-107,7],[-65,54],[-40,80],[-44,-1],[-58,29],[-74,-21],[-69,10],[-18,-22],[-22,-126],[-72,-76],[-137,119],[-40,5],[-49,-27],[-42,-61],[-48,-23],[-41,54],[25,118],[-36,55],[-21,91],[-51,23],[-12,35],[42,76],[-9,139],[-39,12],[-21,56],[-46,-39],[-152,76],[-48,48],[-11,71],[47,91],[37,26],[35,72],[-64,65],[-47,29],[-119,38]],[[53601,51316],[17,8],[15,14],[17,1],[33,-48]],[[54069,51353],[48,12],[15,59]],[[54093,51588],[-36,41],[59,54]],[[54116,51683],[38,52],[-7,49]],[[55016,51973],[36,-23],[67,27]],[[55343,51986],[33,12],[37,-52]],[[55710,52132],[28,9],[-15,119],[51,51],[90,24]],[[64539,52468],[-54,-62],[-41,-123],[-76,-115],[139,-4],[56,9],[-23,56],[-37,30],[25,26],[46,-8],[40,-64],[19,-22],[22,7],[78,61],[99,104],[120,55],[120,-9],[126,-46],[71,0],[-186,-135],[-122,-76],[-62,-51],[-164,-107],[-186,-143],[-91,-59],[-29,-32],[-46,-118],[-40,4],[-27,-45],[-24,-90],[-40,-55],[0,-194],[55,8],[68,-28],[45,-36],[27,-110],[-71,-105],[-120,-89],[-44,-4],[-46,-47]],[[62576,51097],[-5,44]],[[62637,51554],[25,28],[-25,51]],[[62716,51926],[32,-31],[64,30]],[[62902,52011],[91,-56],[73,49],[35,70]],[[63475,52301],[30,41],[79,-12]],[[63678,52637],[41,17],[97,-15]],[[64493,51328],[41,-63],[-52,-22],[11,85]],[[64728,52646],[69,-17],[86,5],[165,-7],[95,18],[57,-107],[-19,-102],[-72,-9],[-157,12],[-145,-80],[-139,-145],[-46,-10],[-13,45],[-29,29],[-39,12],[-46,-2],[-28,-41],[45,4],[47,-73],[-126,-11],[-35,25],[90,122],[14,82],[43,47],[42,159],[68,53],[73,-9]],[[64767,52709],[208,-33],[16,-27],[-135,8],[-84,-6],[-5,58]],[[60575,57452],[-6,-47],[-42,-39],[27,-73],[111,-22],[-8,-57],[48,-28],[84,32],[54,-60],[141,-97],[1,-90],[-19,-81],[52,-71],[-8,-48],[33,-100],[-17,-64],[11,-71],[65,-23],[33,14],[85,-48],[67,-11],[80,-100],[120,-19],[107,-86],[148,23],[46,-85],[-8,-91],[52,6],[47,32],[25,-78],[78,-12],[-33,-72],[22,-139],[-112,-209],[-101,-56],[7,-36],[-38,-63],[85,-50],[229,-107],[101,-73],[32,-64],[50,-57],[36,-71],[-75,-63],[-71,-128],[6,-34],[-48,-39],[-1,-60],[-53,-85],[51,-29],[4,-43],[37,-76],[63,-23],[0,57],[43,21],[136,-50],[70,36],[35,111],[120,147],[107,89],[47,-76],[69,-33],[135,-100],[11,-73]],[[62993,54418],[-14,-40],[-62,-15]],[[62756,53544],[-58,6]],[[62551,53623],[-40,5],[-96,64]],[[62310,53711],[-54,9],[-73,38]],[[62098,53723],[-74,-52],[-15,-74]],[[61572,54004],[-18,-37],[-47,16]],[[61285,53809],[-22,-5],[-112,34]],[[61053,53837],[-23,37],[-55,-1]],[[58898,55978],[-19,59],[19,50],[-25,60],[10,35],[82,79],[-31,111],[33,85],[46,71],[58,-22],[105,58],[27,55],[122,-57],[91,33],[58,92],[0,101],[59,117],[-11,90],[-93,63],[-107,29],[-59,-22],[-85,28],[-32,47],[-101,92],[2,28]],[[61978,50118],[-11,1],[-21,12],[-34,-3]],[[61912,50128],[-15,-6],[-20,-4],[-16,-1],[-56,5],[-60,-9],[-26,42],[-28,-22],[-37,2],[-71,20],[-60,13],[-12,-1],[-4,-22],[-36,7],[-70,20],[-40,28],[-16,-58],[-50,-10],[-35,46],[52,47],[28,20]],[[61340,50245],[13,18],[-26,57],[-19,62]],[[61308,50382],[-43,30],[-32,22],[-35,-43],[-42,-15],[-41,17],[-10,-15],[-8,-51],[-5,-13],[-71,0],[-8,-16],[-26,-12],[-40,41],[2,8],[-50,15],[-25,-11],[1,-40],[-5,-9],[-56,-19],[-47,17],[-28,-33],[2,-32],[-4,-11],[-16,8],[1,26],[-44,16],[-63,17],[-22,-65],[-18,-56],[22,-41],[-23,-72],[0,-28],[14,-7],[-5,-22],[-15,-10],[-40,-15],[-38,2],[-37,53],[-51,-41],[-26,-37],[-11,-63],[17,-23],[31,-43],[-26,-43],[-14,-48],[-18,-18],[2,69],[-21,11],[-50,-83],[-13,21],[-31,30],[-56,13],[2,-29],[11,-75],[-6,-115],[-22,-15],[-23,44],[-6,4],[-65,17],[-10,39],[-41,-31],[-34,-87],[35,-34],[10,-28],[46,-6],[107,-42],[11,-46],[-19,-188],[-101,120],[-112,9],[-67,-18],[-28,29],[-91,-20],[-73,27],[-110,-101],[-4,-30],[-67,-74],[-111,-41],[-12,-66],[-44,-36],[-95,-13],[-165,-63],[8,-41],[-44,-29],[4,-54],[-84,-8],[-37,-77],[-62,-64],[10,-54],[40,-39],[-74,-30]],[[58017,49333],[16,2]],[[58033,49335],[51,8],[86,21],[33,-7]],[[58203,49357],[56,-15],[65,14]],[[58324,49356],[95,43],[121,35],[25,24],[103,11],[36,-37]],[[58704,49432],[58,-29],[42,-43],[48,18]],[[58852,49378],[55,-8],[46,18]],[[58953,49388],[83,-10],[39,-15],[78,27],[34,0],[53,31],[135,19],[9,35],[54,28],[47,59],[41,-24]],[[59526,49538],[33,-45],[36,-1]],[[59595,49492],[29,-38],[65,17]],[[59689,49471],[31,15],[78,98],[-1,64],[-41,35],[-62,11],[-20,39],[48,55],[-4,36],[-30,-14],[-25,-14],[-5,6],[2,35],[-37,7],[-18,25],[-13,29],[-8,0],[-21,53],[-9,66],[-9,19],[35,21],[31,8],[9,15]],[[59620,50080],[7,63],[34,56],[-65,24]],[[59596,50223],[-20,17],[-7,45],[-43,-19],[-66,-1],[19,44],[19,45]],[[59498,50354],[5,45],[-36,26]],[[59467,50425],[-23,3],[-14,-25],[-82,-32],[-32,-56],[-46,-18],[-23,1],[-83,-28],[-52,-51],[-12,-5],[-40,-64],[-92,67],[5,47],[-30,26],[17,26],[8,23],[-16,23]],[[58952,50362],[-29,73],[42,43]],[[58965,50478],[19,58]],[[58984,50536],[58,-26],[72,17]],[[59114,50527],[-1,44],[82,0],[153,17],[8,42],[9,12],[49,22]],[[59414,50664],[-15,12],[-29,3],[-10,17],[10,57],[16,21]],[[49485,46642],[53,11],[27,21],[52,54],[26,-11]],[[49643,46717],[20,13],[16,1],[32,-26],[32,2],[-6,32],[56,-22],[21,14],[17,-21],[11,-9],[27,23],[8,-5],[29,-36],[20,-31],[27,4],[11,-79],[49,-44],[21,-9],[21,41],[-14,48],[19,21],[35,37],[50,-12],[49,12],[12,-3],[23,11],[47,-14],[58,-48],[-2,-13],[11,-20],[53,25],[34,42],[17,4],[8,-38]],[[50455,46617],[53,-27],[50,18]],[[50558,46608],[15,-56],[62,13],[26,41],[22,-71],[18,-14],[5,10],[-5,51],[-11,18],[5,27],[1,9],[24,2],[3,39],[16,12],[7,28],[47,-18]],[[50793,46699],[1,31]],[[50871,46657],[71,-36],[20,-47],[122,-1],[36,-27],[62,25],[42,-32],[12,-74],[88,-69],[2,-63],[54,-29],[18,-38],[-33,-40],[36,-47],[57,-12],[53,-37],[26,19],[-3,58],[21,61],[56,45],[28,60],[33,4],[38,-70],[42,26],[15,145],[82,-51],[40,65],[47,-99],[55,89],[9,44],[-18,55],[74,-10],[38,35],[62,-31],[8,-50],[-29,-29],[2,-57],[-53,-15],[-31,48],[-42,-19],[-106,-146],[41,6],[23,-84],[-19,-210],[37,-56],[19,-92],[121,-11],[-9,190],[74,45],[32,80],[-23,51],[51,166],[76,28],[145,-76],[15,-85],[4,-104],[59,-6],[-35,-57],[-17,-66]],[[49340,44058],[-22,4]],[[49318,44062],[-12,6],[-38,31],[-33,52]],[[49235,44151],[-8,37],[20,100],[50,27]],[[49297,44315],[34,11],[21,1]],[[49352,44327],[29,130],[-45,13]],[[49336,44470],[-42,13],[-17,-4]],[[49277,44479],[-30,-37],[-34,51]],[[49213,44493],[-121,56]],[[49092,44549],[-23,-4],[-73,-82],[-26,-3]],[[48970,44460],[-54,-81],[-27,-1]],[[48889,44378],[-89,36],[-57,2],[-23,32]],[[48720,44448],[-9,64],[-43,-8]],[[48668,44504],[-36,51],[4,95],[-41,65],[-36,-60],[-37,-2],[-32,-75],[-57,31],[-30,46],[-19,67],[-26,-34],[-48,52],[26,68],[-48,47],[-10,43],[-48,41],[-82,49]],[[48412,46774],[38,2]],[[48450,46776],[-1,30],[98,39]],[[48547,46845],[19,17],[44,-60],[8,-11],[31,16],[36,-1],[20,-30],[90,-53],[33,-9],[31,-24],[9,23],[80,26],[30,45],[17,-14],[46,-30],[57,-6],[23,-21],[51,29],[39,7],[20,-27],[12,-63],[19,3],[63,-50],[51,20],[38,6],[14,17],[57,-13]],[[48668,44504],[43,8],[9,-64]],[[48720,44448],[23,-32],[57,-2],[89,-36]],[[48970,44460],[26,3],[73,82],[23,4]],[[49213,44493],[34,-51],[30,37]],[[49336,44470],[45,-13],[-29,-130]],[[49297,44315],[-50,-27],[-20,-100],[8,-37]],[[49318,44062],[14,-35]],[[49162,43821],[-57,-46],[39,-44]],[[48967,43071],[40,-25],[-46,-55],[-47,-20],[15,-79],[31,-12]],[[48960,42880],[47,-30],[55,-6],[57,-84]],[[48748,42367],[44,-91],[-7,-70]],[[48653,42212],[-44,2],[-73,55]],[[47686,42206],[-54,-30],[-77,-16]],[[47298,42048],[-22,4],[-47,-21],[-65,-35],[-40,-55]],[[47016,41835],[-191,-121],[-51,89]],[[46522,41567],[-16,-25],[-59,15]],[[46381,41587],[-73,-41],[-148,-37],[-104,-14],[-29,57]],[[46006,41578],[-101,-36],[-40,23],[-40,-19]],[[46110,42509],[41,74],[11,138],[14,40]],[[47742,44830],[83,26],[83,60],[82,13]],[[48054,44912],[72,-2],[22,78]],[[62250,59058],[63,-10],[80,-33]],[[62413,59025],[49,-20]],[[62467,59017],[-4,-15],[-19,-17]],[[62681,58932],[28,-76],[44,-37]],[[62933,58579],[1,-23],[78,-31],[53,-45]],[[64209,58073],[7,-6]],[[64216,58067],[-35,-139],[14,-54],[-5,-76],[127,1],[132,38],[36,-30],[20,-119],[59,-5],[30,-67],[55,12],[211,-45],[168,-11],[51,-64],[80,-77],[78,-17],[29,-47],[-13,-63],[42,-86],[-100,-182],[-26,-125],[24,-45],[52,-36],[36,-77],[81,-16],[142,-3]],[[65504,56734],[22,-32]],[[65526,56702],[51,-14],[33,-58]],[[63184,54745],[-8,-17],[-109,-45],[-19,-22]],[[61576,59056],[20,14],[1,14]],[[61597,59084],[8,52],[40,37]],[[61775,59300],[70,75],[28,-21]],[[61926,59319],[25,-21],[78,-127]],[[47888,49916],[15,-32]],[[48835,49440],[42,-72],[10,-58]],[[49386,49383],[55,-31],[34,18]],[[49475,49370],[103,-17],[3,-37]],[[49817,49266],[38,-32],[55,5]],[[49910,49239],[13,-16],[-55,-75]],[[49803,48609],[-7,-72],[35,-13]],[[49809,48497],[-49,-100],[-78,-48]],[[49670,48154],[16,-20],[78,12],[17,-31]],[[49792,48104],[6,-95],[70,-13]],[[50301,47386],[3,-72],[21,-20]],[[50374,47268],[67,-32],[55,-2]],[[50692,46930],[-75,-74],[44,-22]],[[50793,46738],[0,-39]],[[50558,46608],[-50,-18],[-53,27]],[[49643,46717],[-14,11],[-12,0],[-79,-75],[-53,-11]],[[48547,46845],[-98,-39],[1,-30]],[[48377,46962],[25,87],[35,34]],[[48439,47258],[-92,41],[-4,66],[11,17],[22,0]],[[48376,47382],[54,-16],[26,41],[13,108]],[[48267,47584],[-78,139],[17,48],[-9,59],[-28,17],[4,59]],[[47996,47966],[17,49],[-12,72]],[[48030,48364],[-16,46],[2,96],[-29,87]],[[48006,48762],[46,59],[-6,29]],[[48034,48964],[-80,3],[-90,24]],[[47851,48990],[-66,-10],[-35,64]],[[47706,49131],[10,71],[-72,38]],[[47300,49579],[35,103],[4,51]],[[47390,49879],[26,42]],[[57693,51729],[63,-75],[69,-55]],[[57858,51588],[134,3],[44,-18]],[[58224,51453],[50,-42],[77,-35]],[[59410,51064],[102,33],[5,-39]],[[59414,50664],[-49,-22],[-9,-12],[-8,-42],[-153,-17],[-82,0],[1,-44]],[[59114,50527],[-72,-17],[-58,26]],[[58965,50478],[-42,-43],[29,-73]],[[59467,50425],[36,-26],[-5,-45]],[[59596,50223],[65,-24],[-34,-56],[-7,-63]],[[59689,49471],[-65,-17],[-29,38]],[[59595,49492],[-36,1],[-33,45]],[[58953,49388],[-46,-18],[-55,8]],[[58852,49378],[-48,-18],[-42,43],[-58,29]],[[58324,49356],[-65,-14],[-56,15]],[[58033,49335],[-36,15]],[[57940,49449],[21,50],[-19,32]],[[57859,49700],[-22,18],[-88,4]],[[57741,49752],[-13,82],[-59,77],[-78,46]],[[57569,49982],[-41,94],[5,12],[20,12],[8,18]],[[57564,50156],[38,6],[18,93]],[[57453,50635],[-116,8],[-43,27],[-57,78],[-64,32],[-80,-30],[-21,-92]],[[56676,50803],[-24,129],[-25,13]],[[56627,50945],[-59,11],[-20,-27]],[[56504,51094],[56,29],[-1,41]],[[50120,53778],[43,-61],[31,-92],[38,-53]],[[50224,53491],[-7,-104],[41,-121]],[[50218,52858],[-10,-43],[16,-180]],[[50238,52366],[2,-77],[96,-34]],[[50280,51741],[8,-54],[-28,-130]],[[50342,51198],[23,-24],[-37,-52]],[[50728,50933],[-48,5],[-11,-22],[7,-21]],[[50712,50784],[34,4],[15,22],[13,-1],[34,-40],[8,-25]],[[50788,50626],[29,-14],[-15,-65]],[[50769,50466],[-59,-36],[-48,6]],[[50645,50378],[41,-28],[-13,-37]],[[50673,50313],[-14,-101],[3,-76]],[[50535,50055],[-44,-45],[-43,-73],[-57,-25]],[[50391,49912],[29,-27],[-34,-66],[-27,-10]],[[49261,49921],[-36,10],[-19,58]],[[49206,49989],[15,93],[-7,72]],[[49181,50350],[78,70],[7,56]],[[49268,50655],[-11,82],[25,24]],[[49232,51050],[0,34],[44,100]],[[49274,51260],[49,28],[-4,30]],[[49096,51686],[-34,25],[-44,77]],[[49022,51870],[18,38],[-14,58]],[[49103,52271],[-32,23],[-20,63]],[[49051,52357],[5,73],[-27,43]],[[49008,52826],[3,78],[25,104],[18,59],[44,-4]],[[49097,53002],[83,13],[68,-45]],[[49597,53180],[55,40],[58,18],[34,21],[25,24],[47,96],[40,45]],[[61308,50382],[45,-119],[-13,-18]],[[61912,50128],[34,3],[21,-12],[11,-1],[9,-7],[23,-48]],[[62550,49864],[46,-48],[67,-3],[70,26],[36,-38],[46,-93],[35,-41],[91,-64],[27,-33],[-141,-34],[-90,-31],[-168,-91],[-35,8],[-33,-47],[-333,-117],[-127,-37],[-165,-31],[-8,-18],[-318,-63],[-374,-108],[-187,-66],[-384,-143],[-230,-117],[-112,-64],[-177,-86],[-132,-77],[-255,-116],[-283,-163],[-146,-98],[-451,-345]],[[62710,49855],[-74,25],[-45,41]],[[54517,48251],[15,-54],[-2,-87]],[[54627,47648],[-64,-108],[22,-91]],[[54852,47225],[-1,-45],[-42,-73]],[[54701,46761],[1,-29],[47,-55]],[[54808,46440],[-5,-129],[27,-88],[25,-4]],[[54090,46078],[-41,-57]],[[57110,56254],[-13,7]],[[56988,56219],[-13,-74],[-40,-37]],[[56712,56096],[-15,-34],[-74,-26],[-85,30],[-41,-43]],[[56441,55417],[49,-37],[-10,-32]],[[56421,55301],[41,-26],[-10,-42]],[[56569,54918],[53,9],[40,-34],[21,-75]],[[56860,54479],[33,38],[77,35]],[[57090,54680],[67,19],[88,-20]],[[57354,54175],[-12,-49]],[[55739,53211],[-60,-8]],[[55679,53203],[-83,4],[-48,35],[-52,107]],[[55496,53349],[-63,48],[-71,-10]],[[55362,53387],[-46,7],[-16,28],[8,34],[-39,79],[3,54],[-44,32]],[[55228,53621],[-74,10],[-113,41]],[[55041,53672],[-91,0],[-69,20],[-53,2],[-67,57],[-6,2],[-19,27],[-4,46],[-2,85],[-12,7],[-5,56]],[[54713,53974],[-3,19],[-119,50]],[[54591,54043],[-154,108],[-41,6]],[[54066,55618],[22,30]],[[54273,55695],[90,-46],[53,-5]],[[54634,55635],[33,24],[27,67]],[[55582,56355],[34,23],[48,-13]],[[56024,56993],[0,33],[42,49],[-6,77],[20,25]],[[55693,57300],[-7,108],[21,57],[-25,70],[43,118],[-3,50],[74,-18],[92,30],[140,93],[62,-7],[128,94],[198,61],[16,-87],[47,-112],[19,-182],[38,-4],[-11,-67],[14,-57],[56,-33],[-75,-126],[5,-74],[-20,-50],[87,-17],[-22,-65],[0,-125],[-89,-29],[3,-44],[60,-14],[46,-43],[-4,-56],[40,-49],[-25,-39],[-18,-87],[8,-52],[127,-82],[28,-93],[70,-34],[70,26],[72,-16],[70,23],[79,-48],[3,-66]],[[55041,53672],[113,-41],[74,-10]],[[55362,53387],[71,10],[63,-48]],[[55496,53349],[52,-107],[48,-35],[83,-4]],[[55679,53203],[34,-25]],[[53394,51718],[-38,46]],[[53376,51942],[-19,54],[52,57]],[[53573,52359],[38,43],[4,57]],[[53287,52977],[15,34],[83,74]],[[53012,53466],[-87,13],[-34,43]],[[52891,53522],[-38,54],[32,98]],[[53420,53973],[94,6],[90,-17]],[[54015,54059],[4,-64],[35,-59]],[[54396,54157],[41,-6],[154,-108]],[[54591,54043],[119,-50],[3,-19]],[[54791,59215],[58,1]],[[55275,58819],[36,-54],[78,-45]],[[55418,58700],[37,-45],[182,7]],[[55785,58526],[120,6],[122,23]],[[56607,58836],[58,-10],[100,21]],[[56908,58865],[64,4],[103,-56]],[[57678,58865],[13,24],[84,2]],[[58085,58932],[24,-7],[118,55],[95,33]],[[58425,59059],[38,-3]],[[58405,55698],[-53,67],[12,43]],[[58026,55966],[-57,33],[-60,1]],[[57570,55977],[-62,21],[-26,-86]],[[57378,55847],[1,71],[-16,53]],[[57340,56014],[15,33],[-62,51]],[[57133,56224],[-23,30]],[[54814,57005],[-31,-44],[-91,-65]],[[54624,57027],[-116,4],[-107,15]],[[54206,56853],[-37,-63],[-26,27],[-20,-8]],[[54115,56704],[-48,51],[-62,-47]],[[53957,56644],[-27,-12],[-94,-119]],[[53319,56607],[-14,12]],[[40407,15855],[10,-24],[3,-193],[-7,-34],[1,-293],[-5,-65]],[[40409,15246],[-54,-7],[-55,-3],[-22,12],[1,16],[-1,39],[-26,-3],[-10,21],[-34,22],[-3,35],[53,15],[-62,34],[55,7],[-60,35],[-44,10],[-19,9],[22,13],[-11,30],[-44,-24],[-22,13],[-22,32],[-22,-44],[1,41],[4,19],[-50,11],[-9,17],[-7,4],[-15,-8],[4,18],[-42,13]],[[39915,15623],[-2,4],[8,15],[-21,7],[59,54],[-20,11],[-21,-10],[-22,10],[-1,28],[44,28],[39,-3],[46,-33],[20,21],[-27,35],[11,18],[-6,10],[-4,13]],[[40018,15831],[-28,59]],[[39990,15890],[44,0],[61,-17],[48,-13],[53,-14],[23,36],[22,7],[25,-11],[7,4],[7,16],[38,-9],[33,-30],[3,-1],[53,-3]],[[24377,19906],[2,75],[-7,14],[1,28],[-5,58],[7,14],[47,21],[67,-7]],[[24586,20133],[93,37],[12,58],[38,18]],[[24801,20222],[72,-12],[40,40]],[[24833,20112],[-12,-2],[-41,-39],[-14,1],[-21,15],[-6,17],[-66,-17],[0,-91]],[[24673,19996],[-34,-44],[-7,-11],[-4,-17],[16,-5],[14,-19],[14,4],[-1,-17],[-14,-31],[-5,-30],[-13,-14],[-110,-15],[-14,-84],[68,-67],[28,-68],[-12,-41],[-127,188],[-65,55],[-4,14],[-22,28],[-4,84]],[[40211,19009],[-4,8],[-4,35],[-13,30],[-21,20]],[[40169,19102],[-51,0],[-31,-69]],[[40087,19033],[-33,52],[10,22],[-6,71]],[[40058,19178],[-36,-40],[-4,-56]],[[40018,19082],[-28,44],[-82,1],[-31,20],[-14,6],[-11,76],[-35,-13],[-25,-3]],[[39792,19213],[-49,-16],[5,44],[54,7],[27,31],[-3,65],[68,-24],[-38,-2]],[[39856,19318],[0,-73],[35,-7]],[[39891,19238],[53,1],[2,47],[-47,89]],[[39899,19375],[7,59],[-39,10]],[[39867,19444],[-1,-21],[-6,-17],[-2,12],[-48,45],[-2,11],[31,30],[52,18],[-22,33],[13,42],[-15,11],[-27,-4],[-20,-4],[-55,-20],[-49,16],[-31,15],[7,63],[10,2],[18,19],[67,50],[26,29],[43,-7],[-4,-61],[54,-89],[48,-4],[18,6],[13,30],[1,0]],[[39986,19649],[19,31],[52,-31],[10,-37],[-50,-34]],[[40017,19578],[-38,-17],[-39,18]],[[39940,19579],[-5,-46],[67,-30]],[[40002,19503],[10,-139],[1,-11],[13,0],[1,8],[23,22],[1,52],[36,5],[50,62]],[[40137,19502],[11,-3]],[[40148,19499],[55,6],[2,35],[19,25]],[[40224,19565],[24,-2],[22,-77],[24,-8]],[[40294,19478],[68,0],[-48,-220],[-40,-113],[-22,-73],[0,-16],[-6,-27],[-5,-7],[-1,-16],[-2,-9],[-3,-7],[-2,-2],[0,-6],[-12,12],[-10,15]],[[48750,37316],[24,48],[67,-20]],[[48891,37407],[0,-1],[-28,-25],[-68,3],[-63,36],[-37,-36],[37,-69]],[[23249,95002],[41,-35],[43,-106],[-73,-135],[78,-51],[35,31],[91,19],[-3,-57],[-119,-52],[-61,-14],[-68,-39],[-45,-3],[58,-106],[50,-38],[-7,-46],[95,-79],[64,-24],[18,-77],[51,-1],[88,-34],[12,-26],[115,-55],[34,19],[74,-7],[35,-57],[91,-41],[-50,-73],[65,-38],[95,30],[23,-36],[84,-2],[94,-76],[-31,-58],[65,-26],[5,-37],[44,-37],[85,29],[121,7],[-6,-51],[83,-19],[14,-29],[-40,-63],[95,-62],[33,21],[44,-36],[120,-64],[68,-73]],[[24957,93295],[-21,-47],[-80,-9],[-195,-151],[1,-40],[-117,-172],[-80,-26],[-56,-76],[-31,17],[-34,-137],[-37,-3],[-21,55],[-53,-9],[-27,-66],[8,-39],[-102,-165],[24,-28],[-73,-83],[1,-46],[-43,-40],[-47,30],[-33,-34],[-92,-142],[-9,-92],[-63,-87],[-5,-52],[-38,-71],[-53,-16],[-80,-56],[-48,-7],[-32,-45],[-138,-35]],[[23383,91623],[-97,42],[-84,-2],[-161,-99],[-139,-2],[-27,-74],[-40,62],[-91,-8],[-17,-64],[-53,-28],[-110,2],[-34,38]],[[22530,91490],[-39,55],[-54,-9],[-38,32],[-96,-47],[5,49],[-119,-32],[29,-59],[-43,-69],[-77,-33],[-67,16],[-7,107],[-28,30],[-105,40],[-17,166],[27,22],[19,89],[-13,51],[40,92],[-39,93],[67,99],[75,-1],[148,371],[106,99],[58,143],[-130,105],[-33,40],[-53,-17],[-23,90],[90,30],[22,50],[-15,101],[-78,209],[-167,280],[-45,93],[2,84],[95,20],[23,26],[-27,71],[36,52],[-18,33],[38,61],[-14,51],[138,135],[7,70],[85,-8],[102,107],[83,45],[94,12],[21,124],[30,-1],[62,-76],[114,54],[113,37],[31,-21],[33,77],[-7,65],[35,42],[56,12],[29,51],[52,35],[-18,52],[59,26],[65,-9]],[[24290,89246],[40,-27],[86,24]],[[24416,89243],[42,10]],[[24458,89253],[29,7],[65,-44]],[[24552,89216],[24,8]],[[24576,89224],[-36,-42],[-29,-60],[-56,-65],[42,-63],[110,-92],[5,-82],[24,-86],[90,-4],[-37,-105],[69,-24],[-3,-37],[-77,-3],[9,-72],[77,-37],[12,-73],[50,-3],[0,-55],[48,-128],[-20,-128]],[[24854,88065],[-28,-39]],[[24826,88026],[-18,-24],[26,-39],[-20,-22]],[[24814,87941],[-42,-40],[3,-51]],[[24775,87850],[-19,-46],[-51,-37],[-42,-32],[-46,-16]],[[24617,87719],[-37,20],[-38,-26]],[[24542,87713],[-38,9],[-36,-39]],[[24468,87683],[3,-150],[13,-16],[24,16],[13,4]],[[24521,87537],[0,-33],[-56,-27]],[[24465,87477],[-20,-30],[23,-74],[13,-6],[70,0],[36,15],[29,-16],[-32,-17]],[[24584,87349],[-51,-36],[-9,-41]],[[24524,87272],[14,-46]],[[24538,87226],[-22,-27],[-47,18],[-25,19],[-8,-5]],[[24436,87231],[-57,-81],[-103,71]],[[24276,87221],[-35,-11],[-37,-17],[-5,-84],[-45,-83]],[[24154,87026],[40,-51],[13,-102]],[[24207,86873],[51,15],[47,-31]],[[24305,86857],[9,-81],[-99,-45],[-2,-14],[8,-25]],[[22554,87196],[-10,63]],[[22544,87259],[16,20],[15,38],[-13,71],[-47,44],[7,16]],[[22522,87448],[-14,28],[20,88]],[[22528,87564],[-56,15]],[[22472,87579],[-26,58],[29,72]],[[22475,87709],[-32,6],[-15,-6],[-74,16],[-13,8]],[[22341,87733],[-49,51],[35,77]],[[22327,87861],[56,58],[38,7],[19,3],[64,-22],[92,28],[21,14],[38,37],[-23,59],[-54,1],[23,110],[19,19],[-22,77],[8,23],[49,74],[3,6],[36,7]],[[22694,88362],[13,18],[-61,66]],[[22646,88446],[-31,17],[73,49],[82,9],[51,45],[-126,29],[-162,40],[0,7],[76,36],[135,-70],[81,-27],[105,179],[19,23]],[[22949,88783],[54,-21],[34,-21]],[[23037,88741],[23,-19],[70,48]],[[23130,88770],[128,-49]],[[23258,88721],[40,-37],[31,7],[47,60]],[[23376,88751],[63,6]],[[23439,88757],[31,35],[93,-25]],[[23563,88767],[92,-33],[55,-8],[48,41]],[[23758,88767],[-8,63],[-92,101]],[[23658,88931],[-23,26],[27,34],[38,41],[53,-23],[-19,25],[-11,50]],[[23723,89084],[-48,-3],[-22,43]],[[23653,89124],[-62,17]],[[23591,89141],[44,8],[50,51]],[[23685,89200],[26,-6],[63,2],[82,97],[31,-8]],[[23887,89285],[55,-22],[40,7],[31,1],[6,32]],[[24019,89303],[-36,81],[5,35],[60,64],[32,8]],[[24080,89491],[46,-15],[56,-87],[13,-61],[5,-108],[11,-9],[34,16],[45,19]],[[23254,90069],[7,-40],[-24,-69],[31,-100],[140,-21],[8,-65],[-32,-197],[19,-56],[-129,-18],[-39,-76],[-6,-58],[82,-37],[12,55],[52,60],[116,-101],[44,2],[-1,-175],[57,-32]],[[23653,89124],[22,-43],[48,3]],[[23658,88931],[92,-101],[8,-63]],[[23563,88767],[-93,25],[-31,-35]],[[23376,88751],[-47,-60],[-71,30]],[[23130,88770],[-70,-48],[-23,19]],[[22949,88783],[-37,28],[-202,-26],[16,95],[-8,53],[-67,50],[-8,66],[100,80],[-90,29],[-61,59],[-110,45],[-1,29],[69,64],[11,44],[-146,78],[-73,58],[-67,75],[-26,80],[-104,70],[-102,34],[-203,17]],[[21840,89811],[-83,46],[-17,125]],[[21740,89982],[-13,110],[18,25],[144,58],[27,22]],[[21916,90197],[26,36],[127,70]],[[22069,90303],[103,25],[48,70]],[[22220,90398],[44,26],[74,-61]],[[22338,90363],[63,56],[64,-30]],[[22465,90389],[54,6],[69,-5],[74,-2],[33,-16],[75,-17],[10,-10],[15,-12],[20,-54],[78,-25]],[[22893,90254],[20,-66],[51,-4]],[[22964,90184],[14,5],[88,-64]],[[23066,90125],[12,-32],[70,8]],[[23148,90101],[26,-19],[48,-1]],[[23222,90081],[32,-12]],[[28143,90615],[14,27],[30,49]],[[28187,90691],[42,51],[72,-49]],[[28301,90693],[19,-80],[-2,-10],[-142,-70],[-9,-11],[-6,-11],[-1,-4],[76,-77],[54,4],[25,-12],[22,25],[36,-6],[8,-44]],[[28381,90397],[9,-47],[81,-27]],[[28471,90323],[-5,-79],[-30,-31]],[[28436,90213],[18,-51],[29,11],[84,-3],[60,-20],[68,-15],[29,-15],[56,12],[89,59],[25,-26],[12,-53],[2,-62],[-33,-18],[-61,-60],[102,14],[27,-31],[0,-41],[53,-47]],[[28996,89867],[-76,-93],[-60,-33]],[[28860,89741],[-7,-21],[9,-16],[19,20],[70,-47],[18,61]],[[28969,89738],[80,-11]],[[29049,89727],[26,-25]],[[29075,89702],[-20,-9],[19,-106]],[[29074,89587],[-14,-2],[-60,29],[-5,-10],[-19,-9],[-16,-43],[76,-57],[-6,-29],[-32,-32],[-13,15],[-57,-26],[-48,-8],[-16,11],[-14,0],[-51,23],[-29,-16],[4,-36],[-19,-65],[-27,-82],[1,-51],[18,-33],[14,-81],[1,-12],[-20,-48],[-2,-16],[-10,-16],[-33,-37]],[[28697,88956],[-72,-8],[-53,53]],[[28572,89001],[-38,-24],[-71,-1]],[[28463,88976],[-23,-9],[23,-37],[2,-19],[-62,-11],[-60,20],[-41,22],[-57,3],[-44,-9],[-18,17],[-28,-19],[-22,2],[19,48],[11,-1],[19,11],[16,16],[1,16],[-14,24],[-8,56],[-46,18],[52,80],[-11,41],[-12,26]],[[28160,89271],[-19,86],[-32,12]],[[28109,89369],[-4,32]],[[28105,89401],[-47,12],[-20,60]],[[28038,89473],[-29,-11],[-32,-65],[-22,2],[-58,-17]],[[27897,89382],[-130,-21],[-165,-75]],[[27602,89286],[-130,-21],[-104,-36],[-69,-3]],[[27299,89226],[5,12],[24,58],[-10,40],[-14,53]],[[27304,89389],[38,55]],[[27342,89444],[32,-25],[21,8],[20,63],[0,40],[38,26],[-6,27]],[[27447,89583],[-25,37],[50,62]],[[27472,89682],[78,35],[5,55],[48,23],[22,67],[28,-26],[92,13]],[[27745,89849],[59,53],[35,-2]],[[27839,89900],[20,-29],[62,-14]],[[27921,89857],[78,16],[71,-23]],[[28070,89850],[53,-46],[43,15]],[[28166,89819],[51,49],[18,52],[-20,77],[-47,-6],[-60,50]],[[28108,90041],[-77,-47],[-31,27]],[[28000,90021],[-26,29],[-35,47],[-22,59],[-29,59],[10,22],[66,99],[34,144],[24,89],[78,26],[43,20]],[[23815,91604],[-3,-64],[121,-41],[-11,-43],[29,-48],[54,17]],[[24005,91425],[-23,-94],[-77,-101]],[[23905,91230],[-71,-48],[-20,-38],[-104,34],[5,-84]],[[23715,91094],[75,-36],[7,-165],[-23,-46]],[[23774,90847],[-35,-31],[-91,-27]],[[23648,90789],[-61,-50],[-47,-62],[-60,-16]],[[23480,90661],[-75,-8],[-31,-89]],[[23374,90564],[6,-24],[-6,-95],[5,-46],[-60,-79],[-13,-73],[-9,4],[-43,-87],[2,-34],[8,-33]],[[23264,90097],[-42,-16]],[[23148,90101],[-70,-8],[-12,32]],[[22964,90184],[-51,4],[-20,66]],[[22465,90389],[-64,30],[-63,-56]],[[22220,90398],[-48,-70],[-103,-25]],[[21916,90197],[-27,-22],[-144,-58],[-18,-25],[13,-110]],[[21840,89811],[-48,-7],[-32,-30],[-2,-18],[7,-24],[32,-20]],[[21797,89712],[10,-11],[-76,-26],[-32,-64],[-4,-21],[-26,-38],[-12,-10]],[[21657,89542],[-21,-9],[0,-84],[-26,-6],[-25,-78]],[[21585,89365],[-54,42],[-32,-12],[-6,-64],[-6,-36],[-4,-12],[-36,0]],[[21447,89283],[-30,-25]],[[21417,89258],[-22,-23],[8,-25],[18,-36]],[[21421,89174],[-18,-56],[-36,-11],[-38,1],[-26,8],[-2,-66],[-32,-54],[-55,-23],[-41,0],[-86,-49],[-31,-7],[-68,-18],[189,-59],[152,-27],[14,-43],[-12,-37],[-61,13]],[[21270,88746],[-70,11],[-18,-39]],[[21182,88718],[1,-72],[24,-13],[9,-96],[-59,-87],[-12,-99]],[[21145,88351],[-7,-36],[-55,12]],[[21083,88327],[-74,-100],[88,-55]],[[21097,88172],[25,6],[75,31],[143,-6],[-19,-102]],[[21321,88101],[-19,-111],[-32,-80]],[[21270,87910],[130,-41],[11,-45],[64,-87],[23,-24],[24,-59],[-12,16]],[[21510,87670],[-77,47],[-22,-4],[-14,-6],[-1,-21]],[[21396,87686],[-6,-22],[-8,-16],[-7,-25],[76,-45],[-1,-40]],[[21450,87538],[50,-71],[19,-63]],[[21519,87404],[63,-13],[82,16]],[[21664,87407],[31,-66],[-13,-33]],[[21682,87308],[-100,-14]],[[21582,87294],[87,-188]],[[21669,87106],[-132,1],[-395,33],[-38,-4]],[[21104,87136],[-94,1],[-97,16],[-131,3],[-405,32],[-472,7],[-144,-3],[-35,99],[15,79],[45,136],[68,54],[154,223],[-6,59],[19,195]],[[20021,88037],[-9,136],[-20,114],[-37,49],[-45,107],[-128,172],[-75,45],[-9,85],[71,71],[34,54],[85,15],[30,83],[-15,58],[51,15],[54,-18],[35,115],[55,62],[128,78],[51,46],[54,-59],[76,28],[23,59],[-57,36],[81,68],[3,95],[44,32],[65,84],[95,13],[159,148],[122,179],[76,13],[49,32],[19,44],[-30,111],[90,21],[28,28],[-45,41],[74,92],[30,99],[53,18],[109,-25],[31,27],[-33,73],[11,49],[60,23],[42,45],[84,31],[5,53],[89,86],[84,65],[90,4],[27,40],[118,73],[-23,45],[22,84],[40,44],[13,72],[63,19],[99,-90],[116,35],[77,6],[95,66],[3,54],[36,34],[-14,71]],[[23383,91623],[121,-52],[84,-60],[22,32],[-25,61],[58,45],[91,11],[81,-56]],[[25607,95123],[-55,-29],[-54,-141],[-78,-5],[65,-146],[-78,-116],[-18,-81],[27,-55],[50,-32],[4,-127],[24,-20],[43,-96],[-28,-51],[21,-67],[-17,-92],[31,-53],[-20,-37],[-107,-12],[-4,-131],[-140,-141],[-15,-75],[-54,-79],[-2,-28]],[[25202,93509],[-27,-63],[-161,-44],[-27,-89],[-30,-18]],[[23249,95002],[31,49],[66,12],[119,-40],[132,-99],[85,39],[96,8],[63,65],[59,16],[118,76],[111,-10],[22,-45],[93,58],[29,63],[-1,53],[65,16],[45,-46],[-5,-59],[54,-15],[113,96],[40,111],[90,47],[29,61],[-2,82],[20,32],[-18,63],[99,0],[60,76],[-17,76],[29,38],[-94,75],[-20,59],[9,69],[-43,71]],[[25301,95981],[-1,-83],[16,-42]],[[25354,95873],[35,62],[30,158]],[[25419,96093],[17,33],[97,68]],[[25567,96213],[88,37],[154,21]],[[28028,92224],[67,-107],[74,-58],[17,-45],[51,-49],[-56,-43]],[[28181,91922],[-92,-56],[-120,100],[-44,-12],[-68,35],[-72,-175],[-76,-30],[31,-91],[-27,-42],[23,-64],[-41,-17],[-75,9],[-119,60],[-19,60],[-47,0],[-58,40],[-41,105],[-7,68],[-41,16],[-83,-5],[-78,50],[-34,59],[-40,-46],[-54,43],[-138,0],[-32,64],[-48,-15],[-38,35],[-65,10],[-32,-20]],[[26646,92103],[-25,58],[-67,-4],[-39,21],[43,85],[103,82],[-62,59],[-71,-18],[-43,79],[-50,-41],[-50,0],[-57,47],[-42,-15]],[[26286,92456],[-15,52],[74,32],[61,50],[-15,86],[-99,81],[-40,85],[-64,11],[-83,81],[-20,76],[-45,16],[-59,63],[20,29],[-77,100],[-7,71],[-39,57],[-70,-5],[-58,30],[-36,-36],[-49,23],[-50,-23]],[[25615,93335],[-91,24],[7,101],[-130,44],[-8,-39],[-113,9],[-78,35]],[[26286,92456],[-2,-26],[-86,-62],[-11,-61],[-72,-3],[-35,53],[-97,13],[77,-93],[-9,-24],[-118,12],[0,-46],[38,-29],[-73,-53],[16,-72],[-32,-95],[42,-32],[77,30],[14,-91],[-61,-14],[-16,-57],[35,-32],[-3,-45],[35,-38],[109,-11],[141,9],[-9,65],[40,59]],[[26286,91813],[207,-55],[97,-81],[29,-40],[54,14],[3,-87],[41,-82],[0,-46],[53,-16],[17,-114],[35,-36],[20,-80],[31,-49]],[[26873,91141],[-52,-42],[-86,42],[-58,-13],[-7,-34],[-183,13],[-135,-60],[-74,10],[-88,67],[-76,-14],[-25,-27],[-82,-20],[-114,-50],[-104,-16],[-165,-46],[-75,32],[-123,-19],[-100,4],[-55,-13],[-66,24],[-187,36],[-40,-27],[-65,23],[-123,12]],[[24790,91023],[-168,44],[-3,10]],[[24619,91077],[11,45],[-41,-3],[-10,34]],[[24579,91153],[2,39],[-42,30]],[[24539,91222],[-19,-12],[-29,17],[-70,-1],[-37,40],[-19,16],[-59,35],[-8,-3],[-40,17],[-12,16],[-32,10],[-37,23],[-38,36]],[[24139,91416],[-10,-19],[-37,-27],[-19,22],[-21,6]],[[24052,91398],[-34,28],[-13,-1]],[[23815,91604],[25,31],[82,-7],[52,25],[36,45],[164,-17],[35,8],[26,57],[60,13],[45,-42],[12,-71],[142,-26],[21,43],[-12,71],[91,58],[12,47],[73,10],[78,87],[59,16],[71,-11],[28,46],[102,-14],[16,-49],[72,52],[53,-17],[100,124],[-123,51],[17,67],[-34,46],[134,30],[35,86],[10,81],[-70,-5],[-22,31],[120,12],[12,47],[-79,44],[-54,-55],[-82,5],[-18,31],[32,46],[-51,33],[39,75],[36,-3],[26,71],[-86,132],[2,37],[51,14],[122,-33],[22,-43],[61,-42],[23,24],[-18,194],[97,14],[-28,44],[140,25],[13,70],[48,-20],[-18,143]],[[26646,92103],[35,-74],[-93,-46],[-12,113],[-103,36],[-8,-25],[64,-119],[-27,-39],[-133,-48],[-93,-66],[10,-22]],[[26873,91141],[119,-34],[29,-79],[55,21],[141,10],[106,-13],[54,-25],[111,-2],[108,26],[62,27],[103,23],[16,-29],[136,-12],[37,-51],[76,-8],[68,37]],[[28094,91032],[21,-25],[9,-118],[20,-77],[-12,-59],[11,-138]],[[28000,90021],[31,-27],[77,47]],[[28166,89819],[-43,-15],[-53,46]],[[28070,89850],[-71,23],[-78,-16]],[[27921,89857],[-62,14],[-20,29]],[[27839,89900],[-35,2],[-59,-53]],[[27472,89682],[-50,-62],[25,-37]],[[27342,89444],[-28,-19]],[[27314,89425],[-42,8],[-43,57],[-82,38],[-26,96],[-73,-15],[-12,-32],[-141,-55],[-18,-44],[-69,-27],[-31,26],[8,75],[-42,50],[-46,-18],[-53,21],[-1,39],[-49,36],[2,31],[70,31],[-6,51],[-49,56],[-95,-17],[-36,59],[-60,-28],[-28,-55],[-91,-17],[-23,43],[-50,4],[38,-109],[66,-44],[-37,-31],[-81,44],[-89,-23],[-45,-40],[-57,83],[-56,-9],[-25,45],[-60,-1],[-52,-58],[-99,-78],[-46,31],[-62,-21],[-36,30],[-118,33],[-18,-62],[29,-52],[-49,-34],[-28,65],[-47,-47],[-79,-2],[-104,21],[-82,-37],[-48,-40],[-68,-4]],[[24975,89498],[-24,62]],[[24951,89560],[2,67]],[[24953,89627],[-24,35],[-47,-14]],[[24882,89648],[-27,99]],[[24855,89747],[28,56],[-7,42]],[[24876,89845],[-29,52],[-1,64],[33,12],[23,48],[-35,49],[14,66],[10,61],[16,26],[27,125],[-37,18]],[[24897,90366],[-28,26],[-23,71]],[[24846,90463],[11,42],[-2,21],[50,26],[49,78]],[[24954,90630],[16,37],[-89,100]],[[24881,90767],[-1,17],[-19,16],[-35,42],[-2,45]],[[24824,90887],[2,77],[-36,59]],[[25738,87810],[38,-60],[44,-14]],[[25820,87736],[-21,-36],[-48,-51],[28,-58],[8,-27],[-1,-58],[20,-96],[22,-1],[2,14],[25,26],[28,-4],[16,12],[17,-22],[16,-28],[23,-5],[6,-34],[-29,-52],[-20,-6],[-85,-62],[3,-62],[-31,-111],[49,-19],[34,-24],[0,-18]],[[25882,87014],[16,-42],[109,36]],[[26007,87008],[9,30]],[[26016,87038],[87,26],[49,-56]],[[26152,87008],[68,1]],[[26220,87009],[15,-80],[-31,-54]],[[26204,86875],[8,-42]],[[26212,86833],[-22,-41],[65,-31]],[[26255,86761],[-13,-33],[3,-8],[-35,-51],[-25,-5]],[[26185,86664],[-18,-6],[-18,-20],[-32,-41],[-55,2]],[[26062,86599],[-14,-13],[-29,-201]],[[25910,86451],[-141,2],[-10,-74]],[[25759,86379],[-32,-27],[-71,10],[-103,-18],[-23,81],[-91,26]],[[25439,86451],[-64,-48],[-19,53]],[[25356,86456],[-215,127],[-30,-34],[27,-18],[2,-30],[-32,-22]],[[24682,85985],[-14,-60],[-69,-49]],[[24573,85814],[84,-55],[-5,-35]],[[24376,85600],[17,47],[-22,44]],[[24371,85691],[-37,45],[28,38],[14,24]],[[24293,85887],[-51,0],[-39,28]],[[24314,86516],[-26,23],[-1,65]],[[24287,86604],[11,62],[-64,33],[-13,-7],[-8,25],[2,14],[99,45],[-9,81]],[[24207,86873],[-13,102],[-40,51]],[[24276,87221],[103,-71],[57,81]],[[24436,87231],[8,5],[25,-19],[47,-18],[22,27]],[[24524,87272],[9,41],[51,36]],[[24465,87477],[56,27],[0,33]],[[24468,87683],[36,39],[38,-9]],[[24542,87713],[38,26],[18,-4],[19,-16]],[[24775,87850],[-3,51],[42,40]],[[24826,88026],[36,31]],[[24862,88057],[54,44],[25,-20],[18,-33],[52,-30],[105,23]],[[25116,88041],[56,9],[61,-53]],[[25233,87997],[31,-47],[15,-47]],[[25279,87903],[57,-50],[56,-15],[25,24]],[[25417,87862],[41,-27],[12,-5],[24,19],[31,20],[98,-37],[21,1],[81,17],[13,-40]],[[24790,91023],[36,-59],[-2,-77]],[[24881,90767],[89,-100],[-16,-37]],[[24846,90463],[23,-71],[28,-26]],[[24876,89845],[7,-42],[-28,-56]],[[24882,89648],[47,14],[24,-35]],[[24951,89560],[23,-113],[26,-46]],[[25000,89401],[22,-21],[-22,-37],[-51,-45],[-74,-33],[-95,-18],[-41,2],[-19,27]],[[24720,89276],[-19,45],[-49,-3]],[[24652,89318],[-71,-88],[0,-6]],[[24581,89224],[-5,0],[-24,-8]],[[24552,89216],[-65,44],[-29,-7]],[[24416,89243],[-86,-24],[-40,27]],[[24080,89491],[-32,-8],[-60,-64],[-5,-35],[36,-81]],[[24019,89303],[-6,-32],[-71,-8],[-55,22]],[[23685,89200],[-50,-51],[-44,-8]],[[23254,90069],[10,28]],[[23374,90564],[31,89],[75,8]],[[23648,90789],[91,27],[35,31]],[[23774,90847],[23,46],[-7,165],[-75,36]],[[23905,91230],[77,101],[23,94]],[[24052,91398],[40,-28],[37,27],[10,19]],[[24539,91222],[42,-30],[-2,-39]],[[24619,91077],[3,-10],[168,-44]],[[22646,88446],[61,-66],[-13,-18]],[[22327,87861],[-35,-77],[49,-51]],[[22475,87709],[-5,-20],[-24,-52],[26,-58]],[[22528,87564],[-20,-88],[14,-28]],[[22544,87259],[3,-61]],[[22531,87189],[-34,-75],[-53,-28]],[[22293,86958],[-126,26],[-83,55]],[[21955,87123],[-19,-31],[-267,14],[-87,188]],[[21682,87308],[13,33],[-31,66]],[[21664,87407],[-82,-16],[-63,13]],[[21450,87538],[1,40],[-76,45],[7,25],[8,16],[6,22]],[[21396,87686],[37,31],[77,-47]],[[21270,87910],[32,80],[19,111]],[[21097,88172],[-88,55],[74,100]],[[21145,88351],[12,99],[59,87],[-9,96],[-24,13],[-1,72]],[[21182,88718],[18,39],[70,-11]],[[21421,89174],[-18,36],[-8,25],[22,23]],[[21447,89283],[36,0],[4,12],[6,36],[6,64],[32,12],[54,-42]],[[21585,89365],[25,78],[26,6],[0,84],[21,9]],[[21797,89712],[-37,62],[32,30],[48,7]],[[28181,91922],[40,-61],[35,-18],[106,-213],[105,-81],[41,-45],[-3,-67],[27,-64],[103,-150],[50,-58],[137,-111],[-40,-64],[-117,2],[-114,-27],[-137,17],[-103,-3],[-35,-18],[-69,38],[-48,-3],[-10,58],[-55,-22]],[[30030,89833],[27,-6],[-16,-116]],[[30166,89646],[24,-56],[41,-33]],[[27380,86594],[59,86],[25,91],[-160,-50],[-40,6],[-30,46],[3,50],[-66,29],[-58,-19],[-16,75],[-82,22],[-47,37],[18,53],[-8,52],[20,48],[86,-13],[53,77],[-89,143],[109,128],[-12,25],[89,116],[84,-39],[66,142],[11,48],[-31,28],[-88,16],[-15,113],[-39,44],[-21,76],[55,64],[-10,28],[47,61],[81,-13],[53,17],[34,51],[47,-8],[56,47],[61,-32],[34,105],[52,5],[19,35],[-71,82],[-54,-17],[-38,46],[-91,-4],[-47,20],[-57,-5],[-44,-29],[-71,27],[-64,77],[-54,-1],[-42,-32],[-105,37],[-18,86],[26,36],[44,-24],[105,135],[-15,29],[75,50],[-15,47],[111,95],[-2,48],[-54,27],[3,53],[47,59]],[[27602,89286],[165,75],[130,21]],[[28038,89473],[20,-60],[47,-12]],[[28109,89369],[32,-12],[19,-86]],[[28463,88976],[71,1],[38,24]],[[28572,89001],[53,-53],[72,8]],[[29074,89587],[-19,106],[20,9]],[[29049,89727],[-15,23]],[[29034,89750],[49,52],[126,61],[28,-76],[-33,-43],[12,-96],[60,21],[47,-98],[13,-60],[83,-55],[43,17],[-3,50],[52,8],[47,-67],[113,140],[-21,33],[75,66],[18,53],[78,-11],[51,52],[-24,44]],[[29848,89841],[11,18]],[[29875,89877],[32,3],[-4,-94],[57,13]],[[29734,90709],[-25,-49]],[[29982,90306],[18,-25],[-55,-92]],[[29555,90193],[-36,4],[-60,-38]],[[29625,89893],[23,5],[171,-80]],[[29819,89818],[29,23]],[[29034,89750],[-65,-12]],[[28860,89741],[60,33],[76,93]],[[28436,90213],[30,31],[5,79]],[[28471,90323],[-81,27],[-9,47]],[[28301,90693],[-72,49],[-42,-51]],[[27314,89425],[-10,-36]],[[26117,86597],[32,41],[18,20],[18,6]],[[26255,86761],[-65,31],[22,41]],[[26204,86875],[31,54],[-15,80]],[[26152,87008],[-49,56],[-87,-26]],[[26007,87008],[-109,-36],[-16,42]],[[25820,87736],[-44,14],[-38,60]],[[25417,87862],[-25,-24],[-56,15],[-57,50]],[[25233,87997],[-61,53],[-56,-9]],[[24862,88057],[-8,8]],[[24576,89224],[5,0]],[[24652,89318],[49,3],[19,-45]],[[25000,89401],[-26,46],[1,51]],[[20329,71646],[46,-92],[90,-77],[-8,-63],[-127,-42],[-52,-40],[-85,5],[-61,-77],[-74,-46],[121,-38],[-15,-35],[-79,-60],[10,-25],[-136,-80],[-25,61],[-54,51],[-69,17]],[[19811,71105],[25,48],[-24,160],[88,110],[-27,90],[63,38],[3,102],[26,37],[69,-25],[17,56],[58,47],[56,7],[126,-118],[38,-11]],[[23506,75637],[-68,-85],[-2,-78],[-138,-38],[62,-164],[21,-163],[143,46],[85,-50],[-22,-67],[-189,6],[-3,-42],[70,4],[3,-146],[30,-39],[89,51],[44,-9],[31,-71],[105,-44],[55,-10],[1,-144],[47,-9],[-3,-88],[-31,-16],[-33,-99],[32,-44],[114,45],[66,-35],[-26,-87],[86,-73],[42,-15],[-27,-98],[86,-45]],[[24176,74030],[24,-67],[-43,-89],[8,-22],[-103,-20],[-24,-47],[11,-57],[40,-59],[-64,-42],[18,-115],[25,-24],[-25,-95],[-61,-28],[23,-53],[-9,-71],[90,-30],[60,-163],[-7,-67],[102,-72],[0,-201],[112,-10],[20,-57],[50,-9],[18,-42],[67,81],[41,133],[103,43],[114,-60],[-38,-114],[-71,-75],[1,-67],[68,-24],[59,-62],[5,-57],[30,-20],[-23,-65],[-72,-12],[-33,-95],[-3,-72],[-36,-48],[-94,9],[-98,-25],[-18,-105],[10,-51],[59,-58],[-9,-103],[165,3],[54,-60],[97,-29],[-51,-71],[-17,-107],[-55,-70]],[[24696,71409],[-58,-86],[-91,-98],[1,-67],[-53,2],[-22,-63],[-51,-7],[-82,31],[-79,64],[-113,57],[-41,0],[-39,-71],[-59,12],[-40,-39],[-77,23],[18,71],[-67,54],[-17,92],[43,45],[-19,26],[-71,-2],[-83,39],[-69,79],[95,80],[9,50],[-81,53],[-57,-40],[-39,2],[-9,54],[-143,5],[-33,44],[-107,27],[-49,-39],[-110,21],[-196,-21],[-108,44],[-12,28],[-116,69],[-33,32],[-67,10],[-174,-18],[-125,-41],[-24,34],[-71,-19],[-110,22],[-17,-42],[61,-61],[-165,-73],[25,74],[-7,55],[-34,41],[-67,19],[-54,40],[-28,-11],[-80,26],[-62,-29],[-78,47],[-83,95],[-59,-40],[-52,-5],[-99,-77],[60,-102],[-107,-62],[-40,27],[-105,-81],[-52,-18],[-113,-89],[-93,40],[-49,-22]],[[20769,71720],[-35,-16],[-75,43],[-34,-4],[-87,43]],[[20538,71786],[-8,51],[81,36],[15,54],[53,51],[9,43],[-55,46],[38,63],[-86,-9],[3,30],[144,177],[-58,45],[-12,88],[32,77],[40,-10],[8,-85],[23,-44],[81,70],[51,-23],[83,138],[91,89],[56,71],[34,7],[-37,105],[-39,16],[-9,71],[54,-20],[48,61],[47,-14],[90,58],[94,-23],[25,61],[-24,85],[14,69],[97,73],[-42,46],[-87,46],[-52,-36],[-107,-101],[-27,-13],[-92,14],[-40,20],[-21,54],[-45,42],[79,97],[95,63],[7,21],[-5,181],[-39,45],[-16,82],[7,122]],[[21136,73976],[89,32],[29,-53],[42,-2],[55,49],[-2,47],[66,38],[13,39],[185,-10],[50,61],[75,-58],[56,40],[206,244],[82,109],[39,71],[60,71],[45,-75],[40,-34],[-56,-67],[59,-61],[63,47],[128,59],[68,168],[97,139],[6,98],[-201,36],[67,84],[-1,32],[46,108],[178,-2],[54,82],[55,24],[-27,89],[3,99],[106,15],[38,59],[53,117],[-14,82],[86,202],[205,3],[31,-49],[120,1],[39,-55],[60,-26],[-32,-182],[9,-10]],[[30429,78505],[20,-62],[-3,-80],[-164,-5],[-1,-55],[33,-68],[47,-35],[9,-124],[40,38],[47,-46],[54,-16],[53,15],[-54,65],[-1,50],[162,-65],[60,-45],[-6,-30],[-94,-41],[-38,-79],[101,-79],[-8,-49],[30,-62],[-45,-45],[-33,28],[40,40],[-51,40],[-32,-52],[-71,-1],[-135,61],[-3,47],[-88,33],[-37,83],[-78,32],[21,43],[-48,16],[-64,-88],[57,-69],[57,23],[36,-24],[-59,-113],[54,-6],[128,-117],[75,-26],[41,23],[50,-47],[7,-78],[46,-11],[78,-50],[61,0],[46,44],[78,-63],[45,-56],[99,-40],[84,0],[102,32],[52,-23],[-24,-86],[-134,-48],[-49,1],[-66,-137],[-25,-93],[-77,-39],[-28,22],[-55,-61],[-83,6],[-24,-60],[72,-31],[74,-61],[-17,-41],[46,-38],[-17,-43],[-69,9],[-59,-22],[-84,-5],[-14,42],[-78,-38],[-81,74],[-32,11],[-31,-82],[9,-42]],[[30383,76606],[-53,3],[-43,-30],[-125,90],[-4,50],[32,40],[1,75],[-39,99],[-28,-31],[-62,24],[-45,-87],[-57,-14],[37,-57],[-9,-63],[-68,-35],[10,-63],[-24,-46],[52,-76],[-21,-140],[-59,12],[-39,94],[30,68],[-66,51],[-22,-82],[-100,-27],[-110,5],[-75,25],[-104,-15],[-19,-63],[-101,0],[-42,59],[12,51],[-17,60],[81,97],[-112,42],[-157,0],[-47,-9],[-31,-94],[27,-26],[-38,-42],[-59,-13],[-35,-38],[-99,-17],[-103,-134],[-72,51],[-37,156],[-82,-27],[-30,-153],[-57,-30],[-69,-79],[-76,21],[-170,7]],[[28059,76295],[-19,33],[18,213],[-9,92],[-33,98],[-41,15],[-38,-28],[-46,-97],[-68,-36],[-42,-59],[-64,-15],[-33,40],[18,43],[-17,154],[-91,1],[14,116],[-49,20],[-34,-78],[-34,0],[43,95],[-59,47],[9,49],[44,42],[13,61],[29,16],[26,115],[58,-3],[18,64],[82,131],[47,109],[38,28],[13,62],[-18,76],[21,95],[42,96],[3,55],[-26,83],[-84,44],[4,59],[-51,260],[57,24],[96,-6],[26,102],[-35,67],[12,53],[41,53],[-15,106],[-30,59],[-2,65],[51,18],[52,84],[5,54],[-43,72],[10,49],[-83,57],[-45,-52]],[[22045,64327],[74,-38],[145,10],[123,45],[153,19],[30,-64],[86,-44],[73,-23],[83,-59],[41,-44],[18,-93],[-49,-57],[-7,-63],[-49,-78],[17,-37],[-23,-68],[-163,-40],[-33,-44],[-15,-107],[9,-96],[82,-112],[90,-7],[88,-91],[-22,-73],[27,-71],[-4,-37]],[[20008,62447],[65,72],[14,46],[64,38],[39,75],[-2,95],[60,213],[11,80],[93,73],[40,132],[26,17],[98,-3],[40,27],[39,138],[-2,112],[23,58],[-51,74],[5,46],[35,56],[19,101],[55,80],[148,47],[63,36],[80,22],[141,79],[59,52],[73,29],[55,55],[72,48],[19,53],[83,28]],[[21472,64426],[56,-15],[45,19],[72,-3],[59,52],[99,16],[63,-110],[98,-45],[14,-54],[67,41]],[[29981,66433],[-156,-20],[-81,25],[-25,41],[-44,-8],[-112,-129],[-66,-23],[-29,55],[-75,62],[-61,-61],[-76,-33],[-57,29],[-50,55],[-33,79],[-53,26],[-5,105],[-98,28],[-46,54],[4,205],[-58,80],[34,272],[-128,-40],[-61,66],[-13,65],[-97,290],[-7,72]],[[28588,67728],[66,48],[97,98],[59,1],[122,-61],[49,-7],[57,48],[9,154],[-138,101],[-171,134],[-46,21],[-33,-72],[-41,59],[-21,115],[-85,90],[-80,24],[-72,-12],[-53,31],[-75,-19],[-56,-93],[-68,46],[-52,111],[-145,151],[-92,126],[-11,37],[27,99],[31,187],[40,87],[29,20],[-16,127],[13,57],[36,22],[82,11],[36,54],[38,127],[18,136],[56,164],[69,9],[70,44],[50,-34],[39,25],[93,-24],[59,-2],[29,76],[146,28],[36,53],[53,4],[32,-37],[121,7],[75,-46],[-14,113]],[[13469,73580],[86,-114],[57,9],[135,-48],[42,-80],[-20,-22],[145,-91],[55,-94],[131,-79],[47,-47],[39,51],[98,20],[111,105],[117,-71],[121,51],[55,90],[-18,60],[24,28],[137,55],[86,-6],[54,-77],[60,36],[25,-54],[69,-35],[75,10],[78,49],[130,-194],[22,6],[69,-82],[60,-35],[38,-46],[-24,-48],[29,-155],[26,-19],[-9,-79],[-54,-128],[33,-30],[-9,-52],[29,-51],[-32,-26],[-121,-42],[-16,-20],[-94,-25],[3,-107],[45,-52],[96,-34],[112,-95],[31,15],[182,-155],[-7,-39],[89,0],[101,-108],[97,39]],[[16104,71764],[50,-80],[-22,-81],[-26,-16],[-83,22],[-95,-35],[-19,-42]],[[15909,71532],[-73,27],[-32,-97],[-70,-30],[-9,-73],[107,-53],[16,-62],[-37,-10],[-95,-124],[-121,-73],[87,-112],[31,-116],[-71,-32],[-82,42],[-52,-19],[-107,12],[-27,-34],[-74,24],[-52,-21],[-48,-69],[-80,-86],[0,-39],[45,-71],[-92,-52],[-47,-47],[-34,3],[-44,-64],[-34,-19],[-90,-111],[-22,13],[-156,-83],[-19,25],[-96,-5],[-76,46],[-47,-28],[-34,-47],[-2,-115],[-52,-60],[-82,16],[-78,73],[-40,-8],[-50,26],[-98,-38],[-68,52],[-125,54],[-60,2],[-134,-40],[-53,153],[-111,61],[-81,-21],[-31,-46],[-83,-70],[-135,-168],[-101,-138],[-38,-71],[31,-44],[70,-45],[-34,-64],[-19,-75],[-111,-46],[-47,-38],[45,-45],[-72,-95],[-108,-67],[-40,-221],[-45,-80],[-73,-41],[11,-51],[-49,-69],[35,-28],[-10,-68],[-52,32],[-93,28],[-72,-21],[-36,-80],[2,-60],[-49,-33],[-80,-115],[-35,-20],[-73,98],[-103,78],[-108,-18],[-45,-26],[-96,-143],[-90,-41],[-11,103],[-36,23],[-90,-11],[-56,-23],[-166,-90],[-66,-27],[-71,6],[-157,-133],[22,-59],[-53,-79],[-55,32],[-33,-57],[78,-85],[5,-65],[-89,-109],[-126,-46],[-47,-54],[-37,37],[67,-213],[-98,-122],[-86,-64],[-74,-190]],[[10427,67185],[-88,22]],[[10115,67327],[-23,10],[-95,107],[-35,101],[-43,82],[-52,143],[-109,203],[-88,139],[-77,92],[-38,76],[-68,226],[-42,191],[-28,186],[-39,184],[-133,143],[-161,156],[-46,60],[-103,95],[-25,38],[-52,172],[-73,91],[-170,166],[20,102],[-1,116],[28,266],[-39,21],[3,244],[14,271],[-18,73],[-35,64],[-66,34],[-103,1],[-54,-13],[-124,-63],[-114,-38],[-148,-1],[-225,-24],[-89,-22],[-84,17],[-312,115],[-45,37],[-40,126],[-56,90],[-143,146],[-88,54],[-83,153]],[[6813,71757],[-158,239],[-26,216],[-22,257],[2,99],[171,246],[28,13],[118,-1],[47,-11],[75,-47],[37,-67],[103,145],[38,16],[45,-33],[72,-18],[108,9],[75,-35],[50,14],[70,105],[81,92],[60,-13],[12,-59],[114,2],[132,-18],[75,21],[96,60],[51,18],[111,5],[171,-19],[43,6],[75,50],[116,-4],[6,-73],[-16,-93],[102,-86],[31,17],[168,-30],[111,-12],[155,-35],[68,-72],[167,-211],[-4,-67],[60,-47],[29,59],[-6,45],[-82,111],[67,71],[126,65],[87,0],[89,102],[-39,106],[-95,118],[-9,84],[-56,-12],[-175,11],[37,92],[150,64],[25,41],[53,25],[96,4],[54,22],[27,45],[-34,48],[54,38],[41,-26],[126,-46],[58,24],[63,99],[101,190],[-21,56],[17,39],[113,122],[118,55],[114,21],[59,-54],[8,-49],[59,-50],[155,104],[54,44],[68,31],[39,51],[80,41],[26,62],[58,-60],[28,-99],[63,-54],[66,48],[34,70],[64,4],[137,71],[45,-23],[81,-73],[28,-94],[22,-140],[34,-59],[31,-4],[98,-68],[104,22],[110,-56],[55,-54],[13,-51],[106,-5],[82,-51],[49,125],[58,31],[146,-123],[35,-153],[85,-8],[92,70],[129,23],[58,51],[84,39],[120,25],[47,-13]],[[31487,79067],[68,-26],[30,-44],[-10,-119],[33,-73],[-50,-27],[21,-62],[76,0],[33,-20],[4,-99],[25,-107],[-108,-155],[51,-56],[32,18],[52,-31],[-68,-84],[7,-122],[27,-52],[124,-23],[55,-62],[6,-76],[75,-59],[49,-15],[-30,-56],[-19,-82],[40,-33],[17,-66],[121,-55],[32,13],[74,-24],[42,-51],[116,-96],[110,-59],[64,43],[80,1],[-9,-88],[-76,-54],[60,-47],[-8,-57],[58,-34],[54,-62]],[[32745,76966],[18,-31],[-8,-91],[51,-7],[57,-47],[-64,-93],[-82,-20],[-56,17],[-33,-24],[5,-54],[-50,-52],[17,-42],[-183,-50],[-52,-44],[-54,15],[-40,-33],[56,-42],[-14,-66],[42,-15],[69,54],[67,-11],[4,-66],[-27,-43],[138,-75],[123,-7],[78,-16],[48,98],[47,-15],[-8,-45],[75,-122],[65,0],[-1,97],[46,28],[34,-76],[-31,-95],[-75,13],[-79,-48],[-75,-7],[-37,-34],[-60,-2],[-216,-137],[-212,-58],[-125,-44],[-95,-53],[-16,-55],[-97,-30],[13,-52],[-30,-39],[75,-89],[-37,-125],[0,-59],[77,40],[47,-42],[-56,-86]],[[32084,75086],[-67,-49],[-181,-79],[-121,17]],[[31715,74975],[11,162],[-28,47],[48,104],[-32,25],[-60,-3],[-53,-52],[-76,-28],[-94,126],[-28,21],[-105,-93],[-81,-48],[-21,36],[38,71],[-68,34],[-121,31],[-69,44],[-105,132],[-20,-46],[-75,-9]],[[30776,75529],[-51,110],[-13,91],[-53,-19],[-92,78],[17,71],[-26,113],[-26,-1],[2,87],[-76,87],[81,15],[-38,80],[-69,54],[-14,42],[61,38],[-30,55],[41,30],[-73,62],[-39,14],[5,70]],[[24696,71409],[158,-23],[91,5],[43,58],[64,-49],[14,-50],[66,-27],[67,-84]],[[25199,71239],[-26,-34],[-116,-88],[47,-123],[-6,-121],[-118,-166],[-49,-18],[-11,-72],[-80,-70],[46,-120],[-27,-24],[-11,-73],[-60,-56],[-49,-24],[-18,-48],[-64,-86],[-63,49],[-84,-56],[23,-81],[53,-12],[140,-124],[60,-139],[90,-24],[28,-30],[136,-97],[78,-27],[56,-125],[-19,-51],[20,-143],[-12,-17],[-2,-114],[-21,-57],[-88,-43],[-45,-93],[116,-115],[22,-82],[26,-8],[-9,-90]],[[25162,68637],[-206,-23],[-111,-20],[-28,25]],[[24276,68668],[-11,75],[35,55],[5,77],[-71,31],[-194,36],[22,42],[-61,21],[-112,0],[-46,-28],[-127,36],[-89,3],[-3,-30],[-118,-54],[-22,17],[-18,110],[-66,15],[-49,-59],[-45,71],[-87,-13],[42,60],[17,75],[-66,24],[-71,-27],[-72,-92],[-39,-27],[-142,30],[6,43],[-41,37],[-5,86],[-25,30],[-100,20],[6,-92],[-25,-37],[-50,26],[-20,83],[-63,-26],[-31,-72],[-47,-13],[-79,22],[-48,-60],[-107,-89],[-77,23],[-71,-16],[-21,-44],[-102,40],[50,40],[-15,34],[29,49],[-61,19],[-75,-1],[-8,81],[-53,13],[-131,-148],[-38,39],[-42,1],[-72,92],[-135,-47],[41,-32],[-27,-103],[-55,17],[-53,-73],[-9,-63],[-66,12],[-104,-104],[-44,17],[-38,-134],[-46,-7]],[[21036,68779],[-90,15],[-32,-17],[-27,-61],[-96,44],[-2,105],[-23,92],[-58,56],[-106,11],[-49,29],[-36,-17],[-103,57],[-73,-9],[58,121],[91,24],[11,74],[62,139],[-33,24],[-52,-49],[-102,36],[-65,-32],[-33,89],[-47,45],[2,42],[53,70],[116,-3],[25,59],[-172,55],[-36,75],[1,63],[-38,25],[1,47],[65,-9],[79,69],[61,-4],[14,37],[-59,17],[22,49],[-26,37],[-126,-27],[-21,21],[52,66],[65,14],[-54,53],[36,96],[69,-37],[102,58],[14,40],[-43,31],[-31,55],[25,71],[-95,47],[33,40],[61,11],[23,41],[50,-8],[40,70],[2,97],[33,44],[-69,36],[-45,59],[-60,15],[36,101],[39,45],[218,51],[119,36],[-18,101],[56,30],[-28,93],[58,26],[-78,56],[-79,-26],[39,70],[7,60]],[[20501,83325],[3,-153],[30,-11],[30,-79],[-34,-106],[-94,-81],[-86,-127],[99,-33],[75,40],[61,8],[86,-69]],[[20671,82714],[6,-49],[-55,-28],[-18,-71],[96,-1],[88,-97],[-64,-16],[-264,-105],[-60,-39],[2,-71],[24,-36],[14,-80],[49,-82],[2,-31],[-114,-174],[-51,-52],[19,-118],[-15,-83],[-5,-112],[39,-62],[-13,-50],[-71,-8],[-54,-56],[-6,-85],[28,-29],[30,-86],[51,-35],[4,-34],[-94,-8],[-121,-30],[-17,11],[-169,-78],[-103,-32],[-173,56],[-87,89],[-56,-1],[-39,-101],[-157,-51],[-57,-51],[-37,-59],[1,-73],[-57,-107],[-7,-159],[-68,-97],[-80,-49],[-119,-32],[-26,-25],[92,-170],[43,10],[61,-31],[16,-196],[-55,-49],[-47,-124],[6,-108],[30,-60],[39,58],[83,60],[72,14],[-4,-54],[89,-77],[35,-2],[81,-79],[13,-94],[68,-71],[-2,-59],[39,-60],[49,-126],[-38,-75],[-3,-124],[43,-70],[6,-72],[-27,-21],[26,-152],[41,-83],[11,-90],[-34,-59],[31,-78],[-21,-75]],[[19610,78110],[-49,-11],[-95,-116],[-113,-28],[-86,98],[-37,24],[-101,-55],[-73,-11],[-83,122],[-57,34],[-30,-8],[-63,-67],[-64,-32],[48,-80],[-43,-46],[3,-47],[-72,-33],[-81,32],[-82,7],[-49,-59],[-22,-78],[13,-49],[-58,-41],[-3,-144],[73,-76],[-109,-55],[33,-102],[-188,-89],[-192,-133],[-66,-53],[-51,-84],[-3,-64],[47,-28],[-76,-62],[-62,8],[-38,81],[-132,128],[-17,72],[-54,40],[15,71],[-89,83],[-99,-81],[-18,-100],[-39,-3],[-118,66]],[[17230,77141],[-39,97],[-18,125],[-5,136],[-85,67],[-87,-5],[-183,13],[-103,-38],[-87,-63],[-136,77],[-9,141],[-21,21],[-130,-122],[-22,43],[-3,90],[-121,-28],[78,127],[-60,0],[-119,-42],[-17,97],[-1,111],[42,-1],[34,47],[9,81],[-51,92],[-214,-63],[17,-104],[-43,-47],[-132,114],[-1,41],[-35,89],[-75,61],[-69,-111],[-16,-122],[-37,-38],[-58,104],[-68,41],[-17,71],[-53,62],[-119,-2],[-33,46],[-64,-32],[-138,-100],[-114,26],[-66,-18],[-41,-91],[-104,-71],[-25,24],[-56,-24],[-56,-57],[-23,-142],[-84,75],[-35,13],[-89,-59],[-77,-121],[-42,-31],[-62,40],[18,70],[-7,77],[96,20],[43,52],[14,62],[-42,22]],[[14189,78084],[-72,33],[66,38],[73,120],[68,129],[68,217],[-46,4],[-103,55],[-81,-36],[-86,-95],[-87,-60],[-21,65],[-95,71],[-157,66],[-105,-3],[-29,-20],[-48,62],[-5,54],[39,49],[46,-3],[129,118],[-3,118],[-40,125],[40,58],[-32,48],[-161,92],[-73,99],[-159,95],[-134,-24],[-43,-60],[-117,-53],[-89,43],[-34,75],[-48,67]],[[12850,79631],[18,46],[36,214],[1,83],[63,277],[42,67],[81,96],[104,156],[80,74],[371,289],[104,125],[98,80],[84,157],[323,995],[84,128],[203,244],[62,53],[152,57],[254,133],[110,74],[126,67],[192,124]],[[15438,83170],[87,-148],[66,-59],[103,-142],[45,-28],[41,-74],[63,65],[92,-69],[116,-19],[249,-115],[66,-43],[63,-19],[80,42],[148,-91],[37,-6],[84,110],[178,74],[101,17],[117,64],[34,40],[-2,87],[159,134],[58,-13],[-86,128],[105,172],[104,47],[77,-7],[-2,50],[36,67],[61,-2],[42,69],[88,63],[147,16],[94,-25],[42,-43],[95,4],[111,72],[74,-22],[44,-43],[125,54],[47,-45],[113,117],[72,36],[112,-70],[95,11],[21,53],[81,-42],[60,8],[41,-71],[33,40],[70,127],[43,-40],[53,-1],[9,-68],[-14,-59],[40,-55],[59,-36],[13,-59],[40,9],[35,-66],[-20,-52],[105,12],[115,60],[3,16],[200,57],[-33,-114],[55,-158],[114,63],[62,49],[-20,100],[6,99],[23,78],[78,-35],[74,-127],[-20,-97],[65,-21],[91,29]],[[27595,71404],[-39,-62],[41,-64],[79,-44],[36,-41],[85,-35],[87,-18],[70,-83],[51,27],[42,52],[46,-30],[19,-58],[56,-43],[4,-48],[-79,-40],[-19,-103],[20,-42],[-38,-91],[8,-91],[-61,-127],[-148,-44],[-80,-57],[-48,49],[-35,-18],[-4,-109],[-29,-94],[-66,-101],[-63,-22],[52,-51],[-4,-44],[-47,-39],[65,-37],[7,-48],[-23,-44],[-74,30],[-62,-57],[-78,66],[-56,12],[-32,-79],[-55,-32],[-36,12],[-48,-33],[-1,-60],[31,-80],[-42,-52],[-139,-87],[-110,133],[-125,-77],[-37,-78],[-58,7],[-193,-36],[24,50],[-30,32],[-47,-3],[-72,39],[-11,-83],[15,-44],[-57,-104],[-46,-47],[-100,-70],[49,-93],[-81,-64],[13,-36],[95,-10],[6,-41],[-42,-55],[-15,-52],[-128,-112],[-35,-45],[-89,-29],[-30,-36],[-130,-63]],[[25754,68527],[-34,79],[-87,23],[-109,-18],[-217,5],[-145,21]],[[25199,71239],[44,61],[42,-13],[76,20],[39,41],[37,-124],[75,-61],[31,-5],[60,47],[35,-26],[15,-65],[93,-30],[43,70],[-12,50],[79,79],[24,48],[116,66],[22,-34],[56,27],[102,-29],[50,22],[-1,140],[28,15],[14,93],[121,-23],[18,-69],[85,22],[-13,115],[49,60],[89,5],[13,48],[55,17],[11,-45],[42,-40],[-13,-119],[145,6],[40,74],[-6,108],[104,2],[88,63],[28,-50],[51,-22],[89,-11],[-7,-96],[-17,-53],[45,-51],[121,14],[32,-22],[10,-63],[90,-13],[48,-30],[10,-54]],[[22045,64327],[-47,231],[-59,99],[-17,55],[34,28],[113,34],[0,132],[44,45],[8,50],[-40,93],[56,22],[-3,73],[22,62],[-11,92],[-78,67],[-102,116],[-76,31],[-13,114],[-30,72],[-45,-23],[-132,122],[-16,128],[-176,-22],[-41,161],[3,73],[-100,-3],[36,85],[75,10],[-8,83],[-88,88],[-52,-43],[-48,39],[16,98],[52,46],[45,83],[-73,11],[-31,-71],[-40,-9],[-69,65],[-72,-57],[7,-41],[-48,-15],[-3,-37],[-52,-33],[-92,49],[11,75],[39,46],[66,37],[36,95],[54,1],[17,75],[-35,32],[21,115],[-61,9],[-53,68],[-72,-30],[1,79],[94,0],[-4,100],[-53,27],[-47,-49],[-9,-67],[-45,1],[-7,48],[25,47],[-24,55],[-114,32],[-57,31],[53,33],[7,78],[-74,57],[-38,-16],[-73,46],[-1,79],[-42,78],[29,49],[-16,65],[72,129],[-58,29],[-12,44],[91,-12],[32,91]],[[20647,68107],[58,59],[4,53],[81,52],[3,57],[40,27],[12,65],[-15,34],[96,62],[51,4],[99,-17],[91,23],[68,54],[9,75],[-73,43],[-86,73],[-49,8]],[[25754,68527],[7,-20],[104,-61],[3,-48],[33,-64],[121,-105],[94,-55],[112,-97],[92,-31],[119,-4],[-26,-164],[-21,-35],[-27,-133],[-39,-65]],[[25902,81749],[-14,-31],[-100,3],[-80,-16],[-39,-223],[-42,-45],[46,-36],[33,-68],[-144,7],[-7,-115],[-40,3],[-143,-34],[-34,-111],[-106,4],[-56,-11],[-48,94],[-103,-9],[4,-73],[-44,-17],[-82,3],[-166,109],[-17,108],[-51,55],[-81,57],[-44,90],[-89,38],[-66,-16],[2,-75],[-40,-27],[-8,-78],[29,-30],[-39,-34],[-90,-38],[-87,-5],[-31,107],[-93,-23],[-7,-28],[77,-55],[45,-155],[-44,-29],[18,-69],[-38,-30],[10,-47],[-84,-25],[-82,-71],[-80,-7],[-95,-42],[-21,-50],[18,-52],[-65,-49],[-3,-55]],[[23681,80548],[-52,-22],[-24,31],[-145,-22],[-61,-29],[-32,28],[-73,8],[-87,-19],[-85,-175],[-132,-115],[-95,8],[-45,-45],[-5,-102],[71,-73],[-17,-103],[-24,-11],[-13,-82],[-108,-69],[69,-120],[138,-66],[34,-69],[-6,-34],[-98,-54],[-58,10],[-158,-37],[18,-51],[-49,-32],[39,-45],[92,-4],[44,-82],[58,18],[72,-139],[-61,-56],[-134,-75],[-68,-2],[-45,-115],[-3,-61],[87,-3],[-13,-103],[-61,-50],[-140,-13],[-33,-21]],[[22478,78552],[-98,-52],[-84,-19],[-52,49],[-23,56],[65,60],[-51,51],[-90,-62],[-87,-87],[-72,-11],[-46,42],[-104,-34],[-14,72],[-94,-22],[-30,39],[-47,8],[-112,-20],[-28,43],[-102,-58],[-98,-12],[-32,-24],[-3,-56],[-84,-37],[14,-52],[-85,-23],[-44,-68],[-64,-30],[1,-147],[-58,-94],[-7,-44],[-113,-76],[-33,-40],[-12,-56],[47,-20],[-12,-77],[6,-116],[-80,-4],[-95,-46],[-44,66],[29,47],[-44,75],[-59,6],[-45,52],[-86,10],[-52,101],[-51,55],[-77,53],[-68,-50],[3,-30],[-82,-5],[-48,-24],[-80,26],[-168,-63],[-57,36],[-37,97],[-81,73]],[[20671,82714],[36,62],[84,57],[152,5],[91,-47],[42,11],[158,125],[104,54],[95,101],[132,39],[68,-199],[92,-37],[85,-7],[119,28],[66,-26],[122,32],[78,-60],[111,7],[14,83],[197,4],[39,24],[124,41],[44,-27],[10,-72],[47,-15],[107,36],[-3,73],[-103,93],[5,77],[66,84],[68,42],[93,10],[83,37],[128,-35],[49,-68],[21,-73],[59,-14],[39,44],[177,36],[20,49],[113,33],[16,-32],[14,-132],[-54,-56],[-9,-105],[81,11],[112,33],[62,40],[161,-1],[40,-64],[47,-38],[61,82],[100,-35],[100,99],[-23,164],[116,16],[54,-31],[29,29],[13,62],[33,24],[-59,92],[85,27],[63,-27],[70,-53],[0,-66],[-69,-33],[-18,-80],[82,-23],[55,14],[21,87],[71,18],[14,93],[58,67],[10,52],[65,-22],[52,-79],[-24,-35],[95,-103]],[[30776,75529],[-115,-57],[-124,-106],[-30,-67],[-38,54],[-145,250],[-86,108],[-100,70],[-256,130],[-68,-23],[-22,-86],[-71,-91],[-40,-27],[21,-88],[-82,-59],[-144,-67],[-129,-96],[-15,-28],[-79,-54],[-67,-75],[-52,-25],[-56,23],[-31,-27],[-85,-12],[-47,25],[-85,-67],[-73,-93],[-103,-181],[15,-68],[-56,-89]],[[28613,74703],[-89,-137],[-37,-81],[-32,-109],[29,-54],[50,2],[52,43],[60,-24],[9,-80],[52,-41],[7,-49],[-48,-92],[-37,1],[-69,-133],[-75,-94],[-5,-75],[-26,-65],[-44,42],[-178,84],[-2,99],[-65,66],[-103,-4],[-32,-25],[-116,-22],[-14,84],[-58,-3],[-68,49],[-102,38]],[[27672,74123],[-69,109]],[[27603,74232],[11,108],[19,73],[-6,48],[47,101],[30,15],[0,90],[-48,50],[-24,56],[-9,104],[-28,23],[18,56],[40,23],[68,-76],[31,59],[58,48],[-51,99],[-47,11],[46,61],[6,65],[55,61],[132,0],[21,108],[-45,50],[25,101],[-83,-46],[-139,-1],[-46,66],[17,53],[51,20],[-14,59],[9,189],[36,71],[35,24],[24,77],[43,49],[67,8],[14,37],[78,45],[15,78]],[[31800,73677],[-47,56],[-12,58],[-59,-1],[30,68],[-59,65],[-69,30],[-97,-13],[-70,-28],[-33,37],[-10,105],[-33,62],[-7,61],[-40,119],[99,81],[41,-8],[81,39],[59,56],[173,68],[66,85],[57,39],[-21,25],[-119,12],[2,70],[59,22],[-75,113],[-1,77]],[[32084,75086],[111,27],[45,49],[-42,78],[28,79],[30,147],[55,-10],[-6,-65],[30,-22],[153,9],[25,28],[126,10],[57,46],[112,36],[50,66],[153,28],[16,44],[-33,37],[45,75],[86,15],[57,41],[82,-59],[57,24],[108,-34],[121,-53],[65,-60],[67,93],[67,-5],[46,-49],[72,48],[43,-56],[58,50],[76,-10],[28,-68],[-16,-31],[62,-28],[31,38],[-7,116],[63,2],[91,-53],[56,30],[-26,72],[60,-6],[8,103],[85,8],[177,-39],[61,-26],[27,53],[58,-76],[99,-7],[-6,-58],[-40,-59],[-63,-25],[-11,-42],[-76,-20],[-1,-82],[33,-27],[-15,-46]],[[17957,64073],[128,-28],[42,67],[55,49],[90,10],[40,29],[15,82],[30,11],[53,117],[69,105],[105,21],[77,88],[76,21],[78,-23],[106,-49],[62,12],[25,-39],[89,73],[144,-56],[50,18],[82,-35],[22,30],[70,-4],[19,-37],[81,-7],[88,9],[29,63],[61,51],[118,63],[101,-29],[100,8],[89,-35],[163,47],[109,-47],[54,32],[33,51],[83,13],[12,90],[93,-16],[-1,-52],[53,-112],[105,-56],[74,-170],[83,63],[84,36],[-9,59],[31,24],[72,10],[82,-90],[30,7],[111,-17],[59,-104]],[[21104,87136],[70,-235],[27,-153],[30,-72],[16,-87],[-18,-83],[-90,-107],[-42,-65],[-19,-109],[-56,-185],[-39,-9],[-203,36],[-123,32],[-114,10],[-4,-34],[85,-167],[-50,-21],[-100,-1],[-103,18],[-162,84],[-101,35],[-48,-60],[-47,-161],[-3,-99],[11,-120],[56,-156],[86,-76],[67,-101],[105,-202],[131,-203],[26,-61],[71,-108],[134,-177],[168,-188],[-35,-37],[-99,23],[-103,-2],[-20,-99],[90,5],[7,-37],[-52,-35],[97,-41],[-11,-72],[-86,-53],[-99,-6],[-55,-46],[44,-156],[14,-106],[26,-97],[25,-41],[-19,-105],[-88,-81]],[[15438,83170],[235,135],[104,50],[648,269],[53,37],[35,88],[160,353],[123,153],[149,170],[203,361],[34,77],[84,148],[70,147],[38,51],[67,140],[172,292],[51,179],[40,108],[50,198],[98,310],[64,253],[25,63],[67,275],[21,44],[74,43],[418,167],[98,45],[172,63],[146,33],[193,60],[155,35],[139,49],[151,147],[159,113],[139,109],[119,67],[29,35]],[[21669,87106],[267,-14]],[[27603,74232],[-32,41],[-79,12],[-54,25],[-49,-45],[-49,-1],[-42,-59],[-102,11],[-93,-26],[-25,-44],[-120,39],[-38,-72],[-90,39],[-10,44],[-159,26],[-12,27],[-102,-4],[-67,-30],[-66,28],[-59,48],[24,35],[-29,37],[-84,-25],[35,-65],[-81,-52],[38,-76],[-3,-93],[-75,7],[-3,-61],[-34,-13],[-30,61],[-60,-78],[-100,33],[2,20],[-109,18],[7,-38],[-38,-42],[-91,-12],[-97,31],[-53,-5],[7,100],[-80,50],[-89,-87],[-73,60],[-69,6],[-116,47],[-54,-44],[-162,1],[-61,16],[-71,58],[-73,212],[-122,2],[-31,20],[-62,-61],[-47,-24],[-2,-43],[-61,-33],[-109,-21],[-32,-54],[16,-79],[-46,14],[-61,-83]],[[23506,75637],[56,-7],[74,25],[-3,189],[97,-16],[212,-17],[60,-17],[157,4],[0,108],[-21,31],[153,14],[1,126],[69,35],[65,0],[56,67],[-62,61],[-63,18],[-7,104],[101,21],[139,11],[69,-7],[102,15],[37,-28],[61,6],[-7,85],[-58,-4],[-30,32],[2,84],[-80,26],[-8,46]],[[24678,76649],[3,130],[41,75],[63,-4],[37,48],[118,19],[-9,88],[20,107],[47,36],[73,-16],[8,50],[73,-14],[14,-31],[67,1],[105,95],[7,57],[75,54],[145,-8],[16,-53],[-14,-60],[23,-20],[117,32],[51,96],[110,-9],[23,56],[-6,49],[93,23],[113,-10],[51,131],[120,-7],[12,-66],[56,-14],[59,90],[67,-57],[54,41],[71,-47],[59,40],[-45,67],[50,114],[36,37],[84,-6],[119,79],[109,7],[0,48],[-56,47],[-105,-24],[34,125],[13,131],[-23,39],[47,62],[-46,38],[-16,74],[77,10],[-28,52],[81,65],[40,179],[33,43],[118,64],[24,75],[51,76],[36,-3],[48,116],[42,41],[15,66],[-34,61]],[[14189,78084],[-112,-59],[-21,-134],[13,-39],[-89,17],[-43,-10],[-28,-53],[-94,-50],[-62,52],[-42,147],[-1,65],[-69,53],[-36,2],[-33,49],[81,76],[-60,39],[-90,7],[-124,81],[-171,-171],[-117,-73],[-123,35],[-87,-112],[-9,-99],[-19,-39],[-52,-31],[-153,-23],[-81,-139],[2,-39],[43,-117],[-25,-209],[31,-57],[-122,-155],[-17,-120],[31,-18],[79,10],[85,-65],[136,-60],[108,-33],[3,-105],[37,-34],[98,32],[6,-104],[37,-57],[112,-36],[265,-49],[37,-44],[-29,-105],[-67,-101],[-12,-53],[-40,-56],[-5,-88],[25,-108],[-35,-124],[123,-83],[98,-99],[-6,-95],[-49,-47],[40,-72],[-55,-83],[-100,-18],[-30,-53],[53,-11],[5,-97],[87,-112],[-64,-44],[-100,-163],[92,-109],[-16,-30],[84,-55],[44,-87],[-246,-382],[99,-83],[10,-28],[81,-97],[-30,-159],[8,-174],[-9,-19]],[[6813,71757],[-164,240],[-36,76],[-17,78],[-1,119],[-36,230],[7,59],[40,88],[177,259],[49,106],[46,190],[-26,121],[6,112],[40,160],[3,96],[-11,218],[27,201],[-19,102],[-37,138],[-61,66],[-150,80],[-141,36],[-143,-2],[-369,-60],[-135,-6],[-83,7],[-139,35],[-71,29],[-79,52],[-174,150],[-393,175],[-117,57],[-181,77],[-51,47],[-83,217],[6,64],[54,289],[9,161],[33,277],[84,197],[96,259],[75,149],[275,276],[113,98],[90,64],[304,244],[172,162],[158,213],[99,160],[277,203],[29,51],[93,247],[195,494],[171,252],[84,81],[91,112],[256,169],[74,59],[117,139],[102,94],[230,50],[162,46],[106,7],[71,-12],[112,-48],[125,-118],[215,-217],[39,-61],[3,-167],[19,-115],[38,-74],[168,-290],[69,-94],[212,-49],[226,-22],[79,9],[155,71],[285,141],[126,42],[58,32],[300,132],[121,46],[223,66],[374,76],[100,14],[419,-2],[194,19],[61,-8],[187,3],[138,51],[234,103],[322,118],[131,58]],[[16474,69440],[-56,-7],[-19,47],[-94,-31],[-90,44],[-130,109],[-31,-39],[-26,-82],[-25,3],[-85,-150],[9,-90],[-106,-106],[-44,-135],[-100,-79],[-19,-103],[-36,-8],[-15,-111],[-46,1],[-59,-28],[-10,-48],[-57,-49],[-17,-54],[-182,-223],[-38,-25],[-137,-18],[-34,18],[-50,-45],[-15,-84],[12,-75],[-73,-39],[34,-77],[23,-118],[-28,-42],[18,-155],[-54,-58],[-78,15],[-60,-10],[-96,7],[-45,77],[-97,-49],[-160,-225],[-46,-112],[-4,-85],[60,-51],[19,-40]],[[10463,67172],[-36,13]],[[15909,71532],[76,-34],[42,-71],[123,-69],[82,-17],[-7,-41],[69,-18],[12,-60],[-10,-89],[92,-46],[19,-59],[50,-73],[-3,-32],[141,-56],[25,-76],[61,-20],[116,-61],[54,-75],[23,-6],[7,-196],[19,-35],[83,-27],[32,-87],[-134,-82],[39,-33],[-68,-140],[-93,-89],[-54,-31],[-2,-58],[-42,-21],[-76,90],[-56,4],[-60,-59],[129,-95],[30,-89],[46,-71],[-16,-118],[-84,-49],[-100,-3]],[[26791,66813],[10,40],[99,-25],[24,65],[140,11],[103,-18],[67,64],[49,-20],[55,22],[-57,175],[12,196],[121,77],[38,-10],[130,-146],[126,-114],[15,36],[-36,61],[2,55],[61,70],[-13,110],[25,178],[52,66],[24,70],[3,136],[90,-6],[16,61],[52,-11],[-24,-113],[63,-22],[30,36],[-7,73],[79,12],[61,46],[33,64],[85,7],[48,-36],[71,-88],[65,19],[35,-40],[55,-7],[-5,-179]],[[26802,79542],[-80,-51],[-36,-1],[-112,-99],[-209,-115],[-34,-43],[-87,-50],[-101,-123],[-52,-106],[-48,-62],[26,-43],[-78,-139],[-26,-128],[-67,3],[-39,79],[23,67],[-96,11],[-60,-50],[-68,21],[-81,-13],[-29,-26],[-41,34],[-70,7],[-49,-58],[-138,-36],[-24,27],[-47,-107],[-71,-28],[-24,-44],[-56,1],[-35,46],[-49,6],[-56,-56],[-11,147],[-85,68],[-76,-19],[-19,44],[-115,33],[-86,181],[88,23],[8,100],[-17,72],[-85,8],[-72,-29],[7,120],[-49,132],[-62,12],[-33,109],[-25,2],[1,174],[-72,3],[-57,107],[9,49],[-44,99],[-64,-2],[-39,78],[-56,69],[4,42],[48,39],[-17,98],[55,30],[0,56],[-136,92],[-95,-1],[-20,29],[83,51],[3,37],[-131,3],[-47,26]],[[17230,77141],[-35,-137],[4,-25],[-76,-62],[52,-56],[33,-80],[37,-204],[-51,-89],[16,-39],[68,-65],[54,-137],[-118,-119],[-17,-122],[-85,-45],[-46,-56],[-3,-45],[31,-36],[112,-56],[76,2],[12,-91],[36,-87],[42,1],[35,-51],[102,-19],[148,2],[25,37],[119,-64],[47,2],[38,42],[120,3],[54,53],[125,12],[24,-41],[45,-8],[116,52],[71,-22],[63,-84],[198,19],[64,-74],[86,-16],[4,-122],[79,4],[26,-106],[51,-89],[-19,-15],[-75,-157],[33,-83],[46,-36],[-42,-67],[-4,-47],[61,-6],[54,-89],[1,-53],[30,-22],[-25,-53],[92,-137],[2,-48],[117,6],[84,-69],[50,-67],[74,-14],[76,-76],[12,-30],[55,-19],[11,-81],[47,-57]],[[19692,73903],[-27,-50],[-67,-37],[-13,-86],[33,-32],[-82,-26],[-48,-73],[-6,-123],[-25,-22],[30,-90],[-22,-87],[-53,-63],[-6,-41],[50,-110],[-64,-162],[84,-139],[10,-53],[-25,-48],[-141,-7],[-34,-16],[-30,67],[-78,-11],[-98,-169],[-33,-5],[-124,59],[10,180],[-85,78],[-79,-65],[-65,-15],[-35,-38],[-187,-48],[31,-97],[-7,-51],[-66,22],[-37,67],[-28,-18],[-87,10],[-38,73],[-86,94],[-84,0],[-12,121],[-91,-22],[-39,-78],[-84,-69],[15,-67],[47,-91],[-30,-43],[-70,-34],[-9,-46],[-38,-31],[17,-55],[-159,88],[-2,33],[-84,48],[-32,76],[-53,-42],[-64,10],[-101,-84],[30,-80],[-74,1],[-62,33],[-54,4],[-47,-47],[-205,-70],[-18,-45],[-12,-122],[-63,-60],[-108,5],[-28,-46],[-62,-22],[-9,-57],[-47,-69],[-85,2],[-74,-34],[-151,-12],[-8,36],[-83,-34],[-27,-104]],[[29970,72418],[-79,117],[-73,21],[-42,96],[-83,42],[-95,147],[-62,23],[-14,41],[-66,49],[-48,-5],[-36,-47],[-67,58],[-42,9],[-197,111],[-31,34],[20,58],[70,77],[-38,48],[121,145],[34,70],[9,88],[79,31],[46,-3],[43,75],[-12,75],[112,79],[50,16],[40,48],[40,-2],[66,32],[36,49],[-26,31],[35,52],[95,53],[77,-25],[58,68],[121,81],[60,12],[0,69],[46,51],[94,-80],[66,37],[-6,78],[-98,17],[24,67],[66,1],[48,56],[-19,55],[-32,11],[-41,117],[-119,-79],[-69,-36],[-274,-199],[-192,-108],[-108,-45],[-94,-73],[-78,85],[-28,98],[-34,26],[-105,23],[-66,67],[-99,2],[-89,57],[-167,54],[-30,28],[-154,52]],[[27595,71404],[32,51],[26,94],[-9,47],[61,26],[40,84],[47,-14],[35,-51],[25,-76],[64,-38],[69,42],[58,-18],[24,-61],[43,54],[55,38]],[[28165,71582],[44,-133],[103,-132],[59,41],[61,16],[47,42],[93,12],[91,68],[82,113],[-26,61],[61,40],[63,-18],[78,8],[109,-21]],[[22478,78552],[18,-42],[52,-16],[32,-87],[-34,-43],[19,-92],[76,56],[45,-84],[50,21],[21,-86],[-156,-113],[24,-137],[25,-32],[72,32],[13,-57],[55,22],[96,-35],[16,-122],[147,11],[40,-9],[55,-144],[-74,-77],[-23,-48],[100,-25],[18,-101],[-42,-39],[43,-90],[63,7],[4,65],[72,21],[69,2],[26,39],[183,10],[33,-7],[98,38],[32,76],[92,31],[107,-11],[47,-22],[-8,-121],[74,-74],[106,-31],[-28,-133],[-77,11],[-101,-123],[-64,-27],[-61,-92],[129,1],[56,-33],[-25,-101],[57,-55],[71,-8],[81,-99],[63,-1],[42,-27],[222,0],[32,-38],[65,23],[52,113]],[[21136,73976],[-42,28],[-43,-11],[-97,29],[-45,-45],[-118,-46],[3,-44],[-59,-16],[-61,13],[-83,43],[-34,75],[-83,-37],[16,-111],[-64,-4],[-54,27],[-62,-16],[-37,-37],[-42,52],[-143,-6],[-53,37],[-49,-45],[-125,16],[-34,17],[-51,-17],[-84,25]],[[20538,71786],[-62,-73],[-67,0],[-80,-67]],[[19811,71105],[-14,-40],[-80,-40],[-50,-49],[-19,-92],[-97,-149],[8,-42],[-57,-125],[-32,-117],[-97,-108],[-34,-94],[-58,-101],[-13,-99],[-52,-83],[-87,-1],[-35,-83],[-101,-52],[-33,-58],[-123,-105],[-41,-62],[36,-106],[-36,-19],[-36,-186],[-45,-50],[-54,-20],[-20,-58],[-50,-23],[-180,-140],[-33,-70]],[[18378,68933],[-50,-13],[-49,-55],[-133,1],[-47,-18],[-62,-70],[-25,-81],[-46,-60],[-60,-19],[-32,-52],[-2,-77],[-50,-47],[57,-62],[-49,-119],[-14,-76],[-41,-5],[-29,-71],[-58,-51],[-66,9],[-19,-76],[-92,-101],[-4,-93],[-24,-45],[-105,-24],[-193,-111]],[[17185,67617],[62,88],[-8,139],[-61,93],[-63,8],[-24,-23],[-55,23],[-21,48],[-85,-2],[-91,107],[-58,6],[-70,127],[14,73],[68,84],[22,90],[33,65],[103,72],[105,50],[81,104],[9,100],[-7,66],[-47,-4],[-80,66],[-134,126],[-41,12],[-13,-81],[31,-137],[-90,-56],[-78,44],[-16,44],[7,117],[-57,-18],[-94,10],[-26,88],[32,61],[0,48],[55,-6],[14,91],[-37,17],[-73,-14],[-22,46],[4,51]],[[20647,68107],[-89,-12],[-80,-73],[-26,-4],[-96,58],[-11,70],[-48,26],[-83,-33],[-72,81],[-24,-36],[-84,-15],[-21,-96],[3,-67],[-67,-18],[-32,94],[-37,56],[-75,-61],[-66,59],[-99,61],[-42,3],[-124,-146],[36,-70],[47,-34],[-30,-77],[-43,-2],[-71,-77],[-23,-66],[25,-21],[-21,-59],[106,-35],[-59,-27],[-79,-82],[-72,49],[-21,-28],[44,-69],[52,-29],[-63,-147],[-117,70],[37,144],[-32,46],[-63,29],[-133,-137],[-51,0],[-3,80],[15,108],[-11,99],[-87,19],[-4,111],[-65,159],[-103,20],[-52,185],[-61,-7],[-25,21],[-51,192],[-54,32],[73,95],[-10,31],[-90,28],[-51,-55],[-46,75],[67,107],[38,94],[-13,62],[-32,45]],[[28165,71582],[-7,62],[-63,-17],[-19,48],[-72,-37],[-109,94],[-76,50],[3,115],[-14,72],[38,17],[67,-12],[-4,83],[30,117],[-35,77],[12,121],[-42,23],[-20,-54],[-54,-13],[-93,12],[-26,-83],[-68,4],[-58,-89],[-95,109],[-67,21],[-24,-46],[-78,25],[23,68],[83,99],[47,13],[7,49],[-72,1],[-15,48],[30,98],[-25,69],[-82,62],[-44,-55],[-90,-20],[-123,20],[19,97],[-15,67],[33,12],[5,53],[-23,58],[-64,10],[9,59],[29,36],[133,9],[-3,111],[57,-1],[45,-28],[152,-19],[68,60],[-26,71],[111,128],[-60,138],[55,58],[-42,33],[50,113],[32,155],[-57,39],[32,65],[30,-1],[72,67]],[[17185,67617],[-16,-20],[3,-127],[-10,-116],[-26,-46],[-48,-20],[-57,-87],[-55,-40],[-4,-94],[-90,-154],[-42,-86],[-61,-62],[-71,-139],[10,-44]],[[71127,76578],[-10,24]],[[71117,76602],[-11,56],[-34,33]],[[71072,76691],[-60,23]],[[71012,76714],[-38,-13],[-48,-54]],[[70926,76647],[-60,18],[-81,78],[-72,13],[-15,-1]],[[70698,76755],[-121,-9],[-104,-41]],[[70473,76705],[-28,2]],[[70445,76707],[-76,26],[-44,64],[12,106],[-48,61],[-55,14],[-62,41],[-15,75],[41,128],[98,50],[19,52],[-23,38],[15,97]],[[70307,77459],[18,1]],[[70325,77460],[97,59],[34,6],[51,-8],[133,2],[30,7],[31,-21],[131,-8],[40,12],[91,31],[87,6]],[[71050,77546],[64,56],[44,10],[77,-17]],[[71235,77595],[67,6]],[[71302,77601],[32,25],[17,-5],[35,-20]],[[71386,77601],[47,-8],[112,-133],[63,30],[37,-70],[41,-14],[37,-105],[113,-38],[-45,-77],[4,-48],[-39,-68],[-93,-60],[-129,15],[-118,-58],[-2,-101],[-38,-70],[-17,-75],[-91,-38],[8,-52],[-98,-78],[-51,25]],[[71386,77601],[-52,25],[-32,-25]],[[71235,77595],[-77,17],[-44,-10],[-64,-56]],[[70325,77460],[-72,26]],[[70253,77486],[-58,11],[-73,60],[-21,32]],[[70101,77589],[-25,21],[-18,77]],[[70058,77687],[6,28],[-31,63],[-5,46],[-104,82],[-38,48],[-31,42],[-72,23]],[[69783,78019],[-55,-2],[-98,-31]],[[69630,77986],[-32,-22]],[[69598,77964],[-64,49],[-76,34],[-33,83],[-77,91],[-160,71],[-143,52]],[[69045,78344],[20,117],[86,75],[35,94],[-23,44],[25,57],[10,88],[70,23],[11,104],[54,60],[-42,75],[8,55],[48,46],[-17,61],[-63,11],[-102,75],[-74,19],[-13,51],[-43,64],[10,51],[42,47],[-17,48],[52,47],[120,-71],[73,6],[30,77],[102,-3],[38,-65],[98,37],[29,35],[84,8],[40,37],[75,31],[90,1],[86,-39],[46,21],[85,93],[122,43],[70,95],[67,15],[111,-46],[66,108],[7,73],[71,3],[144,67],[-31,90],[48,13],[40,-39],[17,-61],[100,-114],[66,19],[227,-22],[108,-84],[59,-76],[103,-58],[41,-91],[-16,-221],[78,-26],[39,-85],[35,-27],[3,-212],[-28,-43],[-60,-35],[4,-72],[-16,-77],[8,-72],[27,-76],[-43,-81],[-38,-24],[23,-40],[3,-118],[-84,-98],[-43,-4],[-15,-145],[-63,-66],[-6,-35],[-64,-43],[28,-103],[46,-33],[-18,-121],[0,-154],[40,-32],[29,-74],[-37,-41]],[[70445,76707],[-1,-12],[40,-78],[-36,-15],[-11,-10],[-38,-44]],[[70399,76548],[-42,-40],[-49,-9]],[[70308,76499],[-51,-34],[-6,-34]],[[70251,76431],[-36,-57],[-28,-16]],[[70187,76358],[-50,-14],[-73,34]],[[70064,76378],[-81,29],[-82,0]],[[69901,76407],[-80,46],[-59,-22],[-11,44],[-56,45],[-16,-2],[-75,11]],[[69604,76529],[14,76],[12,12]],[[69630,76617],[36,73],[30,16]],[[69696,76706],[35,29]],[[69731,76735],[31,7],[20,26],[-9,16],[0,9],[-10,13],[-20,60],[-54,21]],[[69689,76887],[-15,41],[2,90],[-89,77]],[[69587,77095],[43,50],[18,8],[52,33],[-1,37]],[[69699,77223],[-48,42],[12,28]],[[69663,77293],[67,44],[29,71],[9,15]],[[69768,77423],[96,35],[-2,79],[-34,56],[-146,10],[-75,-44]],[[69607,77559],[-17,3],[-16,52],[-28,158],[-2,105],[18,52]],[[69562,77929],[68,57]],[[69630,77986],[98,31],[55,2]],[[70058,77687],[18,-77],[25,-21]],[[70253,77486],[54,-27]],[[69607,77559],[75,44],[146,-10],[34,-56],[2,-79],[-96,-35]],[[69663,77293],[-12,-28],[48,-42]],[[69587,77095],[89,-77],[-2,-90],[15,-41]],[[69689,76887],[54,-21],[20,-60],[10,-13],[0,-9],[9,-16],[-19,-10],[-1,-16],[-31,-7]],[[69696,76706],[-30,-16],[-36,-73]],[[69604,76529],[-25,-3],[-107,-37],[-64,19],[-27,37],[-63,4],[-41,-4],[-16,-2],[-72,-76],[-21,-10],[-54,19],[-46,26],[-107,47],[-33,48],[1,60],[-35,35],[-20,60],[26,40],[-58,49],[-88,27],[-55,-9]],[[68699,76859],[17,63],[40,53],[3,136],[73,144],[48,43],[-31,74],[-55,58],[31,157],[97,72],[-76,133],[-44,42],[9,86],[52,40],[-3,104],[82,185],[73,51],[30,44]],[[69598,77964],[-36,-35]],[[38996,16452],[-98,-120],[-63,-140],[-64,-67],[-111,-49],[-171,-128],[-65,-4],[-68,-95],[-125,-105],[-60,-65],[-57,11],[-86,-29],[-121,2],[-130,-63],[-83,6],[-46,-44],[-47,-87],[-76,-19],[-95,24]],[[37430,15480],[-27,116],[-69,50],[-47,56],[-44,1],[-49,37],[47,41],[87,-13],[28,38],[-6,53],[87,64],[10,31],[-11,155]],[[37436,16109],[6,11]],[[37442,16120],[30,20],[48,66],[77,11],[49,76],[-14,89],[-12,14],[-8,29],[9,10],[45,81],[1,43],[12,20],[-1,24]],[[37678,16603],[-38,0],[1,60]],[[37641,16663],[11,6],[41,-8],[49,13],[8,52],[33,41],[8,45],[40,50],[-2,34],[-16,16],[-17,44],[34,38]],[[37830,16994],[68,1],[10,62]],[[37908,17057],[-61,4],[14,36]],[[37861,17097],[3,49],[62,9]],[[37926,17155],[33,57],[-25,37]],[[37934,17249],[38,30],[23,34]],[[37995,17313],[38,-14],[170,67],[28,-7],[10,-69],[45,18],[25,46],[61,-33],[69,3],[-20,67],[6,51],[68,23],[111,-10],[82,13],[57,-39],[20,-37],[9,-167],[22,-14],[47,41],[80,-20],[2,-88],[77,-27],[54,-48],[42,9],[35,-46],[19,-174],[-29,-35],[61,-82],[-29,-86],[-80,-113],[-53,-15],[-26,-75]],[[41956,23933],[16,-34],[-16,-76],[23,-14],[-77,-139],[-10,-118],[-58,-266]],[[41834,23286],[-78,24],[-23,31],[-82,-65],[-60,47],[31,101],[-49,38],[3,50],[-48,0]],[[41528,23512],[-16,71],[37,133],[-1,81],[34,81],[75,13],[64,-8],[-2,52],[115,-8],[43,13],[79,-7]],[[31931,14502],[-104,-112],[-64,-222],[31,-42],[93,-10],[-15,-90],[-61,-14],[6,-170],[-110,-13],[-33,32],[-65,-17],[8,-60],[-22,-47],[-20,-120],[-1,-128],[73,-7],[-30,-107],[7,-58],[34,-23],[38,-103],[-26,-57],[-60,6],[-57,-68],[-42,26],[-28,-80]],[[29481,16815],[-18,59],[40,10],[71,-49],[121,62],[-7,83],[23,16],[57,-40],[34,54],[151,-19],[44,21],[23,52],[-39,123],[141,98],[38,-20],[19,-44],[192,131]],[[30371,17352],[35,7],[71,-43],[72,-22],[35,14],[33,75],[46,35],[72,-7],[-2,-64],[73,38],[4,38],[61,13],[11,-106],[51,0],[3,-51],[42,-107],[68,-30],[22,-52],[50,-3],[-14,98],[67,-21],[9,30],[91,33],[-16,-49],[72,-56],[88,-18],[47,58],[42,-19],[-27,-48],[3,-100],[71,-26],[-32,-40],[45,-33],[76,-28],[53,120],[-47,84],[107,25],[-9,-46],[47,-57],[42,-122],[-56,-104],[31,-65],[84,-47],[-19,-124],[-21,-37],[15,-71],[-63,-10],[-15,-27],[69,-27],[72,27],[75,-1],[45,-22],[5,-101],[41,-13],[36,-122],[2,-51],[77,0],[19,-78],[-10,-39],[-41,-33],[0,-52],[-44,-74],[-5,-66],[-60,-34],[-39,-3],[-61,-49],[-52,-16],[31,-53],[-63,-31],[-104,-4],[13,-88],[-161,-43],[-41,-34],[-76,-5],[-29,-31],[1,-137],[-41,-41],[-5,-36],[75,-53],[15,-97],[41,-12],[21,-87],[-7,-43],[14,-92],[107,5],[34,-75],[6,-73],[114,0],[13,-59],[55,-42]],[[40018,19082],[4,56],[36,40]],[[40087,19033],[31,69],[51,0]],[[40211,19009],[10,-15],[12,-12],[-22,-152],[-39,-172],[-20,-47],[-55,-333],[-14,-139],[6,-120],[50,-166],[22,-27],[28,-92],[68,-118],[23,-96]],[[40280,17520],[-50,-41],[-20,-51],[-17,-102],[-50,-43],[-42,23],[-29,17],[-40,-37],[7,-77],[-92,-7],[-48,-28],[-78,-78],[-96,-62],[-45,-8],[-46,-74],[18,-82],[0,-42],[-57,-15],[-36,33],[-32,-17],[-22,-94],[-26,-28],[-153,-62],[-109,-75]],[[39217,16570],[-76,-24],[-145,-94]],[[37995,17313],[-40,14],[-42,9]],[[37913,17336],[-74,49],[-58,17]],[[37781,17402],[-91,-16],[-32,16]],[[37658,17402],[-58,2],[-42,-11]],[[37558,17393],[-32,-20],[-64,12]],[[37462,17385],[-77,30],[-34,-20],[-64,9],[-22,17],[-40,45],[-76,117],[-24,19],[-43,76],[-54,41]],[[37028,17719],[-49,76]],[[36979,17795],[101,-10],[28,76],[36,158],[75,19],[161,4],[53,19],[40,58],[-1,48],[102,-25],[26,-46],[43,39],[15,51],[-5,75],[57,1],[51,-62],[45,0],[34,-53],[55,-42],[47,34],[107,-43],[53,95],[43,37],[-5,49],[97,22],[49,40],[63,-19],[63,8],[26,-51],[46,-5],[10,37],[54,27],[27,38],[91,-2],[-7,41],[75,30],[162,-48],[53,-8],[-10,99],[-21,29],[1,87],[84,65],[14,37],[-5,75],[-45,-24],[-52,20],[29,153],[143,-3],[-22,52],[14,31],[-83,60],[-24,36],[15,58],[71,-6],[135,-50],[41,2],[142,-67],[67,10],[110,-72],[59,-82],[37,-9],[51,41],[75,13],[43,117],[-1,61],[-25,93]],[[35373,22006],[-5,-87],[44,-125],[-20,-157],[19,-57],[-11,-94],[57,-91],[59,-46],[14,-77],[-64,-123],[80,-46],[24,24],[81,-15],[10,65],[49,-18],[31,20],[100,-30],[87,-42],[15,-46],[61,-61],[72,-23],[14,-51],[-56,-54],[47,-109],[-35,-85],[9,-32],[117,10],[39,-29]],[[36211,20627],[1,-72],[59,-35],[1,-79],[-38,-45],[-50,28],[-35,-105],[52,-54],[-46,-69],[-2,-61],[57,3],[50,-57],[-10,-39],[83,17],[13,24],[170,77],[23,-32],[-73,-128],[-24,-110],[-48,-133],[-25,-144],[66,-32]],[[36435,19581],[-22,-74],[4,-54],[-24,-45],[65,-69],[-62,-94],[-63,29],[-100,-37],[-14,-35],[-48,11],[-50,-68]],[[36121,19145],[-64,-67],[-43,-102],[-72,-14],[-114,-54],[-66,35],[-73,-5],[-37,22],[-49,-6],[-80,43],[-42,50],[-26,82],[11,35],[-71,28],[-46,-21],[-77,-173],[-90,-118],[-91,-77],[-53,27],[57,61],[72,144],[18,98],[40,63],[-5,41],[-42,69],[-44,-51],[-50,13],[15,65],[-35,53],[-72,-42],[-22,-53],[-41,-26],[-10,124],[-21,25],[-58,3],[-41,111],[-31,39],[-215,-46],[-94,0],[-162,-56],[-99,-56],[-31,9],[-87,-26],[-27,-49],[-75,-17],[-115,-66],[-47,19],[-189,9],[-43,28],[-92,22],[-49,-36],[-19,-40],[-129,58],[-163,12],[-83,96],[-156,10],[-59,37]],[[34627,14200],[-20,-20],[-71,-148],[65,-20],[60,-92],[56,-35],[38,20],[69,-37],[144,-36],[63,-40],[-29,-112],[-62,-28],[-32,-52],[6,-65],[82,-73],[45,-9],[68,-84],[-13,-97]],[[35096,13272],[-21,-59],[11,-148],[-9,-71],[-28,-47],[-72,-66],[-118,-77],[-23,-56],[76,14],[10,-59],[-12,-68],[-27,-1],[-9,-78],[-31,-36],[-6,-53],[-67,-25],[-84,-13],[-129,64],[-63,70],[11,111],[-48,129],[-28,30],[-69,24],[-49,-19],[-119,-4],[-3,-15],[-144,3],[-39,-74],[-66,-2],[-39,-62],[-49,-42],[-76,34],[-14,-74],[-40,-52],[6,-77],[-66,-12],[-49,-52],[-36,10],[-64,-47],[-35,53],[-41,8],[-108,-32],[-73,-9],[-70,-54],[-62,21],[-76,-79],[-66,-45],[-42,-7]],[[32940,12228],[-5,219],[-35,27],[4,63],[-39,38],[-49,14],[-5,105],[61,1],[17,-33],[72,-27],[24,40],[-4,81],[-75,110],[30,61],[-23,28],[-39,-67],[-74,-1],[-40,-25],[-77,64],[-85,22],[-34,-49],[-115,-72],[-2,44],[-58,31],[-16,-52],[-69,-48],[-47,-50],[-44,4],[-38,-55],[-52,-5],[-33,-63],[-56,20],[-40,-9],[-90,47],[-11,42],[-46,18],[-38,-58],[-40,-26],[-35,40],[-64,-55],[-44,23],[-19,-50],[-72,37],[-72,-71],[-54,18]],[[31931,14502],[52,23],[51,-10],[27,43],[92,33],[68,-26],[30,-65],[-2,-72],[80,-2],[38,25],[17,85],[82,86],[45,93],[39,-28],[150,-27],[55,22],[30,154],[84,56],[46,2],[22,-85],[4,-77],[-28,-44],[-1,-63],[60,-86],[38,-22],[90,75],[-12,51],[54,57],[73,21],[70,-20]],[[33285,14701],[26,7],[-6,-118],[55,-67],[62,27],[83,-31],[41,72],[41,-22],[114,7],[79,-35],[93,4],[-21,71],[1,59],[61,-11],[56,16],[20,202],[-46,2],[-8,49],[-158,1],[-67,-25],[-5,64],[30,52],[81,-21],[111,9],[17,38],[62,3],[55,25],[116,-52],[18,32],[88,-39],[-3,83],[32,68],[92,-8],[57,9],[32,98],[50,10],[46,-55],[-47,-65],[-15,-96],[-47,-122],[-7,-155],[-20,-76],[-4,-117],[62,-9],[-13,-62],[18,-71],[-95,-53],[-17,-99],[128,-73],[63,9],[31,-36]],[[32834,19475],[20,-100],[-5,-77],[16,-104],[-76,2],[-11,-113],[-37,-92],[56,-31],[12,33],[144,-53],[2,-41],[39,-15],[-44,-105],[-60,-179],[23,-104],[-29,-112],[3,-52],[39,-54],[53,30],[54,53],[55,21],[52,104],[16,-36],[-26,-117],[-35,-52],[-44,-112],[1,-55],[25,-87],[-61,-88],[-12,-46],[26,-66],[-110,-119],[-19,-78]],[[32901,17630],[-33,-65],[-12,-82],[73,-106],[60,-71],[60,-28],[45,-54],[27,-76],[57,-60],[12,-35],[97,-151],[117,-29],[69,-48],[32,-124],[-32,-112],[73,-93],[-4,-141],[22,-141],[46,-40],[103,-15]],[[33713,16159],[-49,-86],[-32,1],[-33,-53],[-114,-34],[-55,41],[-17,42],[-49,0],[-21,64],[-158,-1],[4,-85],[36,-27],[-41,-135],[-102,-74],[10,-43],[57,-31],[-30,-123],[-1,-85],[39,-42],[2,-67],[24,-14],[45,39],[21,-54],[62,-30],[46,-77],[32,-8],[70,54],[33,-28],[0,-66],[19,-55],[-25,-36],[28,-38],[55,-22],[-2,-32],[-70,7],[-119,36],[-121,77],[-27,-61],[-58,2],[-27,-89],[54,-37],[96,4],[43,-24],[-13,-71],[12,-62],[-55,-79],[3,-56]],[[30371,17352],[69,65],[-18,40],[19,102],[54,-24],[43,7],[7,65],[-71,104],[11,114],[49,22],[-12,109],[-111,48],[-7,29],[-113,45],[-108,1],[-67,-22],[-45,24],[-62,-7],[-42,29]],[[41834,23286],[-45,-354],[-9,-202],[25,-103],[-146,-453],[-36,-93],[-10,-69],[-46,-141],[-47,19],[15,62],[-34,25],[-15,-80],[78,-31],[-65,-193],[-29,-202],[-46,-97],[-97,-150],[-159,-198],[-90,42],[-16,-42],[-77,-45],[6,-54],[58,43],[48,-50],[-114,-187],[-12,-42],[-98,-49],[-9,-25],[-126,-92],[-1,-1],[-2,-1]],[[40735,20523],[-51,34],[-66,16],[-34,-48],[-42,-18],[-116,58],[-29,69],[-67,60],[0,40],[-61,81],[-75,60],[-15,37]],[[40179,20912],[-55,14],[-38,-28]],[[40086,20898],[-40,-20],[-28,-10],[-85,21],[-35,22],[-56,-21],[-19,-23],[-38,-30],[-53,14],[-64,54],[-8,33]],[[39660,20938],[-15,9]],[[39645,20947],[6,53],[58,21],[1,66],[85,60],[29,-1],[32,56],[2,49],[39,36],[64,-31],[9,98],[40,5],[-10,104],[-45,38],[63,42],[16,53],[-72,80],[-65,36],[15,62],[-49,22],[64,62],[-117,48],[-74,-31],[-86,67],[4,57],[-45,23],[9,50],[42,87],[124,-1],[78,30],[133,68],[-28,23],[7,61],[-64,48],[73,13],[17,40],[-61,48],[-59,9],[-2,68],[-30,-1],[-83,57],[-20,-50],[-81,-15],[-35,45],[19,83],[-17,33],[-179,66],[-19,27],[-77,33]],[[39356,22844],[26,25],[-28,65],[46,97],[169,48],[61,37],[78,28],[-4,70],[68,29],[36,43],[153,66],[89,95],[86,44]],[[40136,23491],[45,17],[72,-100],[16,-139],[92,-31],[7,-18],[145,-15],[74,115],[-54,42],[40,57],[57,-47],[32,8],[18,53],[-67,28],[-66,2],[-25,73],[21,62],[62,-11],[-2,-40],[86,-15],[87,52],[27,-40],[43,-20],[23,77],[-62,51],[27,98],[88,60],[4,90],[55,-5],[170,46],[115,-39],[47,-92],[-12,-60],[6,-119],[20,-35],[62,-36],[-1,-41],[140,-7]],[[31403,6823],[58,-42],[180,-62],[52,-38],[30,-1],[51,-88],[28,9],[12,8],[122,-36],[60,-36],[18,-39],[5,-20]],[[32019,6478],[-6,-52],[54,-23]],[[32067,6403],[32,-45],[-26,-104],[34,-105],[62,-75],[54,21],[107,6],[-9,-108],[13,-41],[-23,-45],[-4,-50],[58,-81],[49,-79],[-27,-10],[28,-22],[-5,-23],[37,-61],[-44,-14],[-52,-9],[13,-75],[-19,-53],[30,-60],[-48,-64],[42,-66],[111,-11],[44,-46]],[[32524,5183],[-55,-55],[2,-110],[-26,-47],[-56,1],[-248,54],[-56,6],[-132,36],[-208,72],[-154,21],[-33,79],[-74,52],[-95,35],[-60,48],[-51,63],[-109,66],[-80,98],[-244,194]],[[34529,15945],[-3,-40],[108,-155],[71,-6],[92,30],[112,1],[71,-20],[103,-9],[185,22],[153,-67],[55,-59],[121,-87],[-29,-85],[31,-15],[38,41],[151,-58],[56,-5],[97,-95],[-21,-65],[55,-15],[-36,-79],[-78,14],[-30,-74],[84,-63],[-20,-32],[11,-113],[-49,-55],[-93,-52],[-28,1],[-15,-61],[-138,44],[-55,-55],[-88,12],[-18,-61],[-39,-13],[-50,32],[5,41],[-88,125],[-107,-17],[-21,-55],[-35,12],[-46,-27],[-80,2],[-5,100],[-33,58],[-66,-487],[-27,-34],[16,-95],[-53,-85],[-79,-31],[-87,-10]],[[33713,16159],[64,-10],[124,93],[47,13],[94,-7],[101,-65],[69,11],[67,-8],[36,-23],[80,-85],[54,-32],[80,-101]],[[35257,13306],[25,-150],[56,23],[68,-27],[-2,-43],[-94,-40],[8,-77],[49,-49],[-57,-131],[13,-49],[51,-21],[-38,-83],[80,-24],[24,14],[63,-59],[62,-3],[-3,-39],[-40,-27],[0,-69],[-22,-82],[-78,-30],[11,-58],[48,-15],[55,-83],[-23,-108],[9,-53],[-221,-56],[-58,37],[-17,-47],[2,-65],[-58,21],[-56,-11],[-72,-46],[-18,-89],[13,-64],[-17,-64],[-48,-16],[-35,31],[-123,13],[39,-59],[-18,-85],[-68,45],[26,46],[-82,23],[-69,39],[-82,-30],[-46,32],[-39,-8],[-6,-85],[-47,19],[-45,-46],[22,-44],[-5,-70],[25,-8],[63,61],[52,6],[70,-82],[-56,-135],[-22,44],[2,57],[-96,31],[8,-84]],[[34440,11334],[-24,-55],[-38,3],[-63,58],[-65,-31],[47,-38],[-9,-44],[-58,16],[-75,-68],[60,-133],[28,-113],[-36,-59],[-61,1],[3,40],[-72,22],[-89,-139],[-41,36],[-97,-69],[-38,56],[-36,11],[-98,-7],[-82,-81],[-36,65],[-152,32],[-13,-56],[-127,25],[-107,-6],[-34,77],[-3,72],[-138,50],[-101,-3],[-92,-58],[-55,40],[-32,68],[-47,4],[-67,-32],[-61,-67],[-24,-52],[-80,-33],[-66,-43],[-1,52],[-83,-80],[-13,-98],[-59,-90],[-2,-43],[-71,-52]],[[32132,10512],[-49,61],[78,103],[3,27],[63,85],[-2,49],[72,42],[37,58],[33,106],[81,163],[107,108],[25,65],[38,49],[22,58],[-22,57],[15,96],[49,35],[44,68],[28,104],[31,-13],[49,72],[-20,77],[28,53],[36,-4],[17,169],[45,28]],[[35096,13272],[106,-27],[55,61]],[[40409,15246],[-1,-199],[7,-147],[3,-257],[9,-248],[12,-139],[21,-503],[20,-180],[43,-234],[-59,-74],[-109,-41],[-137,-9],[-179,7],[21,36],[101,29],[-55,33],[-9,46],[-107,-8],[-31,29],[-119,25],[-51,-23],[-122,-4]],[[39667,13385],[40,125],[0,340],[84,92]],[[39791,13942],[100,75],[61,116]],[[39952,14133],[0,205],[-37,2],[-56,36],[-19,55],[26,39],[-24,19],[13,25],[83,16],[73,64],[-61,34],[63,36],[-9,43],[57,4],[-30,98],[6,102],[35,28],[15,69],[-54,12],[-6,37],[48,32],[17,-39],[59,27],[69,92],[-129,31],[12,53],[-92,-11],[-5,-51],[-41,-27],[-45,16],[1,61],[-105,13],[-40,-12],[-19,-47],[-73,85],[31,158],[92,149],[108,36]],[[40280,17520],[53,-242],[33,-24],[-8,-124],[10,-122],[35,-186],[21,-184],[12,-167],[-8,-258],[-5,-351],[-16,-7]],[[39990,15890],[-1,-14]],[[39989,15876],[-43,-6],[-109,69],[-82,9],[-126,-30],[-40,-84],[-82,-20],[-38,-32],[-24,37],[-108,-28],[-21,-30],[-70,-5],[-60,14]],[[39186,15770],[-9,70],[37,37],[80,-3],[-37,49],[-3,61],[-53,1],[-13,56],[76,101],[52,45],[-37,27],[16,79],[55,103],[41,39],[-98,50],[-26,72],[-50,13]],[[35631,17416],[-20,-64],[-34,-6],[-50,-129],[-15,-85],[49,-63],[-35,-39],[-19,-87],[-39,-39],[1,-39],[-35,-70],[-30,-103],[-41,-57],[-96,-32],[-14,-43],[16,-138],[-114,-13],[-21,-90],[-60,-50],[42,-63],[85,-69],[-10,-64],[-32,3],[-20,-82],[-55,21],[-17,99],[-94,50],[-75,26],[-36,-35],[-56,89],[-64,9],[23,-103],[-56,-8],[-58,31],[-27,-39],[-45,21],[-62,-89],[67,-15],[45,16],[-7,-84],[-93,-38]],[[32901,17630],[47,18],[101,-83],[69,29],[37,112],[42,-9],[46,-51],[-29,-54],[64,-11],[5,38],[81,33],[15,-47],[-43,-29],[90,-54],[-6,-38],[93,-42],[19,42],[50,-19],[65,57],[2,76],[48,31],[47,-5],[29,43],[81,-12],[18,128],[-7,60],[23,40],[71,-22],[56,25],[136,-59],[66,100],[64,19],[29,35],[58,-61],[43,15],[91,-20],[30,37],[119,16],[17,42],[132,-34],[74,18],[22,70],[111,37],[13,-89],[69,-23],[-19,-55],[27,-40],[47,21],[0,36],[79,108],[53,-5],[13,36],[108,14],[70,28],[47,-1],[-7,-120],[38,-19],[-24,-68],[62,-86],[-30,-81],[-77,-1],[-26,-33],[-21,-74],[57,-58],[10,-43],[-6,-152],[83,27],[58,-7]],[[37462,17385],[64,-12],[32,20]],[[37658,17402],[32,-16],[91,16]],[[37781,17402],[58,-17],[74,-49]],[[37934,17249],[25,-37],[-33,-57]],[[37926,17155],[-62,-9],[-3,-49]],[[37908,17057],[-10,-62],[-68,-1]],[[37641,16663],[-1,-60],[38,0]],[[37442,16120],[-31,35]],[[37411,16155],[-35,24],[-14,0]],[[37362,16179],[-8,42],[-65,29]],[[37289,16250],[-48,0],[-88,-16],[-43,29],[-88,16],[-17,-3],[-41,-56],[-39,15],[-56,-22],[-43,-28],[-13,6],[-69,6],[8,93],[-32,39],[-20,-2],[-48,7],[-12,-12],[-4,15]],[[36636,16337],[-53,18],[-36,-19]],[[36547,16336],[-50,-34],[5,-78]],[[36502,16224],[8,-46],[-72,-5],[-7,-80]],[[36431,16093],[-32,45],[-27,26],[-21,79],[-27,81],[-9,54],[-14,28],[-12,43],[-16,66],[-41,24],[46,53],[56,31],[39,-1],[43,73],[-12,81],[9,16],[9,53],[16,15],[35,36],[57,52],[11,5]],[[36541,16953],[-38,50],[-8,91]],[[36495,17094],[-12,11],[-82,6],[-78,-12]],[[36323,17099],[-31,22],[-58,-17]],[[36234,17104],[-23,39],[-59,-12],[29,31],[20,24],[23,28],[7,15],[53,47],[45,49]],[[36329,17325],[-63,-18],[-35,11]],[[36231,17318],[-7,64],[-22,37]],[[36202,17419],[1,57],[81,20],[45,27]],[[36329,17523],[42,80]],[[36371,17603],[56,0],[93,-39]],[[36520,17564],[49,-37],[46,-69],[7,-31],[46,-64],[13,-18],[30,-7],[38,82],[9,21],[14,73],[6,25],[-74,44],[5,95],[41,27],[5,86]],[[36755,17791],[84,5],[8,34]],[[36847,17830],[25,20]],[[36872,17850],[48,-2],[31,-18],[18,-25]],[[36969,17805],[59,-86]],[[36957,14792],[128,-132],[103,56],[68,-86],[45,6],[-1,52],[46,16],[22,134],[34,15],[33,-91],[37,-29],[-7,-61],[82,8],[76,-31],[24,-121],[115,-54],[82,43],[61,-113],[-7,-66],[72,5],[66,-45],[30,-55],[-28,-20],[10,-57],[-58,-36],[-35,3],[-61,-70],[-8,-55],[46,-90],[66,10],[67,-68],[-60,-3],[5,-44],[-58,0],[-33,47],[-62,-123],[47,-54],[32,-47],[-24,-39],[-7,-39],[10,-13],[-2,-23],[4,-75],[-19,-18],[-44,-55],[-33,-83],[-1,-78],[36,-51],[-15,-77],[-39,-3],[2,-55],[98,-2],[-5,-65],[129,-5],[-24,-66],[-37,18],[-38,-30],[23,-60],[-25,-53],[105,-23],[73,-3],[50,-80],[104,27]],[[38257,12685],[12,-11],[-24,-114],[36,-93],[53,-27],[0,-66],[34,-31],[-68,-60],[-173,-214],[-129,-133],[-5,-45],[-90,-99],[-31,-76],[19,-34],[-18,-49],[-79,-77]],[[37794,11556],[-54,41],[-104,-20],[-81,35],[-17,54],[-64,106],[-23,3],[-56,84],[-32,74]],[[37363,11933],[38,32],[-2,73],[44,36],[-130,52],[-38,43],[-33,-3],[-87,55],[-3,91],[52,48],[-32,48],[52,63],[43,23],[29,-49],[54,25],[-34,52],[-15,70],[-78,-54],[-74,31],[-65,56],[-8,85],[-37,-16],[-44,22],[-21,-39],[-107,-68],[2,47],[-50,4],[-5,47],[-49,69],[22,101],[-44,57],[-86,-25],[-63,-43],[1,-108],[-127,-18],[-10,32],[-70,22],[-56,-101],[-69,28],[-23,90],[24,99],[-73,78],[-14,123],[-36,31],[-82,11],[-110,59],[-30,-14],[19,-58],[-18,-35],[-64,-34],[-60,23],[-73,-112],[6,-42],[-34,-93],[-65,8],[-56,53],[58,109],[-42,49],[-38,-21],[-54,19],[13,77],[73,10],[48,-20],[88,9],[8,149],[19,79],[-37,65],[-49,34],[-1,33],[37,52]],[[35697,13552],[66,22],[10,71],[-41,23],[24,113],[129,-20],[91,94],[4,66],[-64,53],[33,71],[-40,31],[-88,-29],[-48,-79],[-26,-14],[-81,9],[-5,87],[-41,13],[18,56],[-26,51],[-63,11],[1,118],[-44,66],[-4,52],[105,118],[60,-6],[103,-29],[4,55],[-35,31],[-1,57],[24,29],[75,6],[18,41],[58,-26],[-7,-71],[97,-13],[63,91],[31,-20],[24,108],[103,-5],[-21,-88],[3,-89],[42,8],[6,53],[52,-12],[0,63],[41,40],[-23,114],[69,10],[55,-63],[63,-18],[14,-80],[-34,-62],[28,-89],[56,19],[100,-19],[70,92],[37,82],[180,-21],[-5,69]],[[35253,8755],[-61,9],[-19,52],[-123,66],[-115,16],[-50,22],[46,96],[34,138],[-41,4]],[[34924,9158],[-51,-9],[2,113]],[[34875,9262],[13,115]],[[34888,9377],[21,47]],[[34909,9424],[59,-29],[27,15],[84,-38],[61,66],[69,2],[28,45],[-3,99],[-78,60],[-43,64],[-14,55],[-52,35],[-54,3],[-35,49],[-89,-9],[-44,-48],[-46,13],[-2,106],[-66,19],[-18,128],[193,5],[96,-19],[-13,60],[62,34],[63,-2],[-18,52],[8,167],[55,-33],[123,4],[12,74],[-32,6],[-5,109],[144,111]],[[35381,10627],[112,85],[89,-29],[93,-12],[-24,-37],[70,-60],[87,9],[75,-38],[117,-77],[38,-9],[30,-60],[59,-18],[76,-46],[13,24],[-22,68],[76,44],[30,42],[-19,120],[101,-1],[161,-79],[63,26],[47,-2],[118,36],[11,82],[-101,36],[-30,98],[27,59],[-1,72],[24,21],[-81,103],[-85,-10],[-22,-25],[-72,0],[-12,80],[-41,16],[-28,49],[72,-2],[39,67],[-28,120],[-53,10],[-3,48],[69,61],[-52,24],[37,122],[-47,43],[15,42],[63,17],[56,-45],[54,17],[62,-26],[63,28],[39,-14],[45,-50],[-3,-63],[23,-142],[-68,-40],[124,-37],[-5,-53],[-76,-101],[-27,-56],[30,-59],[44,47],[38,12],[32,53],[91,-2],[56,112],[-57,58],[1,69],[-26,84],[-12,81],[34,75],[74,-5],[-9,53],[52,83],[51,25],[89,-8],[39,58],[77,33]],[[37794,11556],[-34,-36],[-31,-86],[-32,-28],[-36,-70],[-65,-32],[-75,-118],[-67,-74],[-64,-96],[-29,-74],[0,-44],[-53,-115],[-76,-70],[-17,-48],[-37,-216],[13,-16],[-26,-88],[0,-55],[-58,-19],[10,-78],[68,-135],[51,-79],[113,-137],[74,-79],[112,-98],[152,-105],[140,-40],[92,-7],[43,15],[85,-44],[-170,-38],[-92,-36],[-103,5],[-127,27],[-168,19],[-82,-4],[-110,-29],[-59,-56],[-85,24],[-75,-10],[-358,-140],[-75,-16],[-60,-42],[2,-39],[-177,26],[-64,-43],[-20,-62],[30,-39],[-130,-25],[-134,-78],[-81,22],[-145,-8],[-71,-25],[-112,-7],[-160,-55],[-140,-117],[-22,19],[-6,-2]],[[38542,9668],[79,-64],[-27,-62],[-39,-38],[40,-94],[177,-167],[108,-89],[-46,-10],[-260,180],[-154,67],[-100,20],[-108,-5],[15,31],[-56,51],[53,43],[163,5],[35,62],[40,38],[80,32]],[[36121,19145],[84,-8],[30,-34],[92,0],[28,-26],[-16,-177],[-59,-9],[-33,-37],[-1,-40],[-77,-59],[-10,-157],[50,-25],[-6,-180],[32,-26],[-1,-47],[70,-11],[-9,96],[43,61],[60,10],[26,-20],[68,25],[107,13],[56,30],[78,-52],[-3,-106],[-64,-43],[18,-88],[-38,-69],[37,-26],[93,-33],[40,-44],[-41,-75],[-3,-40],[69,-28],[0,-48],[31,-22]],[[36847,17830],[-8,-34],[-84,-5]],[[36520,17564],[-93,39],[-56,0]],[[36329,17523],[-45,-27],[-81,-20],[-1,-57]],[[36231,17318],[19,-21]],[[36250,17297],[-76,-111],[-86,-31],[-32,9],[-108,-82],[-76,1],[-14,160],[-36,33],[-58,19],[-51,80],[-40,38],[-42,3]],[[35381,10627],[-10,82],[-90,50],[13,68],[-61,32],[-38,-12],[-45,38],[-30,66],[-88,84],[-75,22],[-22,57],[42,105],[-14,27],[-77,-31],[-47,30],[-85,-6],[-41,30],[-85,1],[-80,-52],[-42,-1],[-66,117]],[[35257,13306],[37,25],[47,107],[-44,22],[81,43],[74,3],[36,34],[-26,59],[23,74],[39,1],[172,-78],[1,-44]],[[39143,13452],[1,-42],[96,-36],[-5,-23],[-400,33],[-51,-9],[-40,-74],[-69,-36],[-86,-16],[-110,-83],[-70,-72],[-22,-41],[48,-60],[-54,-59],[-85,-65],[-5,-99],[-34,-17],[0,-68]],[[36957,14792],[-21,106],[48,200],[-31,-7],[-20,61],[24,49],[-24,43],[-220,-12],[-10,53],[72,-4],[128,28],[250,88],[57,76],[193,18],[27,-11]],[[39186,15770],[2,-109],[-56,-31],[-49,-47],[78,-85],[-60,-32],[-22,-39],[-90,-54],[-98,59],[-43,27],[-36,11],[-45,26],[-85,-7],[4,12],[-39,13],[-43,36],[-62,24],[-85,-53],[-7,-83],[0,-283],[7,-124],[-1,-98],[-5,-52],[11,-84],[41,-83],[-8,-56]],[[38495,14658],[5,-43],[80,-18]],[[38580,14597],[24,-14],[11,-21],[6,-67],[-14,-34],[5,-18],[15,-30],[-31,-50],[19,-37],[52,-16],[25,-3],[35,11],[11,-4],[15,1],[41,-18],[-20,-65],[13,-22],[69,-16],[10,-26],[122,-106],[-13,-75],[25,-22],[44,22],[33,-25],[-13,-79],[-36,-29],[15,-54],[-17,-31],[-64,-16],[80,-89],[-33,-47],[42,-85],[96,-13],[-4,-67]],[[32132,10512],[-5,-51],[-68,-36],[-30,21],[-68,4],[-90,-75]],[[42009,25064],[53,8],[4,-112],[35,-143],[21,-129],[2,-123],[-31,-159],[-94,-336],[-36,-77],[-7,-60]],[[40136,23491],[5,114],[-54,25],[-78,-33],[-77,63],[49,27],[-29,79],[-54,37],[62,43],[18,75],[-13,106],[-111,-16],[-40,16],[1,95],[-74,-31],[-1,73],[-54,28],[-25,-44],[-9,-69],[-45,-35],[13,-80],[-23,-15],[-130,-4],[11,-76],[-81,-2],[-7,46],[-141,9],[-41,25],[-42,-23],[-78,5],[-24,-94],[-77,-78],[-56,124],[-44,73],[-42,-33],[1,-58],[-35,-54],[67,-30],[-17,-56],[-118,-16],[-123,-68],[-85,71],[-74,39],[-53,113],[1,49]],[[39989,15876],[29,-45]],[[39952,14133],[-61,-116],[-100,-75]],[[39791,13942],[-84,-92],[0,-340],[-40,-125]],[[39667,13385],[1,37],[-34,65],[-49,-105],[-107,-54],[130,-16],[19,-12],[138,-22],[22,45],[49,-45],[77,-23],[66,-36],[-546,95],[-149,23],[80,43],[36,59],[92,-17],[13,46],[-150,29],[-43,-47],[31,-42],[-69,-22],[-29,10],[-1,0],[-21,12],[-2,1],[-71,4],[-6,38],[-1,1]],[[38580,14597],[-80,18],[-5,43]],[[34591,9633],[70,-20],[7,-30]],[[34668,9583],[6,-55],[86,-36],[55,1],[98,-27]],[[34913,9466],[-25,-89]],[[34875,9262],[-2,-113],[51,9]],[[35253,8755],[1,0],[14,-29],[-80,-78],[-117,-94],[-253,-178],[-91,-88],[-57,-85],[-36,-74],[-12,-87],[-43,-55],[-13,-222],[-18,-68],[11,-113],[42,-21],[82,-9],[4,-47],[-85,-21],[-44,-38],[-27,-96],[-66,-87],[-24,-116],[-39,16],[-23,-84],[-33,-5],[0,-99],[-21,-53],[5,-62],[46,16],[-19,66],[30,26],[63,-23],[26,-57],[-21,-118],[-31,-95],[-4,-58],[27,-71],[-32,-50],[-72,-74],[-116,-158],[-41,-152],[41,-44],[-152,-43],[-147,-71],[-59,-42],[-1,0]],[[33868,5914],[-2,-1],[-28,-13],[-90,0],[-76,-20]],[[33672,5880],[-47,-30],[-52,13]],[[33573,5863],[-24,-5],[-21,78],[-48,21],[-4,-21],[-34,43],[-42,-9],[0,19],[-14,30],[39,19],[-30,19],[40,31],[6,52],[-36,82],[-55,38],[22,70],[-25,17],[32,60],[-6,49],[-32,17],[-28,112],[-37,46],[30,43],[-21,43],[-31,57],[-31,-18],[24,45],[-71,25],[9,99],[10,55],[12,-30],[31,-10],[16,4],[20,28],[14,31],[12,56],[-38,7],[4,41],[59,56],[-48,33],[25,82],[18,81]],[[33320,7359],[10,30],[-29,130]],[[33301,7519],[14,25],[63,38],[22,12],[4,40],[13,-5],[-42,72],[-29,58],[-39,26],[-25,80],[-8,49],[-32,26],[-17,15],[-80,-10],[-38,30],[0,133],[-53,34],[-52,-40],[-129,27],[-8,102],[-36,39],[57,46],[22,-39],[57,-14],[31,61],[-22,74],[-85,3],[-14,113],[62,47],[-35,66],[22,35],[97,-2],[30,23],[-15,102],[-178,-11],[-38,17],[-10,115],[31,-15],[58,15],[-33,43],[2,38],[48,43],[4,66],[105,-4],[28,-92],[141,12],[84,42],[26,-21],[82,-11],[1,64],[42,-9],[22,50],[-26,75],[-19,103]],[[33406,9305],[35,17],[83,-15],[-17,-63],[14,-75],[106,-28],[33,11],[33,76],[49,-13],[42,116],[54,2],[45,29],[19,39],[69,17],[-5,101],[37,20],[107,-8],[-54,106],[58,43],[14,55],[53,5],[107,9]],[[34288,9749],[106,13],[23,16]],[[34417,9778],[103,-4],[-1,-57],[4,-13],[9,-32],[42,-21],[17,-18]],[[36250,17297],[79,28]],[[36234,17104],[58,17],[31,-22]],[[36495,17094],[8,-91],[38,-50]],[[36431,16093],[7,80],[72,5],[-8,46]],[[36547,16336],[36,19],[53,-18]],[[37289,16250],[65,-29],[8,-42]],[[37411,16155],[25,-46]],[[33868,5914],[-33,-56],[-182,-105],[-48,-50],[-109,-50],[-147,-49],[-105,-100],[3,-50],[-143,-117],[-92,-35],[-202,-30],[-23,4],[-132,-33],[-131,-60]],[[32067,6403],[-54,23],[6,52]],[[31654,9967],[72,-26],[96,-74],[76,13],[79,-12],[27,-56],[35,-24],[-39,-58],[86,-21],[-25,-60],[51,-19],[11,47],[70,-23],[77,-2],[19,16],[22,142],[54,-16],[49,-71],[48,-38],[59,4],[6,-109],[110,-87],[36,4],[87,-32],[178,19],[78,-35],[25,-52],[59,-1],[-1,-40],[46,-73],[32,4],[28,50],[-49,98],[75,-16],[1,-63],[71,-48],[103,-3]],[[33301,7519],[29,-130],[-10,-30]],[[33573,5863],[52,-13],[47,30]],[[39645,20947],[-22,-9]],[[39623,20938],[-62,30],[13,41],[-29,49],[-42,-19],[-17,-76],[-92,24],[-71,28],[-67,20],[-37,-51],[-68,-33],[-35,14],[10,73],[-68,-13],[-26,29],[-61,17],[0,64],[-26,45],[-43,-18],[-63,57],[-33,66],[-51,20],[-112,20],[-26,-12],[-71,28],[-66,-40],[-109,28],[-99,-2],[-34,-19],[-39,-149],[49,-13],[27,-71],[-38,-44],[11,-60],[-63,-77],[98,-29],[123,-13],[-5,-51],[-33,-7],[-11,-49],[-37,-57],[-51,4],[-31,-99],[4,-59],[-71,-80],[55,-62],[1,-53],[-67,1],[-6,-64],[117,-73],[41,-62],[67,-26],[-5,-65],[-58,-92],[-76,-20],[-13,-53],[-120,27],[-36,-76],[-47,-1],[-2,-57],[-31,-6],[-61,41],[-34,-14],[-42,-71],[-47,20],[-51,-9],[-35,81],[34,78],[-42,57],[-71,-39],[-43,-122],[-102,36],[-19,70],[-75,8],[-127,-3],[-51,-53],[-98,-144],[-56,5],[-75,35],[-52,-36],[-80,-23],[-75,-4],[-45,36],[-118,-39],[-42,10],[-96,-108],[-53,-3]],[[36211,20627],[137,96],[20,43],[50,36],[18,82],[65,189],[58,25],[63,151],[-22,84],[60,77],[-14,36],[50,82],[30,2],[63,119],[42,130],[102,261],[25,-11],[64,108],[43,103],[58,-13],[40,-32],[71,15],[116,-52],[51,140],[64,-15],[34,-35],[35,12],[77,93],[7,68],[59,59],[94,14],[134,7],[121,-51],[42,13],[61,-27],[32,74],[-20,90],[111,45],[48,98],[36,-125],[79,-33],[-7,-76],[41,-51],[87,-15],[74,-54],[4,-132],[42,14],[3,81],[62,10],[12,44],[56,-27],[-9,-50],[-41,-16],[36,-85],[-78,-18],[-45,-32],[25,-60],[-32,-43],[47,-45],[53,-21],[86,76],[12,31],[63,15],[76,40],[33,50],[17,116],[37,48],[-70,34],[-2,69],[69,80],[-40,36],[-27,93],[18,66],[-10,67],[51,18],[-1,79],[56,3],[85,-70],[87,23],[71,-39]],[[39623,20938],[37,0]],[[40086,20898],[38,28],[55,-14]],[[40735,20523],[58,13],[3,2],[2,1],[2,2],[1,1],[1,1],[4,4],[1,1],[1,1],[99,89],[0,2],[-18,-96],[-147,-240],[-56,-83],[-71,-133],[-89,-143],[-66,-146],[-65,-172],[-33,-149],[-68,0]],[[40224,19565],[-21,-60],[-14,-35],[-15,20],[-26,9]],[[40137,19502],[-50,-62],[-36,-5],[-1,-52],[-38,-19],[1,65],[-11,74]],[[40002,19503],[-67,30],[5,46]],[[40017,19578],[50,34],[-10,37],[-52,31],[-19,-31]],[[39867,19444],[39,-10],[-7,-59]],[[39891,19238],[-35,7],[0,73]],[[36979,17795],[-10,10]],[[34909,9424],[4,42]],[[34668,9583],[-7,30],[-70,20]],[[34417,9778],[-23,-16],[-106,-13]],[[82159,65288],[40,-70],[-5,-30],[68,-54],[66,-26],[59,-60],[39,-3],[96,76],[233,49],[0,-112],[-11,-87],[23,-130],[40,-6],[16,-55],[-16,-40],[9,-67],[28,-39],[-26,-72],[92,-50],[51,-3],[24,-111],[27,-58],[36,-130],[-7,-53],[18,-301],[42,-52]],[[83101,63804],[-81,-38],[-53,-86],[-102,-125],[-53,3],[-12,-88],[-57,-34],[-122,64],[-30,-17],[-43,44],[-43,74],[-63,154],[-75,-7],[-19,-33],[2,-75],[-52,-65],[27,-89],[3,-95],[20,-56],[-7,-82],[32,-65],[-12,-44],[18,-49],[-16,-61],[1,-81],[51,-76],[-120,-132],[20,-63],[-18,-24],[-67,20],[-74,-22]],[[82156,62656],[-118,62],[8,94],[-61,30],[-70,81],[-2,44],[-85,127],[-8,76],[-51,123],[5,140],[-7,164],[-35,14]],[[81732,63611],[-21,105],[49,89],[-25,28],[-20,79],[15,75],[-6,61],[20,46],[3,192],[-20,154],[-55,28],[0,126],[-24,14],[1,113],[20,152],[-31,174],[20,58],[-6,94],[19,94],[-19,13]],[[81652,65306],[23,3],[-35,228],[-30,161],[165,-98],[57,-6],[27,-39],[94,48],[30,-1],[-33,-89],[105,-89],[22,-99],[34,-40],[48,3]],[[83425,66172],[-12,-42],[-177,-423],[96,4],[66,0]],[[83398,65711],[128,5]],[[83471,64076],[-39,10],[-35,-11],[4,-29],[6,-9]],[[83421,63789],[8,-38],[-73,-17],[-24,-59],[22,-62],[-31,-81],[-33,-42],[-54,19],[17,116],[-131,99],[-21,80]],[[82159,65288],[27,17],[7,110],[104,360],[-74,256],[69,29],[58,48],[48,-28],[12,-65],[72,-38],[10,67],[-46,81],[-22,74],[69,40],[40,-34],[214,-25],[86,0],[22,28],[56,4],[13,42],[51,57],[5,53],[117,25],[-52,110],[20,31],[-29,41],[22,123],[-20,45],[61,37],[18,-40],[49,-7],[50,-56],[94,-23]],[[82156,62656],[-100,-84],[-76,-45],[-42,-68],[20,-16],[-124,-157],[-62,-111],[-54,-116],[-13,-54],[26,-86],[47,-43],[-13,-56],[38,-67],[2,-68],[25,-36],[26,-114],[-9,-30],[78,-145],[-39,-61],[-97,-38],[-60,-3],[31,-60],[0,-46],[-54,1],[-53,-80],[-97,-70],[-103,21],[-44,-55],[-99,-5],[-78,-71],[-35,-61],[-68,17],[-3,60],[-57,-30],[-85,47],[-1,50],[-55,36],[23,62],[3,67],[-55,4],[3,103],[-45,113],[-37,50],[18,53],[-41,28],[0,41],[-37,48],[36,108],[-8,26],[-111,9],[53,50],[-25,53],[-70,96],[-15,53],[-125,5],[-21,-47],[-44,-27],[-25,-53],[-8,-113],[-16,-53],[9,-100],[40,-88],[24,-84],[-7,-46],[49,-133],[-68,-28],[-86,46],[-85,140],[-48,187],[-31,25],[2,218],[-19,142],[-30,76]],[[80131,62043],[110,26],[79,66],[24,74],[44,61],[-5,65],[108,75],[-5,51],[-89,33],[-35,28],[5,112],[-30,28],[19,103],[4,117],[-29,51],[24,28],[55,5],[-2,229],[114,84],[63,112],[30,18],[20,66],[132,107],[20,60],[40,-14],[59,38],[-5,51],[59,9],[74,65],[0,42],[89,33],[64,9],[183,-10],[70,-19],[84,33],[25,-66],[59,-42],[15,-61],[-49,-79],[64,-70],[99,27],[15,23]],[[80131,62043],[20,31],[-56,32],[53,43],[-20,46],[-64,25],[41,129],[-59,40],[-30,77],[-1,90],[-42,60],[-1,39],[-38,44],[-21,155],[-88,37],[-4,54],[-56,0],[-24,38],[23,85],[-43,9],[-16,96],[-86,77],[-22,124],[8,139],[39,-30],[107,-22],[5,117],[-26,37],[-148,-4],[-8,121],[28,85],[29,22],[134,-2],[47,-43],[33,110],[-11,84],[23,74],[69,106],[-69,151],[-19,74],[58,35],[-16,56],[111,9],[-35,84],[53,119],[28,-46],[35,18],[23,97],[99,-25],[14,-22],[75,2],[64,-30],[-16,110],[57,79],[20,84],[-68,112],[-6,99],[121,14],[186,-51],[92,1],[21,-35],[78,-9],[91,-38],[176,15],[14,69],[41,-14],[77,29],[28,52],[-22,87],[36,60],[-6,52],[41,26],[13,43],[-42,100],[67,61],[3,-78],[30,-42],[28,-110],[62,-25],[25,-40],[75,-36],[83,1]],[[33826,77162],[7,-5]],[[33833,77157],[6,-49]],[[33839,77108],[-2,-57]],[[33837,77051],[2,-91],[90,-1],[-24,63],[18,36],[82,-11],[65,-64],[28,-136],[-28,-74],[35,-49],[145,86],[45,2],[63,-77],[110,6],[18,38],[61,6],[-2,-66],[105,29],[29,-10],[47,-90],[-59,-101],[-7,-40],[28,-53],[60,-31],[3,-79],[53,-14],[63,34],[113,3],[22,143],[66,3],[34,-49],[55,65],[88,-12],[-9,-51],[-73,1],[-35,-40],[-68,-14],[-14,-38],[0,-107],[32,-6],[38,64],[65,1],[46,30],[96,-88],[76,-15],[68,-39],[7,-60],[49,-68],[8,-88],[106,37],[16,-104],[101,-33],[26,-136],[58,-9],[3,61],[-44,15],[-2,60],[-39,42],[35,36],[64,-52],[96,5],[11,-73],[58,-70],[55,15],[-25,74],[78,-36],[-18,-61],[48,-59],[14,-84],[28,-21],[99,-4],[9,145],[65,-24],[43,19],[40,-65],[35,16],[20,66],[48,-22]],[[36559,75737],[67,-38],[26,-74],[37,-15],[-11,-58],[87,15],[35,-73],[61,-56],[54,-95],[-31,-56],[-50,-11],[-39,24],[-79,-1],[-50,-147]],[[32745,76966],[118,-14],[69,53],[126,-38],[86,5],[62,-36],[42,34],[1,49],[75,21],[28,50],[85,51],[29,-7],[-7,-85],[38,-57],[54,14],[17,57],[-63,41],[3,28]],[[33508,77132],[19,32],[100,-9]],[[33627,77155],[37,-39],[-13,-99],[9,-63],[80,-15],[25,31],[-33,76],[3,16],[29,31],[55,67],[7,2]],[[35644,80282],[62,-52],[1,-64],[79,-46],[80,-67],[93,56],[44,-38],[93,-46],[14,-63]],[[36110,79962],[-40,-34],[-31,-109],[2,-77],[-53,-69],[-32,-94],[-82,-104],[-74,-20],[-128,-185],[71,-54],[11,-108],[-47,-49],[-98,37]],[[35609,79096],[-11,1],[-37,20],[-13,30]],[[35548,79147],[-24,15],[-45,-133],[-101,-139]],[[35378,78890],[-46,-130],[-83,-130],[-138,-80],[-194,-10]],[[34917,78540],[-147,120],[-47,-24]],[[34723,78636],[-59,40],[-97,71],[30,30],[-23,59]],[[34574,78836],[9,64],[-31,26],[-55,-13]],[[34497,78913],[-24,20],[-42,13],[-25,9],[-26,-20],[-60,1],[-70,19],[-40,-9],[-1,47]],[[34209,78993],[-24,40],[-56,-29]],[[34129,79004],[-17,-43],[-53,-24],[-29,-33],[4,-15],[48,-19],[-13,-56],[-25,13],[-60,-32],[23,-15],[-31,-63],[-12,-37]],[[33964,78680],[19,-54],[59,-59]],[[34042,78567],[-25,-48],[17,-46],[-70,-6],[-24,-15],[-25,-54],[49,-78]],[[33964,78320],[-104,-19],[-10,36]],[[33850,78337],[-27,22],[-65,-31],[-38,-7],[-69,-62],[-35,-15]],[[33616,78244],[-28,20],[-67,-44],[-59,101],[26,55],[-40,137],[-114,53],[-83,63],[21,50],[-12,134],[46,64],[83,10],[-57,97],[-13,45],[7,84],[-64,41],[-46,79],[74,44],[-108,36],[-37,77],[-8,65],[-45,27],[-39,70],[-79,48],[-42,9],[-82,-14],[-79,84],[-40,3],[-63,-108],[-126,-6],[-70,-36],[-44,-47],[-98,52]],[[32160,80108],[74,-9],[60,15],[188,-1],[125,109],[37,-53],[77,-2],[58,68],[60,-32],[74,-92],[71,2],[67,34],[-20,56],[18,75],[91,105]],[[33140,80383],[31,-72],[48,19],[98,10],[-14,50],[81,33],[42,37],[29,-86],[-32,-59],[22,-22],[67,11],[92,-80],[34,-7],[45,-51],[69,-19],[-1,-44],[86,23],[80,-10],[45,-25],[15,60],[101,78],[8,41],[49,32],[83,-12],[117,-70],[55,25],[48,-39],[24,-59],[-3,-65],[56,-7],[59,61],[74,3],[78,84],[38,-34],[99,61],[46,-6],[77,28],[37,-13],[102,43],[55,72],[59,12],[59,-46],[22,-71],[126,-101],[40,32],[74,-18],[84,100]],[[48364,71090],[-47,-45],[-7,-57],[-68,-33],[44,-44],[76,-118],[55,-8],[39,-63],[112,25],[48,-1],[76,-32],[-18,-46],[71,-13],[69,-43],[139,-34],[15,-27]],[[48968,70551],[-11,-13],[4,-25],[14,-18],[15,-22],[9,-11],[-18,-37],[-6,-7],[-23,8],[-6,14],[-6,17],[-10,25],[-11,18],[-3,1],[-33,-4],[-6,-1],[-17,-5],[-6,-6],[-5,-10],[7,-12],[35,-10],[9,-5],[16,-12],[0,-23],[-10,-7],[-24,-8],[-20,5],[-33,13],[-7,-1],[-15,-32],[0,-14],[6,-9],[9,-9],[59,7],[11,0],[16,-42],[-1,-7],[-4,-44],[12,-4],[31,-16],[16,-19],[19,1],[10,-3],[12,-21],[13,-25],[2,-7],[13,-21],[4,-8],[13,-32],[-15,-32],[-8,-15],[-18,-20],[-17,2],[-21,2],[-1,-3],[-15,-29],[-21,11],[-23,-31],[-2,-7],[9,0],[6,-1],[5,-28],[-4,-9],[-22,-19],[-7,-6],[0,-9],[25,-38],[1,-15],[8,-55],[-22,-37],[-13,-2],[-15,-6],[-3,-5],[-1,-41],[1,-10],[-4,-12],[-3,-3],[-6,-6],[-17,-9],[-4,-3],[-11,-11],[-13,-1],[-5,0],[-16,-5],[-12,-8],[-12,-6],[-4,-2],[-11,-2],[-8,-1],[-10,-2],[-7,-12],[-11,-17],[-1,-4],[-12,-27],[-9,-10],[-12,1],[-38,0],[-26,2],[-28,3],[-3,-8],[-8,-29],[-5,-16],[-11,-28],[-14,-22],[-6,-12],[-4,-5],[-8,-13],[-13,-18]],[[48523,69421],[-24,-72],[7,-45]],[[48506,69304],[17,-37],[11,-15],[39,-25],[35,-7],[23,-4],[10,-1],[45,1],[31,1],[18,5],[12,2]],[[48747,69224],[9,-3]],[[48756,69221],[2,-5],[0,-5],[-2,-29],[6,-38],[71,-42],[47,-85],[-3,-61],[76,-93],[6,-42],[-42,-54],[-63,-44],[31,-50],[-3,-64],[-141,-198],[-79,-12],[-55,-114],[-50,20],[-42,-86],[-37,-5],[-68,-89],[-29,-3],[-55,57],[-32,-11],[10,-69],[-51,-63],[-70,-8],[-5,-43],[63,-24],[-124,-53],[60,-52],[23,-44]],[[46239,69233],[-74,34],[3,105],[14,48],[66,-3],[67,19],[-21,43],[-29,150]],[[46265,69629],[168,123],[55,62],[76,42],[193,17],[179,-27],[60,-20],[97,-88],[49,13],[46,72],[-73,119],[16,45],[66,88],[44,26],[211,67],[63,84],[6,51],[-121,120],[-27,42],[-50,-17],[-12,-53],[-69,-48],[-118,-44],[-56,2],[-76,26],[-70,60],[-54,69],[-113,-15],[-86,23],[-46,78],[-3,133],[-13,34],[-85,53],[-35,0]],[[46487,70766],[-10,99],[35,22],[2,65],[-66,48],[29,47],[93,-14],[-10,-93],[11,-34],[73,-68],[77,68],[90,10],[49,-30],[45,50],[-39,23],[-21,56],[-64,6],[4,37],[82,14],[93,-21],[20,92],[-40,19],[43,69],[-10,64],[80,41],[98,16],[74,-26],[-8,-62],[63,1],[257,-44],[50,141],[49,-43],[124,-17],[24,45],[112,-17],[65,-67],[-46,-62],[-45,-19],[82,-47],[82,-29],[22,-28],[-15,-64],[78,-11],[23,18],[64,-26],[49,35],[-2,67],[69,12],[42,-19]],[[50950,74326],[110,-93],[73,-38],[65,-46],[152,-58],[21,-16]],[[51371,74075],[48,-113],[36,-45]],[[51455,73917],[29,-42],[47,-49]],[[51531,73826],[44,-56],[133,-10],[45,-21]],[[51753,73739],[-69,-108],[-13,-106],[12,-96],[-12,-67],[-116,-9],[-100,32],[-41,51],[1,69],[-39,53],[-50,0],[-86,35],[-31,-19],[-32,55],[37,53],[-16,35],[-58,32],[-34,-29],[-44,14],[20,69],[53,6],[36,147],[-60,29],[-105,-93],[-23,-87],[20,-39],[-117,-33],[-33,-103],[76,-34],[-79,-133],[26,-87],[-21,-45],[8,-57],[30,-34],[-42,-102],[-45,-61],[102,-103],[-105,-53],[-59,9],[-21,43],[-96,36],[-102,15],[-39,70],[-29,1],[-39,58],[11,59],[-60,12],[-121,79],[-69,-49]],[[50179,73254],[-79,0],[-23,-39],[-44,2],[-121,56],[-76,-13],[-99,102],[-79,-17],[-51,44],[-77,-39],[-80,9],[-71,64],[-103,72],[-60,28],[-8,116],[-47,27],[2,40],[-80,24],[-92,0],[-123,79],[-76,-52],[-34,51],[-73,-40],[-98,59]],[[48587,73827],[86,52],[35,-2],[18,79],[62,47],[39,107],[33,7],[37,68],[12,91],[29,80],[28,27],[29,80],[55,9],[84,-25],[-1,-54],[42,-56],[42,3],[50,48],[46,-40],[43,61],[57,28],[29,46],[-53,38],[8,39],[77,19],[7,30],[-36,50],[33,87]],[[49478,74746],[103,-66],[124,-37],[123,-78],[112,-13],[184,15],[69,-72],[9,-42],[68,-30],[23,-43],[51,-5],[75,25],[53,-8],[109,53],[61,7],[84,-41],[8,-25],[113,-72],[103,12]],[[40058,75245],[-54,-71],[-36,3],[-57,-61],[-138,-23],[63,-62],[11,-32],[64,-48],[19,-58],[-21,-55],[25,-36],[-40,-64],[-95,-76],[-33,-52],[-44,4],[-22,-38],[-46,3],[-21,-101],[47,-33],[-33,-76],[-3,-159],[-51,21],[-39,-43],[35,-37],[-78,-40],[5,-52],[-33,-14],[-45,-59],[-5,-58],[-54,-88],[-53,-23],[-120,-135],[-31,-14]],[[39175,73668],[-45,95],[-16,116],[-41,43],[-55,11],[-77,-10],[-143,-50],[-104,-47],[-80,-16],[-103,57],[-33,74],[-34,23],[-142,-55],[-88,0],[-55,18],[-49,-28],[-30,21],[-119,33],[-62,-1]],[[37683,74110],[49,68],[116,-7],[60,38],[54,-49],[55,15],[13,104],[52,11],[24,38],[44,5],[50,35],[1,68],[36,56],[87,96],[5,38],[92,14],[88,68],[30,63],[-33,64],[-12,70],[81,64],[41,58],[-17,128],[-39,33],[12,79],[29,63],[-22,42],[58,61],[-36,68],[22,47],[9,87],[-12,96],[21,81]],[[38641,75812],[32,46],[81,-34],[39,-41],[34,33],[48,-5],[73,26],[45,-46],[39,-97],[28,4],[72,-64],[133,-59],[74,-4],[31,-36],[74,36],[100,83],[47,-41],[34,34],[63,11],[31,-18],[14,-88],[34,-16],[81,-84],[10,-54],[86,-83],[59,29],[55,-99]],[[51753,73739],[99,44],[235,-13],[73,-41],[125,-90],[57,-31],[78,-19],[35,19],[221,-203],[0,-45],[60,-38],[78,-13],[128,38],[104,-14]],[[53046,73333],[-33,-56],[-94,-15],[-66,-116],[-63,-76],[-14,-59],[-69,-89],[24,-22],[17,-85],[-53,-166],[-22,10],[-75,-73],[-49,-6],[-34,40],[-99,61],[-94,39],[-16,48],[-104,-3],[-8,-114],[-95,-67],[-26,-60],[-42,-5],[-48,-202],[49,-19],[-22,-64],[10,-157],[-110,-57],[28,-68],[-33,-18],[74,-119],[75,16],[46,-79],[65,3],[105,42],[84,-35],[115,-111],[18,-58]],[[52487,71593],[-72,-4],[-27,-42],[-6,-59],[-35,-8],[-18,-62],[-50,-29],[-60,62],[-75,-45],[-89,-18],[-7,38],[-58,10],[-39,-25],[102,-62],[-20,-64],[60,-39],[33,-59],[-50,-25],[-31,15],[-94,-24],[-21,-90],[-41,-4],[-88,-70],[-26,-60],[-55,55],[-122,20],[-5,-31],[-72,10]],[[51521,70983],[-6,37],[44,35],[-12,46],[-57,-4],[-53,28],[-6,43],[-128,28],[-19,-81],[-45,-27],[-74,85],[-65,8],[-77,131],[25,43],[-110,84],[-31,-18],[-75,10],[-71,-24],[-80,27],[-65,64],[5,52],[-73,86],[-63,13],[-36,32],[33,48],[-10,61],[37,57],[-50,189],[-26,12],[-31,116],[-29,16],[-29,74],[4,81],[-26,117],[-71,110],[21,85],[-91,48],[-42,128],[46,40]],[[50185,72863],[24,90],[-12,58],[14,79],[-53,74],[21,90]],[[37146,81617],[60,-114],[-3,-42],[62,-2],[80,-64],[11,-58],[67,-76]],[[37423,81261],[116,-18],[60,-21],[89,-78],[-24,-88],[26,-70],[57,-3],[-4,-48],[31,-80],[-30,-37],[9,-74],[103,-72],[6,-43],[-31,-47],[40,-56],[63,6],[46,-62],[39,23],[83,-20],[25,45],[39,5],[95,-24],[104,-66],[147,47],[43,-27],[30,-57],[53,41],[29,-11],[62,46],[37,3],[66,-35],[58,10],[18,-34],[61,-35],[44,-58],[82,-47],[56,-56],[3,-156],[-64,-80],[57,-91]],[[39147,79893],[-5,-79],[-67,-57],[-16,-85],[64,-72],[-16,-51],[-56,-8],[-31,-116],[23,-85],[66,-98],[-30,-20],[-62,25],[-36,-48],[-30,30],[-61,-40],[-33,32],[-63,-87],[-70,-6],[-6,-37],[-63,-79],[-19,-119],[33,-63],[-73,-13],[-22,-41],[30,-51],[13,-116],[41,-62],[-20,-37]],[[38638,78510],[-133,67],[-47,-9],[-132,60],[3,35],[-55,17],[-59,-6],[-65,41]],[[38150,78715],[9,122],[-53,43],[-29,49],[-65,58],[-23,149],[-51,-10],[-3,49],[-84,67],[-74,-58],[-101,44],[-90,-25],[-85,20],[-66,-8],[47,67],[-101,57],[-41,-24],[-36,-60],[-61,5],[-38,-21],[-54,17],[8,92],[-35,33],[-82,122],[-63,-23],[-68,55],[-80,42],[-37,59],[-104,0],[-67,36],[-24,-46],[-46,31],[-71,13],[-77,81],[-10,36],[-78,31],[-30,129],[-113,40],[-64,-25]],[[35644,80282],[-69,62],[-61,102],[-130,108],[-32,71],[-67,90],[-27,86],[-133,50],[-49,51],[-37,71],[-5,51],[-90,188],[48,86],[-24,31]],[[34968,81329],[10,45],[42,25],[14,48],[56,-16],[72,17],[35,52],[77,73],[95,6],[30,-31]],[[35399,81548],[97,20],[43,-43],[5,-71],[64,-29],[64,-51],[-3,-130],[48,-15],[63,-69],[69,-14],[53,10],[62,-50],[66,29],[78,-54],[64,-14],[74,52],[70,-4],[54,85],[38,31],[85,30],[81,-31],[41,65],[107,124],[-12,44],[38,42],[44,-17],[108,68],[75,66],[52,-25],[19,31],[66,-31],[34,20]],[[32187,84309],[-20,-59],[-100,-209],[-13,-45]],[[32054,83996],[0,-80],[7,-70],[12,-42],[-4,-98],[-2,-25],[36,-38],[65,-115],[-7,-82],[-6,-24]],[[32155,83422],[-34,-42],[-17,-81],[-17,-8],[-44,-3],[-10,-12]],[[32033,83276],[-10,-28],[-21,-58]],[[32002,83190],[-12,-28],[-17,-20],[-9,-23],[-52,-19],[2,-99],[34,-19]],[[31948,82982],[-7,-29],[-67,-29]],[[31874,82924],[41,-39],[-16,-30]],[[31899,82855],[26,-70]],[[31925,82785],[-17,-55],[-132,33],[-15,22]],[[31761,82785],[-7,39]],[[31754,82824],[-33,10],[-15,-27],[-13,-8],[-45,21]],[[31648,82820],[-17,-7],[-34,-24],[-47,33],[-29,102],[-15,13],[-54,5],[-62,-34],[-47,-11]],[[31343,82897],[-32,26],[-27,7]],[[31179,83049],[-31,70]],[[31283,83175],[16,29],[-86,48],[30,58],[-51,39],[-2,33]],[[31091,83746],[-15,94],[-88,64]],[[30962,83930],[0,45],[41,54]],[[30970,84127],[20,67]],[[31024,84681],[25,-9],[90,-25]],[[31139,84647],[3,-27],[68,-22],[114,22]],[[31324,84620],[49,-5]],[[31373,84615],[8,-38],[90,-7]],[[31471,84570],[13,-6],[43,-29],[38,14],[46,-20],[33,-28],[80,-34],[94,-12],[5,4],[18,37],[25,5]],[[31866,84501],[49,-12],[113,-70]],[[32028,84419],[47,-2],[17,-8],[41,-45],[42,-44],[12,-11]],[[47012,79579],[24,-21],[138,-120]],[[47174,79438],[-28,6],[-88,69],[-8,9],[-1,3],[-37,34],[-97,83],[-6,8],[-61,57],[-14,12],[-38,34]],[[46796,79753],[32,-11],[184,-163]],[[46641,79768],[-124,-186],[-212,0],[-120,20],[-120,-30],[-9,-140]],[[46056,79432],[19,-70],[119,-160],[9,-80]],[[46203,79122],[19,-60],[138,-80],[74,-79],[-129,-90],[9,-80],[116,-116],[-24,-26]],[[46406,78591],[-25,-42],[-62,-43]],[[46319,78506],[-38,90],[-42,23],[-5,23],[49,15],[-11,51],[0,28],[-33,-3],[-59,44],[-47,-54],[-70,21],[24,-24],[-79,-4],[-6,-49],[-45,-10],[-12,-56],[-43,-9],[5,-34],[71,0],[27,-1],[39,-38],[65,2],[31,-42],[33,-40],[42,-37],[69,-33],[-16,-26],[11,-8]],[[46279,78335],[25,-16],[-18,-94]],[[46286,78225],[74,2],[3,-20],[16,-19],[24,-54],[58,-7],[33,-5],[36,-57],[62,-30],[38,-39],[14,-7],[13,-62],[20,3],[20,18],[18,-5],[49,-51],[5,-29],[12,-49],[12,-59],[-21,-80],[6,-84],[-6,-16],[-23,-66],[7,-5],[43,0],[58,13],[51,-33],[119,-45],[5,-26]],[[47032,77413],[-32,-16],[-26,10],[-70,13],[-25,-10]],[[46879,77410],[-41,1],[-67,-50],[69,-49],[21,-27]],[[46861,77285],[-22,-25],[-114,-3],[-19,-58],[99,-40],[-8,-87],[-69,-48],[-1,-62],[-52,-10],[-31,-61],[7,-33],[-49,-94],[-21,-103],[-38,-29],[2,-59],[-85,14],[-33,-33],[-32,-76],[-73,17],[-84,-81],[25,-47],[-120,0],[-31,-90]],[[46112,76277],[-92,42],[-5,119],[-68,39],[-40,82],[-21,138],[65,50],[-8,49],[-59,81],[-17,170],[25,170],[-13,27],[-97,77]],[[45782,77321],[18,88],[-22,42],[-60,31],[-54,60],[-18,60],[-77,60],[7,53],[-68,90],[1,98],[-45,38],[9,59],[-18,83],[23,46],[-14,64],[-1,98],[-52,32],[23,98],[25,33],[-12,121],[-44,41]],[[45403,78616],[-10,18]],[[45393,78634],[-19,56],[38,64],[-34,132],[-41,44],[38,70],[-46,92],[79,21],[7,49],[-45,13],[6,68],[-34,9],[-24,126],[94,77],[-28,24],[2,52],[-65,68],[-103,40],[-21,79],[-40,7],[-29,45],[-132,131],[-67,81],[-29,87],[100,155],[-3,27],[-79,85],[-68,47],[-57,65],[-41,98],[-49,75],[-115,77],[-27,51],[3,81],[-77,58],[-8,32],[83,182],[-20,57],[-63,29],[9,51],[63,92],[90,-67]],[[44641,81264],[64,-36],[420,-81],[83,-135],[-6,-134],[165,-203],[66,-56],[73,-85],[-9,-240],[57,25],[128,8],[20,62],[-35,27],[28,41],[123,-8],[126,-54],[10,-73],[118,-85],[-14,-31],[-5,-103],[238,-126],[137,-90],[105,-55],[34,-33],[74,-31]],[[54952,72656],[70,-2]],[[55457,72249],[25,35],[42,-17]],[[55616,72217],[14,-22],[107,-59]],[[55809,72083],[61,3],[121,45]],[[56344,71869],[36,-5],[19,-19],[42,17]],[[56584,71760],[22,-21],[2,-80]],[[56629,71652],[39,-9],[9,43],[34,-15],[51,-28]],[[56871,71427],[-8,-44],[50,-30]],[[56939,71333],[28,-72],[-61,9],[-60,32],[-139,-10],[11,-133]],[[56612,71213],[-12,-117],[-29,-25]],[[56511,71070],[-33,51],[-79,-20]],[[56252,71199],[-2,-63],[-44,13]],[[56146,71263],[-31,33]],[[55765,71069],[23,-54],[-60,-4]],[[55456,71168],[-93,69],[-42,15]],[[55110,71231],[-86,-93],[13,-45]],[[55059,70977],[-11,-57],[-69,-20]],[[54509,70636],[15,100],[42,14],[-35,99],[-45,63],[35,27],[52,131],[45,21],[-27,82],[-58,25],[20,51],[49,13],[-24,48],[19,31],[-86,72],[-17,-41],[-57,32],[-19,-23],[-68,19],[-48,55],[-24,57],[-86,-49],[-65,12],[-24,37],[-86,56],[-117,97],[-74,86]],[[53826,71751],[50,49],[2,48],[77,75],[46,12],[53,65],[-46,46],[-5,50],[24,95],[-12,50],[-51,57],[-42,-16],[-78,35],[-88,16],[-23,-22],[-57,16],[-42,52],[20,116],[-3,63],[40,19],[72,71],[79,-45],[53,13],[21,37],[127,43],[44,102],[-64,62],[-18,49],[89,53],[3,45]],[[54097,73007],[102,4],[80,-25],[13,-75],[51,-83],[58,-60],[91,-23],[113,40],[48,-14],[30,-44],[132,-11],[71,-64],[66,4]],[[50402,77932],[-19,5],[-68,-132],[13,-20],[33,-3],[9,-3],[16,-32],[67,-72],[20,-63],[-56,-22],[-36,36],[-28,-29],[-13,5],[-36,-30],[-10,38],[-29,32],[-9,-19],[-16,10],[-11,-30],[-11,7],[-15,-9],[-67,-21],[-30,-6],[-24,17],[3,3],[49,2],[-25,3],[-50,-2],[-22,-8],[-11,17],[-25,-28],[-6,9],[-3,15],[-16,-15],[-6,37],[-13,7],[-35,-2],[-29,8],[-72,3],[-3,-16],[-13,3],[4,-33],[-23,-27]],[[49786,77567],[-39,-15],[-48,-100],[-20,-10]],[[49679,77442],[-35,7],[-58,-4],[-34,-16],[-25,-25],[3,-77],[-7,-11],[-54,-26],[-17,-7],[4,-12],[30,-12],[68,25],[31,-11],[13,-43],[-30,17],[-20,5],[-33,-25],[40,-36],[41,16],[8,-17],[-68,-39],[-16,-20]],[[49520,77131],[72,-25],[5,-13],[-24,-28],[-4,-34],[63,9]],[[49632,77040],[12,-29],[-73,-28],[-24,-27],[19,-7],[66,-13],[-36,-76],[25,8],[42,-7],[85,4],[-6,-32],[-30,-4],[2,-9],[53,-21],[-2,-55],[-22,-4]],[[49743,76740],[-77,10],[-64,-25],[-33,58]],[[49569,76783],[-67,31],[-8,7],[-118,-70],[-35,-46],[19,-44],[40,-34],[33,21],[51,-9],[8,4],[-39,26],[2,6],[35,1],[-3,11],[24,-13],[2,-12],[13,0],[13,-20]],[[49539,76642],[-51,-20]],[[49488,76622],[-35,-124],[-43,-85]],[[49410,76413],[-65,-109],[-143,-77]],[[49202,76227],[-171,186],[-115,78]],[[48916,76491],[-171,100],[-98,24]],[[48647,76615],[12,18],[-4,19],[-18,-8],[-8,10],[2,6],[-7,26],[-17,19],[48,158],[10,21],[7,12],[89,54],[50,-37],[16,-25],[38,-16],[8,9],[10,17],[0,33],[-16,5],[-6,9],[-20,16],[4,30],[-16,-4],[-17,7],[-3,21],[-31,-7],[-10,6],[-1,29],[-41,15],[-15,-5],[-8,45],[-21,2],[-32,23],[-70,57],[-55,23],[11,18],[-5,7],[-15,-1],[-38,33],[-24,-6],[-20,26],[-10,4],[-28,-2],[-33,-12]],[[48363,77270],[-15,24],[-32,30],[1,6],[10,13],[3,13]],[[48330,77356],[-14,35],[-38,40],[-6,17],[-64,18],[30,69],[-7,11],[-36,40],[-19,-32],[-29,10],[-32,-15],[-15,-8],[-20,43]],[[48080,77584],[34,61],[-51,13],[11,52],[-63,37],[17,178],[-25,14],[1,73],[-39,109],[-31,9],[7,67],[-39,48],[71,115],[114,52],[33,42],[-10,44],[44,41],[-10,34],[58,43],[64,75],[22,154],[30,91],[83,97],[49,-11],[63,63],[26,135]],[[48539,79220],[43,-17],[76,-84],[78,-40],[174,-139],[116,-69],[106,-45],[52,-83],[68,-67],[163,-90],[85,-8],[149,52],[86,-18],[222,76],[47,-14],[165,51],[134,3],[3,-51],[43,-58],[-14,-94],[39,-16],[42,-66],[-16,-83],[77,-113],[-61,-156],[41,-91],[-41,-16],[-14,-52]],[[44436,70585],[-48,-36],[51,-71],[13,-44],[-132,-99],[-18,-55],[-138,24],[-44,-102],[-52,-12],[-98,-71],[-14,-66],[-66,-106],[-35,-16],[-80,-86],[-46,-1],[-52,-40],[-79,-24],[-60,-44],[-9,-47],[59,-34],[36,-84],[84,-43],[-41,-62],[-59,59],[-109,-40],[-12,-69],[76,-35],[81,-12],[-3,-36],[-87,-21],[-48,-67],[-50,-9],[-65,17],[-28,-39],[14,-57],[-78,-36],[-17,-89],[33,-104],[41,-30],[-10,-66],[54,-52]],[[41258,69846],[44,54],[83,186],[-69,-12]],[[41316,70074],[32,73],[31,110],[35,5],[143,-59],[11,94],[105,13],[-41,65],[37,48],[-11,93],[-47,6],[28,103],[64,20],[68,104],[86,-24],[45,99],[-49,48],[88,41],[54,53],[-8,60],[-37,77],[-1,44],[58,58],[51,-4],[41,34],[-64,59],[-2,28],[-81,80],[-100,26],[-50,72],[-91,22],[11,43],[49,21],[33,-16],[54,47],[69,7],[-24,57],[37,30],[87,2],[89,98],[-8,109]],[[42108,71920],[136,44],[108,-15],[125,-30],[172,-78],[89,-12],[84,-30],[-26,-86],[-45,-33],[-187,-6],[-61,-42],[17,-46],[104,-89],[84,-36],[73,1],[111,22],[-6,-81],[-66,-101],[16,-31],[107,-60],[55,-14],[163,-18],[140,-40],[88,-40],[164,13],[130,63],[80,86],[69,-16],[13,-72],[39,-92],[137,4],[119,38],[37,-26],[10,-66],[-17,-77],[9,-80],[37,-49],[44,2],[167,92],[61,-26],[6,-52],[-18,-75],[-27,-32],[-67,-28],[-18,-48],[72,-73]],[[46112,76277],[79,-40],[103,6],[59,-41],[-49,-37],[66,-68],[70,37],[90,-10],[92,-52],[-3,-64],[15,-95],[56,7],[91,-26],[89,-2],[20,-42],[-48,-53],[59,-101],[71,-73],[40,-5],[45,-46],[86,-29],[61,-55],[74,-43],[48,-11]],[[47326,75434],[13,-108],[-68,6],[-109,-40],[-12,-49],[15,-46],[108,-49],[-13,-58],[-47,-98],[59,-80],[-121,-8],[-53,35],[-26,-77],[-46,19],[-35,70],[-36,-62],[29,-48],[-37,-27],[-33,-65],[39,-60],[-13,-95],[-44,-18],[-23,-46],[-76,-27]],[[46797,74503],[-24,15],[-68,-31],[-43,21],[-39,-23],[-13,92],[84,-31],[9,28],[-55,68],[-64,48],[-52,-7],[-32,-33],[-39,68],[-90,29],[-73,-38],[10,-50],[-18,-60],[58,-11],[-32,-88],[-42,-3],[-30,-48],[26,-48],[-57,-70],[21,-76]],[[46234,74255],[-86,43],[-4,55],[-69,-5],[-21,-26],[-98,121],[-40,-36],[-117,12],[-78,39],[-37,46],[-37,-46],[-53,-109],[-60,-2],[-43,22],[-40,-45],[-47,12],[-6,38],[-63,66],[-101,27],[-14,23],[-103,56],[-30,-21],[-71,45],[-85,-45]],[[44931,74525],[-4,38],[66,60],[-41,32],[-6,79],[62,72],[3,27],[103,119],[-53,84],[3,49],[-55,75],[97,78],[-80,35],[-119,-60],[-8,143],[-38,-8],[-45,79],[-135,20],[-7,77],[36,46],[-37,79],[29,31],[-15,55],[-47,-21],[-75,80],[-60,32],[8,64],[-70,63],[17,49],[-105,55],[-15,147],[-60,-14],[-20,76],[94,72],[61,-37],[75,19],[48,36],[-4,38],[-99,53],[18,35],[-57,103],[-42,23],[-28,-35],[-45,2],[-105,38],[-67,41]],[[44109,76654],[16,77],[-23,39],[134,118],[16,71],[120,-51],[105,15],[63,-4],[46,-30],[36,24],[53,98],[-4,44],[90,33],[56,-9],[49,-47],[77,34],[50,-51],[-3,-34],[55,-33],[41,3],[-6,67],[62,68],[50,-13],[7,50],[-41,58],[-19,82],[97,-11],[16,69],[58,-20],[41,84],[32,-62],[52,-37],[17,-44],[-27,-42],[40,-116],[58,1],[16,-65],[64,11],[57,38],[-8,84],[27,17],[32,107],[71,44]],[[39645,83019],[3,-55],[49,-133],[-9,-120],[52,-42],[10,-61],[-58,-70],[-27,1],[-64,-60],[-40,-81],[15,-47],[-50,-169],[-28,-53],[45,-87],[114,39],[27,-69],[77,-8],[-44,-105],[24,-23],[54,25],[0,-100],[111,9],[12,-54],[92,-35],[9,-41],[-19,-114],[45,-59],[-42,-33],[-34,63],[-50,-14],[17,-135],[-47,-32],[-49,19],[-28,-52],[-63,-38],[101,-57],[5,-40],[-43,-99],[-55,-72],[15,-51],[112,-74],[4,-83],[-92,-5]],[[39796,80804],[-10,-63],[-50,-36],[14,-59],[-21,-28],[-70,-6],[3,-74],[-42,-48],[-21,-87],[-24,-27],[17,-57],[41,-45],[-27,-142],[-98,-10],[-54,35],[-35,-52],[-50,-35],[-43,6],[-35,-41],[-36,3],[-108,-145]],[[37423,81261],[0,176],[58,0],[74,25],[12,36],[143,82],[-16,50],[68,12],[66,-16],[80,30],[51,51],[37,69],[-11,54],[71,78],[62,19],[26,65],[46,-26],[28,76],[42,55],[-21,26],[10,91],[56,21],[106,136],[64,145],[159,53],[62,39],[11,62],[58,-10],[13,34],[-28,43],[5,61],[-41,75],[108,21],[8,66],[-85,126],[62,2],[24,31]],[[38831,83119],[54,-111],[77,21],[91,-9],[58,30],[106,-15],[90,102],[35,1],[37,-45],[-21,-91],[11,-32],[89,17],[54,61],[93,3],[40,-32]],[[51041,75756],[-62,-9],[-103,89]],[[50876,75836],[-28,-3],[-25,-27],[-45,-32],[4,-45],[23,14],[34,-50],[-46,-18],[3,-17],[23,-27],[22,-21],[-66,-19],[-15,0],[-43,-68],[-28,-8],[41,-43],[24,-16],[17,-1],[64,-24],[13,0],[50,-62],[-12,-30],[3,-12],[-5,-66],[8,-17],[42,-5],[2,9],[19,9],[14,-16],[77,7],[-33,-83],[1,-7],[34,22],[42,-54],[34,-5],[4,-17],[23,-39],[21,-55],[38,-47],[-9,-53],[-25,-19],[-4,-35],[15,-33],[-44,-9],[-49,27],[-46,-38],[-57,-77],[-7,-51],[-20,-18],[5,-3],[-25,-13],[-44,-54],[-2,-21],[25,-91],[28,-19],[27,3],[9,-57],[-22,-20],[-24,-15],[9,-41]],[[49478,74746],[-24,21],[-89,0],[-111,-46],[-109,46],[-193,193],[-30,52],[-113,49],[-31,34],[-65,-5],[-75,33],[-44,96],[5,111]],[[48599,75330],[45,41],[38,-23],[-23,160],[-33,50],[60,99],[-7,40],[-41,34],[25,77],[164,58],[33,51],[71,45],[29,-75],[106,-92],[134,58],[135,-73],[36,14],[136,-98],[52,60],[6,66],[56,51],[65,2],[85,47],[3,87],[27,-3],[64,53],[90,10]],[[49955,76069],[34,-22],[48,51],[85,4],[66,-21],[66,44],[79,-21],[-7,-66],[67,-15],[1,-47],[127,9],[104,-60],[12,-50],[-42,-38],[54,-33],[45,0],[94,104],[79,28],[-1,66],[89,11],[31,-116],[-25,-73],[86,-47],[-6,-21]],[[37100,85262],[15,-36],[-14,-86],[-32,-55],[-85,-54],[-20,-34],[-73,-50]],[[36891,84947],[-75,-8],[-103,-102],[-51,-9],[-42,34],[-55,-52],[-55,-22],[6,-64],[132,-86],[-24,-13]],[[36624,84625],[-58,8],[-162,-58],[-29,-75],[-64,-79],[39,-96],[-61,-12],[-46,-61],[32,-30]],[[36275,84222],[-58,1],[-50,-46],[78,-36],[12,-30],[-60,-65],[-95,-54],[27,-40],[-88,-64],[-89,19],[-57,-53],[-94,13],[-56,-74],[-37,-18],[-134,38],[-67,-53],[-112,-44],[-68,-5],[-100,-30],[-48,51],[-102,-14],[-118,3],[-43,32],[-63,-20],[-181,27],[-79,45],[-88,-15],[6,45],[-59,32],[-129,17]],[[34323,83884],[35,52],[6,51],[-25,39],[-4,71],[34,72],[58,22],[23,56],[-8,42],[-46,53],[9,114],[26,66]],[[34431,84522],[-34,106],[-21,26],[-40,132],[-75,65],[-11,55],[-59,13],[-59,68],[-8,44],[57,49],[-108,124],[-17,67],[-101,85],[-23,67],[8,167],[14,9]],[[33954,85599],[54,38],[100,-16],[35,76],[-21,33],[26,46],[53,32],[67,-7],[42,94],[56,32],[27,45],[67,50],[18,66],[93,13],[56,45],[39,70],[96,28],[35,-51],[116,85],[132,116],[100,145]],[[35145,86539],[68,-37],[120,-47],[92,-5],[41,-41],[219,-76],[9,-62],[35,-36],[25,-92],[14,-150],[66,-101],[159,-163],[156,-104],[62,-19],[187,-146],[115,-1],[136,-93],[346,-91],[105,-13]],[[34684,82126],[71,-158],[-47,-88],[17,-69],[-19,-23],[15,-95],[42,-22],[138,-15],[19,-75],[96,-43],[4,-34],[-75,-61],[-11,-48],[34,-66]],[[33140,80383],[-37,100],[-92,130],[-105,101],[-14,37],[-56,43],[-11,38],[11,151],[-27,50],[-8,139],[-38,59],[-78,67],[-74,29],[-50,76],[99,72],[-36,42],[13,49],[107,70],[82,41],[61,47],[18,81],[-24,82]],[[32881,81887],[97,2],[30,-24],[111,67],[4,57],[100,39],[47,97],[34,24],[102,30],[61,81],[74,-46],[80,-30],[34,71],[-37,35],[124,161],[43,0],[61,44],[68,-56],[78,-5],[13,-53],[48,-47],[134,-74],[68,-4],[24,-60],[124,-43],[71,28],[70,-47],[140,-8]],[[53170,69710],[-5,-9]],[[53112,69627],[-34,-26],[-19,12],[-15,-24],[-5,0],[-4,5],[-3,11],[-12,-3]],[[53020,69602],[-38,-15],[-29,-64]],[[52533,69102],[5,-83],[18,-27]],[[52439,68706],[-24,-36],[5,-79]],[[52656,67724],[2,-8]],[[52658,67716],[-66,-36],[-79,12],[-78,-27],[-39,-87],[-68,-106],[-37,43],[-145,-16],[-64,24],[-82,-47],[-62,-16],[-106,63],[-21,56],[-62,47],[-104,35],[-44,44],[3,72],[59,67]],[[51663,67844],[74,33],[-36,55],[-81,-12],[-35,88],[-23,98],[9,50],[-48,109],[-21,146],[52,35],[-25,98],[24,44],[-38,191],[133,-6],[66,-29],[31,18],[-9,62],[26,133],[-24,44],[45,26],[87,15],[17,116],[39,34],[-30,34],[-164,12],[-20,47],[-96,12],[-61,29],[-16,58],[-132,58]],[[51407,69442],[52,21],[21,-2],[55,-7],[-16,19],[-29,17],[-22,51],[-19,6],[10,47],[-123,40],[56,75],[150,52],[91,9],[61,-20],[80,-26],[19,5],[57,49],[59,109],[29,74],[5,23],[21,73],[-14,52],[-111,63],[-68,17],[-30,14],[18,58]],[[51759,70261],[27,36],[92,68]],[[51878,70365],[23,63]],[[51901,70428],[10,24]],[[51911,70452],[72,81],[165,-32],[140,-75],[63,-107],[79,-46],[37,2],[140,92],[115,-4],[69,-88],[77,-77],[169,-138],[109,-58],[-21,-49],[67,-114],[-37,-12],[-22,-92],[37,-25]],[[45027,70240],[-30,-34],[-113,-67],[0,-107],[43,-52],[134,-68],[164,-40],[53,-109],[44,-3],[48,49],[115,36],[63,-3],[188,-64],[21,-73],[-59,-96],[10,-48],[130,-16],[115,-34],[42,23],[123,12],[85,36],[62,47]],[[44436,70585],[46,-44],[95,-42],[128,-17],[176,-43],[141,-67],[17,-102],[-12,-30]],[[54587,74219],[-30,32],[-70,-15]],[[54973,73785],[23,-38],[54,-23]],[[54834,73023],[-44,-27],[3,-45]],[[54864,72861],[-19,-34],[54,-29]],[[54950,72672],[2,-16]],[[54097,73007],[-35,20],[1,51],[-38,76],[-31,6],[-137,117],[-91,-18],[-76,-54],[-80,-19],[-40,-46],[-84,-11]],[[53486,73129],[-1,38],[32,157],[94,52],[-3,77],[-41,37],[-94,-71],[-34,-2],[14,86],[-44,42],[-34,64],[-44,26],[-37,58],[25,62],[-70,12],[-63,-145],[-30,13],[-53,161],[-126,7],[78,52],[-42,24],[0,46],[-58,85],[42,33],[-16,39],[39,67],[105,-2],[83,61],[163,18],[50,201],[48,22],[0,74],[-30,25],[-6,59],[50,24],[-9,130]],[[53474,74761],[80,4],[33,83],[65,74],[57,-11],[-9,-60],[91,20],[31,36],[44,-17],[78,23],[118,61],[37,123],[83,-15],[51,19],[82,-1],[42,-38],[36,-68],[-4,-41],[38,-65],[69,-48],[119,-26],[23,-86],[8,-95],[63,-48],[24,-67],[56,-62],[70,-27],[58,-71],[35,-9]],[[38150,78715],[-90,27],[-28,-29],[-73,-21],[-64,7],[-39,-76],[28,-16],[21,-134],[-14,-40],[173,-70],[2,-43],[-41,-52],[36,-22],[70,-1],[69,-30],[9,-143],[92,-54],[62,-2],[16,-38],[-22,-61],[-34,-9],[-37,-71],[43,-107],[0,-55],[-41,-48],[-70,-14],[82,-84],[57,-166],[-61,-62]],[[38296,77301],[-36,-23],[-84,17],[-65,60],[-3,44],[-101,91],[-71,-16],[-26,55],[-76,55],[-28,99],[-159,-57],[-139,46],[-81,13],[-140,-51],[-65,42],[-118,128],[-64,15],[-54,-120],[-114,-101],[1,-37],[53,-36],[-65,-110],[-57,-34],[-38,14],[-90,-31],[-8,-41],[-90,36],[-64,-46],[-53,38]],[[36461,77351],[-14,120],[-105,30],[-47,114],[-95,21],[-3,64],[20,87],[52,80],[-14,34],[-107,-3],[-23,49],[-59,27],[-61,-72],[-4,-51],[-65,-12],[-41,-41],[-43,-80],[-136,52],[12,-56],[-59,-60],[-52,16],[-39,-30],[66,-146],[18,-107],[-38,-44],[-72,116],[-71,-45],[-130,39],[-43,-50],[-10,-75],[-47,-21],[-20,42],[-42,14],[-64,-62],[-39,25],[-43,-90],[-79,-11],[-34,101],[37,65],[-2,66],[28,38],[-57,42],[-30,-17],[-73,10],[-86,54],[-30,-19],[-67,7]],[[34650,77572],[-8,50],[18,50],[-12,14]],[[34648,77686],[-56,-23],[-4,21],[45,89],[25,14],[7,58],[20,28],[-11,83],[52,30],[-20,40],[52,5],[67,-12],[75,20],[10,-5],[37,39],[-5,66],[32,-36],[44,26],[49,-15],[-15,45],[14,52],[52,22],[2,15],[17,-10],[35,-19],[49,-4],[2,-55],[80,27],[8,45],[63,6],[31,2],[21,29],[83,29],[80,82],[76,-16],[49,41],[-14,42],[-3,30],[34,76],[17,22],[-14,6],[-20,51]],[[35714,78632],[45,34],[-33,32]],[[35726,78698],[7,24],[59,56],[-11,17]],[[35781,78795],[-36,44],[-69,21],[-66,48],[-3,23],[23,10],[-6,27],[0,26],[12,29],[-8,3],[-24,35],[5,12],[0,23]],[[38561,75910],[-28,-63],[108,-35]],[[36559,75737],[75,107],[53,10],[76,50]],[[36763,75904],[76,-23],[84,79],[42,-48],[107,27],[63,-17],[47,75],[44,-37],[51,-8],[33,-46],[73,-49],[53,-54],[116,136],[50,17],[17,40],[79,30],[30,-46],[40,11],[-13,53],[79,17],[160,-9],[16,27],[86,-18],[15,-95],[34,-14],[99,13],[57,33],[95,2],[67,-25],[74,-8],[24,-57]],[[48587,73827],[-88,-6],[-28,52],[-82,13],[-25,70],[-62,7],[1,66],[-62,-14],[-41,50],[-51,17],[-40,-20],[-66,22],[-49,-31],[-22,52],[-52,31],[-58,-7],[-67,24],[-63,63],[-130,-17],[-62,39],[-26,-37],[-56,-2],[-5,80],[-46,23],[-61,-3],[-52,-79],[-74,28],[-60,68],[-37,-37],[-61,49],[-163,10],[-44,-24],[6,-58],[-28,-39],[-127,56],[13,50],[68,4],[-5,42],[15,134]],[[47326,75434],[94,-8],[72,-79],[50,-85],[199,-40],[104,31],[21,26],[91,49],[61,-15],[114,24],[77,55],[55,-13],[47,43],[106,-18],[46,23],[68,-18],[3,-33],[65,-46]],[[38638,78510],[11,-22],[146,-5],[111,-66],[60,45],[67,-24],[47,-36],[26,-52],[-17,-50],[75,-28],[65,36],[43,-28],[72,23],[8,-34],[118,10],[27,88],[71,14],[42,61],[66,-13],[11,-62],[-35,-129],[46,-20],[22,-139],[-15,-102],[20,-57],[137,-18],[-14,-49],[59,-16]],[[39907,77837],[57,-22],[49,-58],[-27,-48],[-60,-27],[12,-74],[-104,-103],[-17,-64],[76,-90],[34,-62],[14,-123],[23,-56],[-79,-74],[-33,-116],[89,-48]],[[39941,76872],[-23,-20],[-77,12],[-56,-161],[-61,-21],[-104,67],[-79,6],[-39,-64],[-44,-24],[-85,-12],[-43,29],[-44,77],[-31,15],[-20,70],[-112,13],[-145,-9],[-72,58],[-50,-1],[-3,-55],[-58,-57]],[[38795,76795],[-69,41],[-39,55],[-29,-39],[-55,17],[-22,79],[-61,37],[29,41],[-12,110],[-66,-28],[-41,10],[1,85],[-74,2],[-20,69],[-41,27]],[[43236,72755],[2,-62],[109,-68],[183,-51],[175,-151],[52,-10],[87,23],[142,69],[89,-3],[76,44],[110,10],[23,-16],[74,12],[67,-15],[75,-61],[86,-119],[21,-71],[160,-90],[-6,-67],[54,-21],[117,-16],[7,-39],[121,1],[49,-33],[-4,-50],[19,-146],[63,-63],[118,-40],[82,-12],[109,-89],[29,-37]],[[45525,71584],[-76,-108],[3,-34],[-75,-15],[-110,-61],[-38,32],[-48,-70],[-18,-88],[-104,8],[-13,-75],[26,-64],[55,16],[60,-52],[-78,-14],[9,-31],[-26,-75],[25,-16],[-27,-156],[52,-6],[57,-39],[-9,-30],[52,-52],[28,-69],[-32,-114],[61,-24],[-39,-73],[-80,-23],[-61,-132],[-92,21]],[[42108,71920],[-96,-41],[-74,21],[-57,96],[-45,44],[-121,-31]],[[41715,72009],[-33,132],[-35,53],[107,70],[52,218],[28,46],[41,-16],[28,37],[39,-21],[38,45],[28,68],[10,86],[61,41],[46,4],[30,44],[88,27],[81,64],[113,29],[16,41],[85,2]],[[42538,72979],[22,-13]],[[42560,72966],[40,55],[60,-14],[37,18],[35,20],[28,-4],[20,17],[4,70],[74,24]],[[42858,73152],[38,-19],[84,10],[30,-65],[-22,-133],[34,-76],[152,-25],[62,-89]],[[36461,77351],[-28,-135],[30,-48],[-13,-59],[-44,0],[-54,-40],[107,-24],[54,-70],[83,-72],[-32,-71],[-63,-5],[41,-86],[55,-6],[75,-66],[39,4],[52,-71],[-54,-13],[7,-63],[44,-6],[-36,-94],[-72,54],[4,-90],[-31,-86],[19,-77],[-4,-72],[79,-35],[-34,-35],[21,-70],[41,-31],[16,-80]],[[33837,77051],[22,11]],[[33859,77062],[38,41]],[[33897,77103],[6,9]],[[33903,77112],[33,59],[-25,45]],[[33911,77216],[-1,65],[55,5]],[[33965,77286],[47,-20],[4,24],[51,7],[33,16],[0,23],[13,24],[54,-17],[49,-25],[21,53],[26,8],[-3,23],[-44,30],[-71,13]],[[34145,77445],[31,47],[60,29]],[[34236,77521],[13,11],[32,-31],[53,-56],[50,9],[54,-24],[16,14],[59,56],[38,10],[22,16],[7,65],[6,4],[42,-25]],[[34628,77570],[22,2]],[[31701,81705],[-3,25]],[[31581,81860],[-27,41],[-5,69]],[[31667,82065],[32,64],[-90,85],[22,102]],[[31665,82366],[62,-19],[65,26],[74,-4],[54,-24],[-40,-73],[22,-97],[105,-29],[96,43],[39,-26],[108,73],[54,9],[155,-116],[43,37],[87,-59],[21,-62],[43,-49],[40,-8],[74,61],[71,-71],[43,-91]],[[34359,83031],[11,-50],[-23,-54],[25,-38],[-3,-114],[52,-63],[25,-108],[2,-81],[38,-54],[77,-56],[64,-80],[12,-66],[45,-141]],[[31205,82806],[0,49],[66,-7],[13,82],[59,-33]],[[31648,82820],[45,-21],[61,25]],[[31761,82785],[15,-22],[132,-33],[17,55]],[[31899,82855],[16,9],[0,21],[-41,39]],[[31948,82982],[-34,19],[-2,99],[52,19],[9,23],[17,20],[12,28]],[[32033,83276],[10,12],[44,3]],[[32087,83291],[7,-76],[107,-22],[55,4],[94,-47],[78,28],[44,-27],[70,10],[21,-62],[75,15],[127,1],[17,-39],[113,24],[49,-100],[-14,-92],[52,-55],[-3,-81],[-75,-46],[-16,-65],[24,-55],[120,-26],[67,50],[125,67],[16,69],[67,26],[146,32],[60,-5],[-12,84],[-24,44],[4,72],[22,33],[52,-20],[47,36],[104,-43],[8,-58],[58,21],[78,-6],[28,49],[63,-19],[59,34],[78,11],[81,-35],[108,-10],[92,19]],[[54280,70347],[-13,-42],[-76,-46]],[[54195,70220],[28,-53],[-50,-14]],[[54070,70147],[38,-27],[-7,-24],[-23,-37]],[[54078,70059],[-50,-36],[-40,6]],[[53238,69705],[-68,5]],[[51911,70452],[-20,49]],[[51891,70501],[-24,-3],[-31,-59],[4,-15],[-25,12]],[[51815,70436],[-69,7],[-48,49]],[[51698,70492],[-68,-3],[29,-45],[18,-53],[-17,3],[-34,32],[-14,-35],[-22,-1],[-57,103],[3,49],[21,14],[-18,48]],[[51539,70604],[36,72],[-18,162],[-45,69],[9,76]],[[52487,71593],[114,-59],[28,75],[53,13],[-2,57],[95,33],[70,-26],[36,40],[71,-45],[31,62],[65,36],[154,0],[121,58],[161,2],[11,41],[78,2],[98,-87],[55,-21],[78,15],[22,-38]],[[48330,77356],[-3,-13],[-10,-13],[-1,-6],[47,-54]],[[48647,76615],[98,-24],[171,-100]],[[49202,76227],[143,77],[65,109]],[[49410,76413],[43,85],[35,124]],[[49539,76642],[18,-62],[69,-82],[44,5],[52,-41],[15,-72],[55,-83],[-38,-39],[57,-70],[-10,-66],[154,-63]],[[46861,77285],[4,-4],[43,23],[49,-40],[23,-24],[21,-12],[24,-8],[23,1],[-3,-55],[34,-2],[34,2],[14,-35],[21,-49],[32,-24],[16,29],[12,-10],[20,26],[32,13]],[[47260,77116],[-2,56],[48,101]],[[47306,77273],[8,18],[77,14],[13,-11],[35,-14],[0,-8],[8,-20],[42,8],[57,37],[-38,20],[2,21],[25,23],[-19,23],[-11,47],[8,31],[22,8],[79,43],[-4,10]],[[47610,77523],[-21,15],[15,102]],[[47604,77640],[17,41],[7,21],[12,-18],[25,-9],[23,12],[9,6],[20,24],[7,-11],[24,1],[41,-36],[23,-17],[5,-23],[10,-27],[69,17],[58,5],[18,-15],[39,11],[69,-38]],[[53180,75635],[-25,-97],[-40,-36],[111,-69],[5,-39],[59,-41],[56,-94],[-8,-75],[96,-62],[-29,-69],[41,-34],[-15,-84],[43,-174]],[[53486,73129],[-21,-19],[-68,54],[-9,50],[-120,25],[-130,94],[-92,0]],[[51531,73826],[39,28]],[[51570,73854],[48,37],[8,26],[-4,27],[3,56],[-32,77],[12,18],[56,35],[114,23],[95,42],[12,-18],[49,-46],[25,10],[14,43],[15,63],[-51,38],[-15,-13],[-40,14],[-44,32],[-61,88],[6,11],[8,25],[-27,87],[-42,7],[-26,10],[-18,74],[53,17],[14,54],[9,34],[-7,29],[-30,17],[-66,24],[33,78],[-12,-1],[-25,-15],[-26,22],[-21,42],[0,59],[14,16],[25,-4],[30,-18],[0,38],[68,17],[45,52],[6,96],[-22,20],[-20,14],[-5,-30],[-28,-14],[-35,7],[9,44],[-7,44],[-45,67],[34,11],[16,4]],[[51682,75344],[37,69],[8,66]],[[51727,75479],[21,74],[9,21],[10,63],[63,-68],[39,35]],[[51869,75604],[23,-17],[112,17]],[[52004,75604],[35,52],[-32,34]],[[52007,75690],[38,12],[8,31],[-41,38],[5,44],[30,-18],[18,39],[-58,7],[-33,-14],[-10,24],[41,19],[2,8],[-11,48],[35,10],[13,10],[25,54]],[[52069,76002],[-19,25]],[[52050,76027],[46,-57],[48,-23],[71,9],[5,-16],[29,-46],[45,-17],[-5,-85],[43,-60],[28,-47],[54,10],[-22,24],[8,27],[25,6],[86,118],[52,28],[232,-8],[-17,-33],[52,4],[38,-3],[13,-5],[56,-33],[-20,-35],[1,-13],[41,-39],[7,-10],[39,-15],[-5,-39],[180,-34]],[[41316,70074],[-49,-25],[-149,98],[-41,-10],[-74,29],[-23,46],[46,129],[-7,49],[-57,-20],[-65,10],[-10,35],[42,47],[-32,80],[-61,14],[61,49],[40,11],[4,62],[45,76],[-64,23],[-95,136],[-94,42],[-29,-59],[46,-51],[-53,-76],[-99,16],[-72,-70],[-75,-9],[-41,-106],[-99,7],[-28,-41],[20,-42],[-50,-106],[-146,68],[-65,-2],[-49,34],[15,80],[-102,74],[-53,-21],[10,-39],[-144,-33],[22,-109],[-67,-10],[-8,-91],[-101,-12],[-39,50],[-38,-2],[-93,-71],[-7,55],[-85,4],[-17,-34],[-78,13],[-69,27],[-30,-16],[-59,64],[-81,11],[-57,-18],[-79,49],[-53,16]],[[38780,70505],[75,88],[-28,68],[37,75],[-83,-23],[-50,95],[12,67],[-58,75],[46,36],[71,-10],[-59,82],[31,52],[-50,61],[4,62],[67,52],[16,44],[-78,19],[-3,114],[71,-1],[10,75]],[[38811,71536],[38,51],[72,-27],[70,-60],[48,17],[-14,123],[120,113],[46,9],[73,-73],[44,-65],[43,10],[70,105],[-11,63],[-95,-17],[-55,17],[-17,51],[38,54],[143,-37],[144,66],[-37,74],[54,37],[66,-30],[48,-63],[39,-14],[95,86],[50,-74],[113,21],[40,-23],[54,-126],[39,-27],[94,-6],[30,74],[-13,94],[40,13],[63,-99],[44,-22],[59,5],[-22,134],[9,69],[-76,65],[21,70],[77,0],[-36,-69],[58,-12],[46,57],[68,18],[36,-22],[49,61],[-24,27],[85,73],[9,59],[-37,11],[-57,-51],[-58,3],[37,65],[77,-2],[1,104],[-86,126]],[[40623,72642],[18,14],[43,114],[2,124],[45,16],[52,-32],[12,-75],[-36,-134],[-10,-74],[40,-28],[150,-12],[217,46],[68,-8],[63,-87],[-17,-113],[-86,-73],[46,-51],[68,-16],[68,-44],[19,-32],[89,-47],[97,-25],[66,-115],[78,19]],[[41970,78608],[-8,-102],[13,-45],[-28,-30],[10,-94],[58,-25],[-66,-70],[43,-44],[24,-59],[-19,-31],[45,-109],[43,-20],[31,-103],[130,-39],[7,-35],[67,-109],[22,-62],[55,-60],[44,0],[9,-73],[28,-63],[-14,-36],[44,-43],[52,-5],[18,-63],[48,-9],[-20,-55],[41,-27],[37,-136],[70,-7],[32,32],[44,-16],[20,85],[133,-95],[53,16],[21,-51],[54,29],[26,-40],[29,-103],[145,-31],[59,60],[42,2],[144,-132],[68,21],[92,-150],[12,-113],[-45,-14],[8,-73],[65,-12],[0,-31]],[[43756,76438],[-29,-15],[-85,46],[-38,-44],[-44,16],[-98,-2],[-106,-81],[0,-46],[-89,-17],[-67,44],[-69,14],[-32,-74],[-48,-8],[-9,-43],[-47,-32],[-29,20],[-38,-59],[-96,-59]],[[42832,76098],[-54,-34],[-54,21],[-96,-83],[-47,12],[-35,-45],[-52,2],[-57,-39],[4,-71],[-68,-23],[-9,-71],[16,-40],[-48,-92],[-58,66],[-17,63],[-35,32],[-80,-28],[-76,96],[3,71],[-40,83],[-41,-9],[-73,52],[44,49],[-12,42],[-66,19],[-117,-13],[-33,-53],[-44,-158],[-31,-20],[-53,20],[-51,-37],[-57,-7],[35,140],[-40,4],[-38,-45],[-58,-18],[-58,5],[-68,38],[-29,-45],[17,-73],[-67,-5],[-96,-95],[-23,-55]],[[41070,75754],[-82,77],[-25,50]],[[40963,75881],[-18,91],[-98,168],[-43,50],[3,112],[-32,39],[-76,17],[-76,67],[-22,97],[-37,87],[-65,19],[-75,-8],[-20,88],[-90,-15],[-98,-2],[-91,81],[-156,96],[-28,4]],[[39907,77837],[55,49],[-15,192],[-65,35],[25,73],[-6,82],[-37,9],[-10,96],[-35,11],[-9,55],[27,73],[113,72],[30,176],[68,-1],[32,-23],[66,-114],[100,-96],[130,-26],[49,10],[57,92],[-3,87],[126,11],[50,35],[65,12],[35,46],[88,-8],[109,17],[34,51],[107,-10],[49,23],[-37,38],[1,48]],[[41106,78952],[93,49],[125,-29],[38,6],[-19,-88],[46,0],[48,63],[37,-33],[113,51],[170,-71],[80,-108],[22,-65],[40,-9],[17,-67],[54,-43]],[[35781,78795],[11,-17],[-66,-80]],[[35726,78698],[33,-32],[-45,-34]],[[34648,77686],[12,-14],[-18,-50],[8,-50],[-22,-2]],[[34236,77521],[-60,-29],[-31,-47]],[[33965,77286],[-55,-5],[1,-65]],[[33903,77112],[-70,45]],[[33826,77162],[-106,90],[-19,199],[0,270],[9,100],[-39,42],[-5,62]],[[33666,77925],[-33,68],[-50,6]],[[33583,77999],[-39,39],[58,78]],[[33602,78116],[11,14],[34,47],[-31,67]],[[33850,78337],[10,-36],[104,19]],[[34042,78567],[-59,59],[-19,54]],[[34129,79004],[56,29],[24,-40]],[[34497,78913],[55,13],[31,-26],[-9,-64]],[[34723,78636],[47,24],[147,-120]],[[34917,78540],[194,10],[138,80],[83,130],[46,130]],[[35378,78890],[101,139],[45,133],[9,-8],[15,-7]],[[39175,73668],[35,-58],[43,-21],[98,64],[71,-18],[-19,-60],[-136,-82],[-9,-46],[74,-111],[104,-47],[16,-24],[238,-53],[-6,-119],[119,-46],[100,-22],[57,-32],[123,-4],[11,-60],[-80,-85],[-3,-37],[95,-34],[50,-64],[88,-24],[93,-4],[101,50],[107,-81],[78,-8]],[[38811,71536],[-49,-38],[-80,7],[-52,-11],[-89,-58],[-98,85],[35,75],[-71,4],[-53,-79],[-96,58],[-41,-48],[-45,-19],[-91,43],[-185,46],[-55,41],[32,82],[-101,57],[35,111],[-104,-2],[-8,-117],[-42,-11],[-80,43],[14,45],[-33,29],[-17,56],[62,-11],[35,27],[83,-7],[13,44],[-151,41],[-13,29],[-68,19],[-52,-25],[-85,37],[-48,-27],[-55,40],[-49,13]],[[51539,70604],[-45,12],[-23,-35]],[[51471,70581],[-17,-15]],[[51454,70566],[-23,8],[-41,105]],[[51390,70679],[-27,18],[-16,-17]],[[51347,70680],[-31,-44],[12,-41]],[[51328,70595],[-40,10],[-42,12],[-15,0],[-18,-27],[-32,-57],[-20,-24],[-8,-2],[-23,0],[-33,20],[7,48],[-4,9],[-14,24],[-13,32],[-14,27],[-11,8],[-25,1],[-11,-3],[-53,1],[-4,1],[-24,1],[-8,-2],[-43,-13],[-9,0],[-11,14],[-16,29],[-22,8],[-4,-4],[-26,-40],[0,-2],[-10,-13],[-23,5],[-6,2],[-18,9],[-8,-53],[-25,-6],[-9,-4],[-41,4],[-11,2],[-12,3],[-25,-3],[-8,0],[-8,-6],[-5,-6],[-6,-17],[-4,-10],[-7,0],[-11,4],[-12,-8],[0,-7],[-10,-32],[-1,-3],[-14,-4],[-15,1],[-19,11],[-9,9],[-29,27],[-30,7],[-13,7],[-4,2],[-6,0],[-17,1],[-37,-19],[-37,-31],[-5,-5],[3,-7],[11,-10],[20,-15],[6,-15],[1,-31],[-25,-40],[-14,-12],[-13,-42],[33,-32],[34,-20],[20,-4],[2,-12],[-1,-17],[1,-4],[-9,-3],[-16,-1],[-26,-2],[-39,-5],[-16,-6],[0,-11],[-10,-24],[6,-6],[9,2],[8,-7],[13,-5],[12,-7],[8,-8],[2,-6],[2,-19],[-26,-3],[-30,-1],[-28,-1],[-39,-56],[-1,-16],[3,-16],[3,-5],[17,-32],[9,-11],[0,-5]],[[50227,70018],[-2,-3],[-35,17],[-29,6],[-20,-1],[-12,0],[-61,-6],[-4,-2],[-7,-4],[-21,-7],[-8,-2],[-13,-2],[-20,-3],[-18,42],[45,-12],[9,1],[6,23],[-11,8],[-21,10],[-21,5],[-33,16],[-18,-3],[-21,-4],[-6,0],[-9,14],[14,25],[36,44],[4,21],[-8,17],[-18,10],[-9,1],[-30,-1],[-34,9],[-18,-29],[6,-26],[2,-22],[1,-12],[-2,-8],[-22,-43],[-8,-3],[-20,16],[-7,48],[-1,7],[0,23],[-8,38],[-15,23],[-16,14],[-25,8],[-17,2],[1,-32],[1,-2],[12,-4],[8,-2],[19,-15],[1,-2],[-1,-15],[-5,-13],[-22,-10],[-6,-1],[-23,2],[-22,8],[-22,8],[-36,1],[-1,20],[-5,31],[-14,22],[0,17],[-8,17],[-4,7],[-9,10],[-7,4],[-21,5],[-11,-1],[-33,-19],[-7,-3],[-29,-12],[-20,19],[3,6],[15,14],[14,7],[1,2],[15,17],[-19,11],[-33,4],[-16,5],[-25,8],[-7,5],[-7,4],[-1,8],[-4,48],[0,4],[-1,16],[-24,7],[-25,-3],[-20,1],[-19,-30],[-9,-5],[-16,-11],[6,-11],[5,-10],[4,-5],[-19,-22],[-4,-4],[-5,15],[-17,29],[-21,45],[-8,23],[-2,2],[-13,-1],[-1,-8],[2,-18],[-34,11],[-10,5],[-28,4],[4,-19],[8,-7],[-1,-14],[-32,1],[-16,7],[-17,5],[-16,11],[-11,51],[-10,8],[-38,22],[-7,0],[-11,0]],[[48364,71090],[27,15],[18,72],[41,-5],[29,39],[25,105],[-60,155],[-33,36],[42,37],[-18,77],[28,35],[62,-33],[51,63],[72,-25],[61,5],[116,100],[24,122],[54,29],[76,3],[44,55],[32,-35],[66,30],[36,-20],[29,98],[-102,25],[-51,77],[52,15],[14,51],[124,-23],[76,32],[21,103]],[[49320,72328],[44,-13],[112,-2],[26,-15],[12,-101],[74,24],[-20,38],[69,39],[-7,42],[-42,14],[23,58],[-38,32],[-91,-7],[-43,24],[1,113],[-104,107],[31,35],[7,84],[103,-15],[36,50],[33,-37],[133,44],[23,-30],[94,-25],[-11,39],[17,83],[38,14],[63,108],[90,-55],[2,-38],[154,-36],[36,-39]],[[38780,70505],[-36,-84],[-55,-54],[25,-76],[-96,-88],[-33,-50],[28,-99],[-55,-11],[-38,-52],[-49,-34],[-16,-67],[-61,-80],[24,-56]],[[35945,69375],[-40,-35],[-84,-108],[-93,-50],[-66,-85],[-132,-87]],[[36275,84222],[25,-174],[24,-39],[-55,-56],[31,-38],[74,32],[23,-44],[-42,-21],[42,-70],[-111,-99],[-12,-42],[-74,-58],[-20,-38],[40,-85],[47,-22],[83,-96],[-68,-56],[-16,-55],[67,-41],[-40,-61],[-21,-65],[-39,-16],[-45,-87],[-66,-48],[-29,12],[-35,-65],[17,-44],[-168,-51],[-92,-15],[-99,-60],[-59,-22],[-68,36],[-65,-34],[-60,44],[-25,-34],[-48,30],[-50,-56],[47,-33],[-22,-66],[17,-70],[1,-107],[23,-131],[-62,-44],[38,-132],[40,2],[4,-68],[45,-31],[-25,-33],[-19,-97],[36,-43],[-58,-78],[39,-36],[-2,-89],[-44,-80]],[[34359,83031],[-40,81],[-47,1],[-94,54],[25,83],[-42,84],[23,70],[98,79],[4,88],[21,96],[-57,159],[73,58]],[[40963,75881],[-72,30],[-68,-62],[-59,23],[-64,-25],[28,-98],[-25,-78],[27,-26],[-34,-58],[77,-56],[-57,-53],[-70,31],[-45,-26],[-64,11],[-13,-78],[18,-41],[-32,-28],[-88,62],[-40,-69],[51,-46],[-89,-93],[-78,13],[-51,37],[-87,-58],[-70,52]],[[38561,75910],[112,22],[78,75],[13,69],[47,83],[8,84],[112,67],[-5,54],[-42,40],[-85,23],[-18,85],[51,23],[22,41],[-64,69],[5,150]],[[41070,75754],[56,0],[79,-93],[-8,-25],[65,-60],[-6,-127],[57,-158],[-5,-77],[45,-122],[83,-78],[102,-133],[61,-14],[101,16],[90,-67],[86,-131]],[[41876,74685],[-31,-7],[-54,-19],[-13,-32],[13,-92],[3,-10],[-49,-64],[11,-45],[-38,12],[5,14],[-37,15],[-26,-62],[-22,-103],[-17,2],[-38,-7],[-12,-6],[-69,2],[-29,-43],[-7,-63],[-60,-35],[-21,5],[6,-33],[45,-44],[-57,4],[-14,7],[-39,-56],[28,-40],[28,-106],[-6,-64],[12,7],[13,-15],[-11,-50],[27,-20],[-38,-60],[39,-1],[19,-41],[-17,-52],[17,-51],[18,-33],[17,-55],[-42,-4],[8,-21],[20,-36],[24,-56],[18,-6],[16,6],[-10,7],[56,15],[25,-11],[65,-14],[6,-28],[3,-45],[34,-12],[91,36],[37,-13],[14,0],[30,-6],[15,22],[32,25],[18,20],[32,15],[96,23]],[[42060,73361],[41,-26],[53,6]],[[42154,73341],[49,-4],[46,3],[26,-47],[3,-46],[21,-31],[31,-27],[-15,-33],[23,-22],[11,-50],[17,-16],[89,-40],[72,-14]],[[42527,73014],[11,-35]],[[41876,74685],[32,-49],[37,-60],[-26,-127],[-4,-45],[31,-97],[20,-32],[105,-121],[27,-28]],[[42098,74126],[106,-60],[54,-7]],[[42258,74059],[21,-14],[14,-86],[26,-24],[77,-64],[117,-79],[48,-33],[87,-61],[76,-43],[24,-38],[11,-51]],[[42759,73566],[-5,-57],[61,-125],[22,-84]],[[42837,73300],[2,-6],[-2,-71],[21,-71]],[[42560,72966],[-33,48]],[[42154,73341],[-53,-6],[-41,26]],[[45525,71584],[11,-26],[102,-118],[93,-4],[28,-31],[2,-60],[-67,-103],[-57,-26],[15,-56],[56,-48],[103,-20],[81,-90],[83,-78],[67,-11],[35,-38],[71,-21],[51,12],[71,-162],[62,-31],[71,53],[47,4],[37,36]],[[54429,77085],[-6,-7]],[[54462,76969],[141,-37],[27,-18]],[[54701,76801],[8,-11],[22,-70],[-3,-11],[-16,-20],[-45,-48]],[[54752,76305],[13,-38],[60,-28],[42,-34],[39,7]],[[54922,76170],[-34,-88],[33,-23],[33,-56]],[[54909,75786],[39,-5],[5,-64],[-24,-21]],[[54987,75627],[60,-45],[40,14]],[[55239,75495],[65,-61],[64,-18]],[[55656,75455],[-4,-53],[-28,-34]],[[55643,75259],[-45,-97],[-37,-37]],[[55593,75059],[29,-33],[42,13]],[[55998,74612],[-88,-19],[-66,6]],[[55297,74639],[12,41],[-79,0]],[[53180,75635],[31,1],[15,125],[15,4],[35,21],[49,9],[23,-69]],[[53348,75726],[40,-9],[14,54]],[[53402,75771],[9,13],[44,3],[2,50],[-10,7],[-8,24]],[[53439,75868],[15,15],[98,-22]],[[53552,75861],[68,-17],[28,27]],[[53648,75871],[0,40],[91,-12],[23,-28],[54,23],[15,106],[21,26],[79,4],[-38,44],[-22,27],[2,56],[16,28],[-49,8],[-26,61],[65,4],[29,-29],[26,18],[5,78],[-68,7],[46,38],[40,14],[11,27],[24,38],[63,8],[19,79],[7,77],[16,59],[50,36],[-119,-35],[-35,-3],[46,37],[52,36],[-29,34],[-7,23],[16,62],[6,-1],[19,-35],[12,-18],[16,-7],[39,28],[-2,34],[-13,47],[-39,4],[-21,-6]],[[54088,76908],[-46,26],[-2,35]],[[54040,76969],[27,15],[22,-2],[8,-3],[18,-10],[36,13]],[[54151,76982],[76,24],[-36,43]],[[54191,77049],[-5,28],[43,60],[75,22],[18,8],[17,-50],[47,3],[43,-35]],[[45393,78634],[-23,-23]],[[45370,78611],[-45,-3],[-31,-19],[-35,-3],[-32,15],[3,39],[58,29],[-10,55],[-46,16],[-23,16],[-5,39],[-49,7],[-5,-18],[-29,-11],[-7,-15],[-29,-13],[-28,12],[-10,28],[-55,37],[44,64],[37,7],[69,-4],[6,24],[-13,14],[-51,21],[-40,28],[-73,30],[-42,-21],[-72,32],[-8,74],[-58,-13],[-20,-42],[-56,1],[0,30],[-30,0],[-37,52],[-46,39],[-24,-42],[-60,15],[-27,-19],[-18,35],[-33,2],[-53,9],[-36,3],[-48,19],[38,89],[1,41],[43,54],[-34,25],[-52,-5],[-77,59],[-33,-108],[-36,-5],[-10,-62],[-56,-25],[-117,-17],[-77,-44],[-10,-30],[-60,-5],[-18,-90],[-47,-28],[-131,99],[-92,-52],[-66,17],[-7,-78],[-61,71],[-120,67],[-38,-14],[-144,59],[-81,-219],[-23,-24],[-7,-80],[-89,19],[-49,-24],[-43,88],[-43,7],[-4,85],[-72,44],[-20,-46],[-38,-8],[-44,-80],[-60,12],[-27,-55],[-49,-48],[-53,-22],[-47,9],[-50,-33],[-79,-85],[-156,-53],[-95,-77]],[[41106,78952],[-39,145],[10,55],[-48,2],[-11,50],[70,60],[-11,44],[-79,64],[-18,84],[20,70],[127,-5],[67,44],[0,73],[81,64],[40,99],[123,21],[54,51],[51,8],[61,47],[80,100],[54,-11],[38,61],[10,54],[-38,44],[2,79],[-17,63],[23,63],[94,-3],[19,25],[63,-17],[26,131],[-35,26],[2,72],[30,41],[18,70],[-24,60],[18,43],[76,98],[119,135],[9,51],[-30,27],[-14,115],[-35,89],[-37,19],[-127,155]],[[41928,81518],[34,50]],[[41962,81568],[40,52],[65,-19],[60,-54],[62,-5],[53,72],[93,7],[51,82],[2,48],[-59,22],[-74,114],[-83,163],[-44,-13],[-68,67],[-124,27],[5,92],[105,159]],[[42046,82382],[14,-86],[120,-81],[38,-59],[50,2],[99,35],[80,-14],[81,-55],[36,-113],[121,-85],[56,-57],[27,78],[-30,12],[-63,332],[9,22],[117,74],[100,-11],[75,-30],[-36,-70],[91,-33],[18,-49],[138,-20],[57,30],[41,-81],[-8,-60],[64,-4],[-19,-61],[84,-72],[82,24],[103,-33],[6,-60],[71,-23],[-19,-53],[52,-31],[55,-1],[97,-79],[41,-10],[71,47],[70,-15],[43,-30],[-25,-45],[15,-75],[42,-23],[94,-18],[71,-64],[48,-13],[71,74],[61,-9],[-15,-50],[72,-39],[-59,-46],[101,-21],[87,-69]],[[44931,74525],[-80,-24],[-55,-100],[-80,11],[-45,-92],[-47,-20],[1,-37],[-114,-77],[-65,80],[-90,43]],[[44356,74309],[-118,84],[-100,39],[-32,63],[-69,48],[-55,3],[-8,53],[-60,35],[37,38],[-35,41],[-65,24],[-39,54],[-60,-12],[-108,-51],[-44,77],[-86,73],[-44,-44],[7,-31],[-58,-39],[-105,124],[64,41],[-59,65],[7,113],[-20,59],[121,-32],[65,39],[-45,41],[10,52],[-45,18],[-86,135],[-37,28],[6,47],[-45,40],[-121,61],[-63,14],[-1,30],[47,54],[-60,22],[-57,135],[-54,-10],[-35,-62],[-72,40],[35,70],[95,29],[6,80],[-43,7],[-27,57],[-68,37]],[[43756,76438],[81,46],[20,29],[87,29],[43,-5],[37,83],[85,34]],[[54450,77093],[-21,-8]],[[54191,77049],[36,-43],[-76,-24]],[[54040,76969],[2,-35],[46,-26]],[[53648,75871],[-28,-27],[-68,17]],[[53552,75861],[-98,22],[-15,-15]],[[53402,75771],[-14,-54],[-40,9]],[[52050,76027],[-27,26],[12,60]],[[52035,76113],[-35,2],[-35,-15],[-97,-47],[23,25],[-37,11],[-17,11],[-4,-34],[-41,-2],[-10,29],[21,42],[-28,-6],[31,74],[-35,14],[-26,9]],[[51745,76226],[0,24],[30,-1],[21,22],[-32,28],[-47,177],[46,-17],[31,41],[-75,113],[82,68],[100,-39],[4,72],[-33,34],[27,59],[-38,25],[10,53],[46,20],[52,-7],[77,71],[-23,70],[67,34],[79,62],[-40,38],[91,69],[-1,33],[71,33],[48,-11]],[[52338,77297],[136,-11],[72,28],[19,39],[56,36],[2,37],[47,22],[-12,55],[72,57],[6,36],[-50,38],[-31,64],[63,58],[-46,82],[783,-38],[178,-84],[142,-76],[430,-215],[87,-70]],[[33602,78116],[-58,-78],[39,-39]],[[33666,77925],[5,-62],[39,-42],[-9,-100],[0,-270],[19,-199],[106,-90]],[[33627,77155],[-100,9],[-19,-32]],[[33859,77062],[-20,46]],[[33833,77157],[64,-54]],[[32087,83291],[17,8],[17,81],[34,42]],[[32054,83996],[13,45],[100,209],[20,59]],[[32187,84309],[76,-29],[37,50],[100,75],[72,33],[-4,27],[65,66],[126,-33],[30,-81],[61,-13],[19,79],[27,25],[69,-15],[35,-45],[-4,-39],[90,-5],[106,-29],[117,-71],[-7,-57],[75,1],[28,56],[140,8],[57,93],[114,-62],[34,23],[61,-8],[19,56],[33,22],[65,-10],[52,37],[45,-13],[31,56],[78,-4],[50,52],[157,-3],[94,-37],[96,8]],[[50148,69468],[4,0],[4,1],[8,3]],[[50164,69472],[6,5],[5,8],[27,37],[14,3],[17,0],[11,0],[21,-1],[18,-2],[3,0],[12,-17],[3,-19],[15,-1],[26,3],[29,3],[14,-25],[4,-9],[23,-16],[12,-1],[19,4],[11,22],[1,12],[2,13],[5,44],[3,6],[44,-2],[10,15],[7,1],[5,-23],[-35,-19],[4,-6],[2,-5],[6,-7],[2,-3],[7,-9],[5,-6],[5,-11],[-1,-4],[-8,-13],[6,-42],[5,-6],[7,-4],[16,0],[10,2],[4,5],[-2,8],[-14,17],[-1,16],[-2,24],[15,8],[24,10],[2,1],[23,8],[37,5],[22,-7],[2,-10],[-20,-25],[-8,-5],[0,-38],[10,-9],[-3,-15],[-4,-4],[-4,-2],[-5,-3],[-23,-6],[17,-30],[13,-19],[6,-4],[4,-9],[-1,-5],[-52,6],[-7,2],[-25,6],[-25,-12],[7,-16],[5,-17],[4,-13],[3,-4],[14,-9],[22,-4],[6,-6],[-14,-20],[-11,-11],[2,-11],[19,-14],[14,-2],[7,15],[5,21],[1,15],[1,7],[12,-2],[17,-5],[18,-4],[9,-18],[12,-18],[9,-3],[9,-3],[5,-12],[11,-14],[23,-2],[25,3],[19,10],[10,11],[6,10],[6,12],[4,6],[10,17],[16,12],[8,8],[-18,7],[-2,1],[-1,10],[4,12],[15,11],[5,1],[23,-9],[4,9],[5,8],[8,10],[20,8],[5,-1],[6,4],[4,7],[19,5],[5,-3],[24,5],[14,0],[59,-19],[28,0],[23,0],[19,-2],[36,-3],[37,-3],[24,-4],[31,-7],[33,-3],[33,16],[40,45],[37,87],[8,-1]],[[51663,67844],[-65,-4],[-109,-61],[-40,70],[-75,-32],[-32,49],[48,69],[-50,32],[-6,192],[-42,14],[-49,-38],[1,-32],[-56,-88],[-47,-20],[-7,-72],[-82,22],[-85,-33],[-43,20],[-45,-14],[-49,20],[-96,5],[-50,44],[-58,-10],[-22,-33],[-69,-22],[-102,-61],[-94,-9],[-77,36],[-4,-72],[-149,-91],[-110,14],[24,124],[-71,-37],[-49,48],[-59,23],[-38,-58],[-84,-26],[6,-105],[18,-42],[6,-104],[-64,-20],[1,-64],[45,-40],[-3,-51],[-72,-29],[-9,-40]],[[48756,69221],[6,-2]],[[48762,69219],[25,11],[26,13],[5,4],[10,18],[-4,16],[-14,14],[-15,5],[-31,12],[-23,7],[-5,1],[-21,7],[-29,10],[-10,4],[-12,65],[1,3],[8,22],[7,9],[13,33],[11,21],[14,25],[38,36],[7,3],[7,4],[22,4],[19,3],[6,-1],[28,-2],[23,-14],[13,-12],[17,-17],[7,-5],[9,-12],[5,-11],[9,-30],[2,-5],[3,-10],[13,-45],[2,-22],[3,-14],[12,-21],[8,-8],[30,-14],[21,-3],[8,0],[20,5],[5,2],[19,11],[13,30],[4,16],[3,14],[5,11],[32,59],[8,11],[16,22],[10,7],[6,2],[10,5],[12,1],[22,-7],[9,-7],[10,-6],[10,-10],[25,-14],[35,-23],[4,-3],[15,-11],[8,-4],[46,-27],[5,-11],[2,-15],[0,-12],[8,-3],[14,3],[12,1],[25,5],[18,51],[4,14],[9,24],[9,-7],[4,-1],[22,-5],[6,0],[22,-4],[11,0],[15,-1],[17,0],[17,3],[19,-2],[33,-8],[17,-4],[30,-2],[12,7],[9,1],[10,-2],[7,-1],[20,-4],[21,15],[13,10],[19,-9],[10,2],[1,8],[4,13],[12,5],[11,1],[18,0],[7,-1],[16,-4],[12,-4],[25,-5],[30,-8],[0,-51],[20,-26],[24,-15],[8,-4],[15,-5],[13,6],[0,7],[10,70],[0,16],[3,17],[12,33],[12,3],[21,8],[2,0],[21,-8],[5,-4],[22,-30],[7,-6]],[[36624,84625],[143,-108],[48,-21],[61,32],[113,-42],[94,-124],[28,-52],[19,-148],[34,-54],[32,31],[71,-28],[57,45]],[[37324,84156],[-20,-63],[11,-59],[-72,-74],[-3,-43],[-45,-47],[9,-69],[41,-106],[-9,-47],[-43,-50],[-148,-125],[-27,-49],[63,-46],[5,-37],[-47,-40],[-7,-114],[59,-33],[19,-96],[96,-30],[31,-30],[-18,-57],[55,-41],[50,15],[-17,-118],[-53,-46],[76,-32],[7,-37],[-80,-71],[-20,-41],[-3,-77],[-92,-32],[-48,7],[-90,-59],[-56,35],[12,48],[-22,49],[-48,-5],[23,-74],[-51,-90],[27,-31],[-25,-46],[137,-116],[18,-52],[74,-44],[-3,-40],[43,-22],[12,-47],[61,-45],[6,-71],[-37,-41],[42,-59],[-71,-141]],[[32028,84419],[-113,70],[-49,12]],[[31471,84570],[-90,7],[-8,38]],[[31324,84620],[-114,-22],[-68,22],[-3,27]],[[30967,85091],[-3,43],[38,38]],[[30989,86176],[134,-44],[70,-12],[70,60],[119,-85],[84,-30],[64,22],[37,-40],[107,-56],[113,29],[57,-25],[92,42],[54,-29],[46,76],[45,-5],[43,-43],[50,-6],[10,-86],[130,-47],[43,51],[51,-24],[132,-23],[30,6],[85,-36],[8,-27],[81,-64],[10,-81],[45,26],[66,81],[39,71],[77,-22],[15,30],[72,-48],[72,65],[107,59],[94,113]],[[33341,86074],[80,-2],[138,113],[90,-15],[56,52],[86,11],[15,-103],[62,-64],[8,-55],[40,-51],[-13,-38],[12,-67],[-81,-44],[-18,-45],[126,-22],[-20,-114],[32,-31]],[[40100,83135],[43,8],[56,-55]],[[40199,83088],[15,-28],[38,-3],[10,-23],[1,-15],[-32,-18],[-19,-42],[17,-25],[7,-25],[-12,-33],[-10,-23],[-19,19],[-21,-54],[68,1],[7,11],[22,10],[16,4],[-5,25],[-6,42],[40,55],[108,-22],[69,-33],[0,-33],[-73,-2],[-28,2],[1,-62],[72,-32],[44,2],[51,17],[20,-8],[-40,-51],[11,-17],[25,-28],[37,-39],[28,-42],[15,-73],[105,-57],[123,-2],[88,76],[53,78],[40,94],[-51,63],[113,133],[48,-21]],[[41175,82909],[15,-20],[150,17],[70,-56],[114,-120],[155,-100],[120,9],[50,-54],[-31,-53],[74,-73],[56,6],[80,-42],[18,-41]],[[41962,81568],[-34,-50],[-50,10]],[[41878,81528],[-140,-4],[-22,-19],[-2,-22],[20,-25],[27,-93],[-48,-78]],[[41713,81287],[-17,-32],[-69,10]],[[41627,81265],[-33,-19],[-10,-111],[-46,-24],[-49,23],[-10,28],[-28,50],[-24,34],[-41,23],[-127,-14],[-16,-40],[-27,-36],[-17,2],[-62,-118],[-74,68],[-50,20],[-76,10],[-24,-51],[-69,-32],[-106,-18],[-53,-77],[19,-48],[30,-195],[8,-117],[-6,-89],[30,-89],[0,-94],[-24,-90],[-72,-10],[-107,91],[-65,-10],[-34,-28],[-52,30],[2,50],[43,14],[30,43],[0,59],[-72,23],[-81,76],[13,83],[-44,33],[-69,-2],[5,-71],[30,-77],[-67,-116],[-72,-33],[-102,67],[-61,68],[-70,35],[48,52],[9,54],[-63,-5],[-95,117]],[[39645,83019],[81,-38],[42,-2],[70,70],[65,12],[16,34],[65,22],[41,-7],[33,38],[42,-13]],[[45525,71584],[62,55],[-15,51],[-67,29],[-13,41],[27,49],[117,-18],[15,63],[84,21],[51,32],[77,87],[130,58],[55,-14],[9,45],[52,8],[16,39],[-61,27],[48,39],[65,-67],[72,47],[35,-9],[54,30],[40,-29],[43,37],[-82,41],[-46,54],[40,56],[-17,52],[-100,18],[19,85],[75,26],[-34,138],[-36,-8],[-8,77],[89,57],[18,29],[69,-6],[70,45],[25,98]],[[46503,72967],[49,-27],[4,-41],[66,-55],[-19,-66],[76,-48],[51,7],[12,-154],[59,-34],[52,8],[-14,51],[35,40],[152,-96],[-13,-56],[36,-72],[35,-29],[51,15],[7,64],[66,-32],[83,2],[51,26],[41,61],[-10,38],[51,29],[48,-54],[117,-53],[36,84],[72,-35],[4,51],[70,-21],[51,-36],[132,8],[99,-51],[32,31],[105,54],[36,-5],[59,-68],[31,16],[102,-38],[51,-31],[58,-98],[93,68],[61,89],[88,-67],[24,30],[138,-25],[22,-35],[78,-53],[28,-37],[73,90],[84,-8],[-1,-71],[105,-5]],[[46234,74255],[-5,-56],[66,-25],[-12,-94],[56,-60],[-3,-36],[-85,-93],[-3,-45],[26,-50],[40,-6],[3,-49],[-26,-60],[23,-74],[-10,-100],[-23,-50],[33,-88],[67,-34],[-17,-70],[38,-32],[15,-105],[60,-5],[18,-61],[-21,-55],[29,-40]],[[43236,72755],[79,-25],[-35,103],[30,69],[35,-7],[84,66],[85,36],[50,-13],[37,93],[106,3],[48,71],[95,79],[37,72],[55,43],[26,51],[-55,90],[-49,41],[-40,5],[-49,79],[49,83],[136,-45],[55,-35],[62,-2],[67,28],[40,-47],[-24,-90],[30,-49],[103,4],[60,20],[14,45],[-10,74],[84,61],[48,-3],[44,47],[-54,19],[-32,92],[18,25],[-108,118],[-28,93],[-26,29],[64,62],[-16,52],[5,117]],[[37324,84156],[63,-26],[16,-65],[32,-14],[27,-64],[57,4],[37,57],[-55,7],[3,54],[55,12],[-23,56],[41,14],[43,-61],[93,-10],[96,-77],[59,9],[85,-54],[3,-78],[-29,-64],[31,-82],[75,-33],[-38,-89],[49,-44],[50,32],[73,18],[117,-83],[5,-27],[87,-66],[50,-65],[58,-40],[40,16],[147,-24],[35,69],[68,-128],[77,-16],[-1,-114],[-19,-61]],[[33758,88232],[-46,-83],[-48,-36],[-29,-109],[-83,-87],[-58,-111],[-122,-150],[-41,-13],[-75,37],[-98,-201],[54,-54],[-71,-55],[-43,-88],[-37,-25],[48,-58],[-14,-49],[-77,-90],[38,-24],[15,-56],[-45,-41],[-58,-131],[35,-42],[57,-13],[-3,-59],[34,-27],[11,-78],[78,-90],[4,-82],[-13,-75],[25,-34],[-40,-70],[87,-29],[51,-39],[-29,-45],[76,-51]],[[31468,87486],[35,16]],[[31970,87893],[29,44],[80,1],[32,46],[60,29],[37,81]],[[32457,88441],[50,32],[-1,77]],[[32482,88824],[50,30],[31,-17],[79,9],[44,-21],[48,20],[95,-96],[37,0],[82,-129],[46,-43],[140,-53],[212,-127],[184,-77],[20,15],[100,-37],[108,-66]],[[52035,76113],[-12,-60],[46,-51]],[[52007,75690],[32,-34],[-35,-52]],[[52004,75604],[-112,-17],[-23,17]],[[51727,75479],[-8,-66],[-37,-69]],[[51570,73854],[-39,-28],[-47,49],[-29,42]],[[51455,73917],[-36,45],[-48,113]],[[50876,75836],[103,-89],[62,9],[149,-41]],[[51190,75715],[42,19],[51,-16]],[[51283,75718],[28,35],[25,28],[2,20],[49,79],[47,22],[3,84],[-3,36],[39,59]],[[51473,76081],[22,0],[9,-18],[16,-6],[19,6],[4,9],[-7,34],[52,17]],[[51588,76123],[-20,46],[51,-15],[18,-27],[36,-1],[15,11],[21,51],[36,38]],[[50227,70018],[60,-27],[-4,-34],[-94,-96],[20,-76],[54,-41],[-32,-42],[-21,-115],[-46,5],[-15,-105],[3,-19]],[[50152,69468],[-4,0]],[[48762,69219],[-6,2],[-9,3]],[[48506,69304],[-7,45],[24,72]],[[41627,81265],[69,-10],[17,32]],[[41878,81528],[50,-10]],[[47012,79579],[162,-141]],[[47174,79438],[109,-30],[139,-106],[40,-45],[59,-13],[83,22],[-3,59],[149,201],[80,1],[119,-16],[157,-9],[71,-105],[79,-64],[31,-48],[93,-26],[14,31],[145,-70]],[[47604,77640],[-15,-102],[21,-15]],[[47306,77273],[-48,-101],[2,-56]],[[46879,77410],[25,10],[70,-13],[26,-10],[32,16]],[[46286,78225],[18,94],[-25,16]],[[46319,78506],[62,43],[25,42]],[[46203,79122],[-9,80],[-119,160],[-19,70]],[[46641,79768],[155,-15]],[[50402,77932],[179,-17],[57,-13],[115,19],[123,-12],[205,9],[85,-124],[277,-71],[142,14],[310,19],[82,-13],[77,-112],[103,-67],[111,-87],[-23,-67],[24,-48],[69,-65]],[[51588,76123],[-52,-17],[7,-34],[-4,-9],[-19,-6],[-16,6],[-9,18],[-22,0]],[[51283,75718],[-51,16],[-42,-19]],[[51190,75715],[-149,41]],[[49569,76783],[33,-58],[64,25],[77,-10]],[[49632,77040],[-63,-9],[4,34],[24,28],[-5,13],[-71,5],[-1,20]],[[49679,77442],[20,10],[48,100],[39,15]],[[45370,78611],[33,5]],[[52658,67716],[25,-18]],[[52716,67687],[27,-5],[79,-69]],[[52847,67565],[41,-41],[48,5]],[[52918,66715],[-123,-19],[-115,-43]],[[52706,65841],[4,-72],[-29,-71]],[[52493,65185],[-54,-34]],[[42837,73300],[-22,84],[-61,125],[5,57]],[[42258,74059],[-54,7],[-106,60]],[[51698,70492],[48,-49],[69,-7]],[[51891,70501],[10,-73]],[[51878,70365],[-92,-68],[-27,-36]],[[50164,69472],[-12,-4]],[[51328,70595],[-12,41],[31,44]],[[51390,70679],[41,-105],[23,-8]],[[51471,70581],[23,35],[45,-12]],[[39157,86954],[-28,-46],[37,-26]],[[39166,86882],[9,-37],[41,-18]],[[39216,86827],[86,-14],[19,-24]],[[39321,86789],[70,-55],[140,3]],[[39531,86737],[39,-4],[88,-97],[44,35]],[[39702,86671],[52,8],[25,-33]],[[39779,86646],[29,27],[52,-22]],[[39860,86651],[30,-25],[22,-25],[-41,-44]],[[39871,86557],[-69,-93],[74,-82],[42,-44]],[[39918,86338],[64,-81],[-5,-48]],[[39977,86209],[31,-47],[161,9]],[[40169,86171],[45,-17],[29,31]],[[40243,86185],[45,35],[30,-21]],[[40318,86199],[91,-40],[42,8]],[[40451,86167],[69,39]],[[40520,86206],[57,-23]],[[40577,86183],[34,6],[79,-45]],[[40690,86144],[38,-23],[7,-41],[13,-28],[-9,-14],[27,-34],[57,-104],[36,-127],[21,-69],[9,-29],[24,-44],[70,-9],[79,-23],[16,-12],[30,-46],[23,-18]],[[41131,85523],[-26,-31],[-122,-31],[-45,-46],[-32,-16],[-45,3],[-53,-14],[-64,-32],[-55,9],[-80,-12],[-6,17],[-41,38]],[[40562,85408],[-74,-26],[-53,-74]],[[40435,85308],[-15,-23],[-19,-28],[-26,19],[-7,-73]],[[40368,85203],[-81,-28],[-66,40],[-41,2],[-37,42],[-60,-7],[-21,-50],[-67,-13],[-53,35],[10,80],[-46,-14],[-96,59],[-38,87],[15,74],[-73,90],[-60,22],[-36,-17],[-71,48],[-83,-23],[-47,-29],[-99,-6],[-66,25],[-23,-96],[-76,-78],[-77,-19],[-3,49],[-103,48],[-28,53],[-127,103],[-86,98],[-34,5],[-97,75],[-113,-37],[-66,-52],[-121,-122],[-55,-77],[-53,-41],[-69,1],[-77,35],[-116,26],[-15,48],[-84,-16],[-134,118],[-108,8],[-43,21]],[[37544,85770],[86,6],[30,96],[76,43],[-43,53],[23,71],[63,9],[44,83],[-34,56],[48,43],[5,38],[-37,43],[8,141],[43,26],[-14,129],[-69,139],[-115,59],[45,89],[128,38],[26,36],[127,43],[54,-27],[42,47],[4,74],[48,-12],[77,36],[17,68],[-21,46]],[[38205,87243],[35,-7],[56,-52],[69,-9],[44,-30],[-4,-93],[140,9],[30,57],[-23,70],[55,16],[53,-95],[53,-56],[49,9],[71,44],[71,-17],[67,102],[54,32],[18,38]],[[39043,87261],[71,-58],[10,-68],[23,-12],[12,-48],[-3,-18],[9,-76],[-8,-27]],[[40978,88499],[52,-70],[86,-56]],[[41116,88373],[0,-56],[20,-22],[20,-82],[10,-15],[106,-18],[17,-12],[-3,-38],[-22,-59],[-18,-137]],[[41246,87934],[-2,-65],[-72,-118],[-6,-116],[9,-81],[-49,-137]],[[41126,87417],[0,-20],[24,-69],[35,-88],[31,-40],[160,-98],[19,-40],[39,-79],[-29,-46],[-21,4]],[[41384,86941],[-113,23],[-77,-62],[-81,55]],[[41113,86957],[-158,-36],[-43,-63]],[[40912,86858],[-2,-25],[13,-53],[-1,-8],[-68,-38]],[[40854,86734],[24,-30],[62,-11],[23,-82]],[[40963,86611],[27,-11],[25,-55],[-136,-81],[-17,-16],[-51,-26],[-124,17],[-43,29]],[[40644,86468],[-6,67],[-32,7]],[[40606,86542],[-49,26],[-45,-24]],[[40512,86544],[-23,-63]],[[40489,86481],[-108,-26],[-80,51]],[[40301,86506],[-39,-34]],[[40262,86472],[39,-84],[102,-37]],[[40403,86351],[27,-5],[82,-86],[-2,-37]],[[40510,86223],[-59,-56]],[[40318,86199],[-30,21],[-45,-35]],[[40243,86185],[-29,-31],[-45,17]],[[39977,86209],[5,48],[-64,81]],[[39871,86557],[41,44],[-22,25],[-30,25]],[[39860,86651],[-52,22],[-29,-27]],[[39779,86646],[-25,33],[-52,-8]],[[39702,86671],[-44,-35],[-88,97],[-39,4]],[[39321,86789],[-19,24],[-86,14]],[[39166,86882],[-37,26],[28,46]],[[39043,87261],[16,69],[43,85]],[[39102,87415],[63,-30],[60,-4],[41,-59]],[[39266,87322],[31,-14],[39,22],[7,8],[99,11],[51,33]],[[39493,87382],[60,17],[110,-20]],[[39663,87379],[53,-37],[45,9],[62,-14],[157,6],[23,3],[68,7],[19,-14]],[[40090,87339],[64,39],[55,13]],[[40209,87391],[20,46],[8,43],[28,29]],[[40265,87509],[21,25],[-40,51]],[[40246,87585],[-104,30],[-30,86],[7,31],[-20,42],[-39,62],[5,8],[62,61],[0,50],[-6,41],[37,38],[16,21]],[[40174,88055],[17,59],[59,38]],[[40250,88152],[4,10],[-16,45],[-59,171],[33,16]],[[40212,88394],[113,13],[129,-67]],[[40454,88340],[42,9],[100,50],[14,11],[38,28],[45,-5],[24,-23],[47,9],[60,66]],[[40824,88485],[29,22],[125,-8]],[[41225,90279],[-43,-88],[49,-109],[2,-43],[-135,12],[-96,27],[-130,-50],[-66,-54],[26,-73],[99,-90],[8,-62],[55,-39],[-16,-78],[43,-48],[-93,-123],[-24,-72],[-41,-43],[34,-66],[51,-168],[-24,-39],[50,-79],[29,-14],[-12,-89],[16,-50],[-84,-127],[-50,-21],[-20,-186]],[[40853,88507],[-29,-22]],[[40454,88340],[-129,67],[-113,-13]],[[40250,88152],[-59,-38],[-17,-59]],[[40246,87585],[40,-51],[-21,-25]],[[40209,87391],[-55,-13],[-64,-39]],[[39663,87379],[-110,20],[-60,-17]],[[39266,87322],[-41,59],[-60,4],[-63,30]],[[39102,87415],[-43,-85],[-16,-69]],[[38205,87243],[-21,23],[8,68],[-25,78],[-28,36],[-72,31],[10,58],[40,36],[-24,62],[-49,51],[-94,23],[-11,41],[-53,33],[-1,102],[20,63],[-57,33],[-18,41],[-80,59],[10,44],[-91,34],[-102,-13],[-28,48],[42,109],[146,138],[-115,17],[-78,27]],[[37534,88485],[-17,68],[31,8],[10,27],[56,19],[57,-11],[35,8],[14,13]],[[37720,88617],[38,38],[19,67]],[[37777,88722],[31,47],[29,-5],[12,-16],[132,17],[7,16],[24,88],[-4,91],[-18,30],[36,59],[80,90],[82,49],[8,56],[25,75]],[[38221,89319],[34,31],[3,47]],[[38258,89397],[9,30]],[[38267,89427],[33,30],[61,-8]],[[38361,89449],[79,-9],[21,33]],[[38461,89473],[25,72],[40,15]],[[38526,89560],[43,-2],[14,12],[62,122],[-1,11],[-2,57],[-80,49],[-51,40],[-36,20],[-2,28],[-19,45],[-9,90],[-45,19]],[[38400,90051],[-17,4]],[[38383,90055],[33,94],[-90,70],[-118,141],[-18,44],[63,30],[-7,51],[31,19],[39,88],[51,53],[-15,104],[39,21],[4,67],[-67,57],[17,36],[96,41],[58,-30],[49,38],[-15,54],[13,52],[-59,31],[6,31],[61,40],[104,24],[58,53],[41,69],[62,27]],[[38819,91360],[56,-26],[16,-133],[30,-6],[153,21],[108,0],[29,-69],[59,-56],[-10,-55],[63,-8],[-23,-65],[99,-65],[56,-9],[31,-39],[137,80],[87,20],[16,57],[147,-16],[98,35],[27,42],[45,15],[51,-49],[170,-59],[73,25],[85,-19],[38,-66],[49,-135],[61,-14],[60,-111],[92,0],[90,-37],[94,-56],[105,-88],[66,0],[22,-42],[66,-50],[16,-74],[44,-29]],[[41782,85195],[-14,-100],[116,-73],[-14,-107],[89,-150],[68,-31],[5,-52],[-47,-62],[-17,-88],[3,-74],[-33,-38],[18,-40],[-8,-89],[-65,35],[-49,-1],[-44,52],[-26,-65],[60,-59],[1,-82],[50,-79],[-64,-25],[-72,-73],[-82,12],[-88,59],[-90,-92]],[[41479,83973],[-84,75],[-90,-38],[-85,-3],[-62,16],[17,-63],[-18,-74],[-37,-39],[-23,39],[-44,-15],[-59,-30],[-72,59],[-34,-7],[-6,-63],[-97,-63]],[[40785,83767],[-20,15]],[[40765,83782],[-22,32],[5,95],[32,64],[26,37],[-99,34]],[[40707,84044],[-90,17],[-19,-18]],[[40598,84043],[-6,-2]],[[40592,84041],[-50,30],[-20,57],[-56,30]],[[40466,84158],[0,50]],[[40466,84208],[77,34],[10,58],[31,21]],[[40584,84321],[39,35],[-5,42],[-31,29],[-44,81],[-38,6],[-32,12],[-24,22],[-30,26],[-23,23]],[[40396,84597],[-111,-24],[-11,2],[-14,12],[-17,19],[10,112]],[[40253,84718],[-21,27],[-21,15],[-27,69],[86,16]],[[40270,84845],[28,-55],[75,-36]],[[40373,84754],[30,1],[7,10],[14,54],[4,12]],[[40428,84831],[7,34],[21,12],[34,7],[44,-5],[6,20],[-3,15],[-31,40]],[[40506,84954],[-109,2],[-10,42],[-74,66]],[[40313,85064],[0,29],[73,104]],[[40386,85197],[-18,6]],[[40435,85308],[53,74],[74,26]],[[41131,85523],[106,2],[81,-58],[28,-67],[40,-44],[41,-15],[100,-57],[46,-11],[161,-46],[-1,-1],[49,-31]],[[34002,89625],[6,-85],[-46,-100],[-71,-51],[18,-136],[-28,-20],[-107,36],[-31,-44],[63,-65],[44,-13],[55,-74],[106,35],[51,-18],[50,47],[85,-9],[26,-19],[81,20],[89,-34],[130,-75],[83,2],[137,-56],[49,-61],[-38,-30],[-239,-105],[-73,-72],[-9,-56],[36,-100],[62,-52],[70,-26],[98,30],[93,-7],[40,-39],[53,17],[49,-39],[-19,-86],[71,-100],[-31,-54],[-67,-28],[-82,-68],[-31,-64],[14,-56],[60,-33],[-12,-77],[100,-67],[95,-45]],[[35032,87748],[-66,-48],[-3,-72],[-38,-63],[-103,-77],[-14,-73],[-63,-26],[19,-90],[-64,-65],[-77,-117]],[[34623,87117],[-47,-7],[36,94],[-23,47],[-54,-117],[-54,43],[-64,150],[-71,43],[-65,19],[7,50],[-81,48],[-7,119],[-123,132],[-36,104],[-65,129],[-126,179],[-92,82]],[[33272,90783],[45,54],[79,-8],[45,60],[52,-18],[66,7],[72,27],[68,58],[146,22],[101,-80],[65,-104],[13,-53],[-145,-56],[-10,-35],[41,-89],[-3,-57],[36,-81],[73,-51],[28,-39],[8,-64],[75,-50],[48,-52],[26,-68],[55,-84],[-45,-61],[-16,-112],[-67,-48],[-45,-63],[-53,30],[-35,-16],[14,-65],[-7,-62]],[[34623,87117],[202,-96],[78,-6],[-8,-100],[170,-143],[18,-120],[31,-88],[31,-25]],[[40386,85197],[-73,-104],[0,-29]],[[40506,84954],[31,-40],[-3,-35],[-44,5],[-34,-7],[-21,-12],[-7,-34]],[[40373,84754],[-75,36],[-28,55]],[[40253,84718],[-10,-112],[31,-31],[11,-2],[111,24]],[[40584,84321],[-31,-21],[-10,-58],[-77,-34]],[[40466,84158],[56,-30],[20,-57],[50,-30]],[[40598,84043],[19,18],[90,-17]],[[40765,83782],[5,-37]],[[40770,83745],[-106,-29],[-77,-51],[-21,-29]],[[40566,83636],[-19,-28],[-104,-35],[-36,-69]],[[40407,83504],[-26,58],[6,53],[-40,5],[-51,-62],[-125,-6],[20,70],[-92,3],[-28,42],[-55,-40],[-82,6],[-52,19],[-57,50],[-19,51],[-126,60],[-85,-59],[-166,-3],[-81,6],[-135,-8],[-341,3],[-123,115],[-119,82],[-121,119],[-144,117],[-31,49],[-59,26],[11,99],[104,105],[-193,31],[-261,79],[-65,49],[-19,69],[-170,69],[-239,82],[-88,51],[-65,67],[-130,-70],[-44,0],[-182,39],[-43,17]],[[37100,85262],[14,27],[92,54],[45,106],[8,91],[41,56],[117,37],[30,130],[97,7]],[[35032,87748],[13,38],[59,12],[35,31],[100,-56],[67,15],[18,55],[58,-8],[39,-77],[47,-25],[5,-111],[55,-39],[72,-2],[111,-41],[86,68],[90,-16],[29,-32],[92,13],[-23,52],[19,28],[-32,62],[36,136],[75,51],[25,111],[75,45],[15,57],[94,19],[16,69],[32,32],[61,-23],[45,21],[124,-98],[52,42],[57,17],[53,-32],[65,29],[27,44],[52,-8],[26,37],[48,-9],[63,57],[77,-59],[32,54],[68,33],[64,11],[95,60]],[[37349,88411],[43,31]],[[37392,88442],[27,13],[57,5],[58,25]],[[40690,86144],[-79,45],[-34,-6]],[[40520,86206],[-10,17]],[[40403,86351],[-102,37],[-39,84]],[[40301,86506],[80,-51],[108,26]],[[40512,86544],[45,24],[49,-26]],[[40606,86542],[32,-7],[6,-67]],[[40963,86611],[-23,82],[-62,11],[-24,30]],[[40912,86858],[43,63],[158,36]],[[41113,86957],[81,-55],[77,62],[113,-23]],[[41126,87417],[49,137],[-9,81],[6,116],[72,118],[2,65]],[[41116,88373],[-86,56],[-52,70]],[[40978,88499],[-125,8]],[[41225,90279],[57,-46],[34,4],[45,49],[40,8],[7,57],[69,4],[88,-96],[19,-86],[58,-23],[55,29],[50,-93],[-48,-97],[-13,-66],[-72,-27],[-56,-39],[-8,-37],[99,-93],[-34,-66],[42,-45],[-19,-68],[17,-57],[102,-63],[131,34],[95,-26],[35,-51],[183,-102],[45,-12],[66,28],[80,-95],[115,-45],[99,-12],[66,-76],[77,-60],[14,25],[86,23],[38,81],[94,-24],[192,-139],[41,2],[135,-103],[109,-61],[97,-101],[46,-102],[34,-39],[100,-67],[120,-48],[130,-28],[116,-44],[82,-13],[185,-53],[59,-28],[31,-46],[-4,-52],[-98,38],[-43,-34],[-169,-7],[-60,-48],[-91,-108],[-13,-49],[-60,-47],[55,-137],[-16,-23],[-101,-39],[1,-51],[-82,-10],[-53,-37],[-92,-124],[-64,-28],[-11,-82],[-36,-79],[-33,-26],[-65,3],[-24,-38],[-78,-61],[-48,-60],[-95,-8],[-43,29],[-113,-19],[-46,-38],[-56,-94],[-16,-54],[10,-55],[-54,-89],[-12,-67],[-110,-97],[-50,-15],[-52,-104],[-98,26],[-122,-16],[-73,-24],[-40,-107],[-36,-48],[-62,1],[-13,-39],[70,-245],[21,-40],[90,-50],[16,-78],[-53,-66],[7,-67],[-56,-50],[-44,-76],[-104,-22],[-25,-52],[54,-30],[-58,-89],[-94,-46],[0,-49],[-60,13],[-28,-61],[51,-71],[-196,-23],[-1,-32]],[[38526,89560],[-40,-15],[-25,-72]],[[38461,89473],[-21,-33],[-79,9]],[[38361,89449],[-61,8],[-33,-30]],[[38258,89397],[-3,-47],[-34,-31]],[[37777,88722],[-19,-67],[-38,-38]],[[37392,88442],[-42,-15]],[[37350,88427],[8,48],[-33,46]],[[37325,88521],[-8,71],[-6,28],[17,25]],[[37328,88645],[17,66],[67,27]],[[37412,88738],[62,38],[-20,33]],[[37454,88809],[-9,27],[65,82],[25,-25]],[[37535,88893],[73,-2],[0,61]],[[37608,88952],[-67,54],[-58,30],[-15,14],[4,25],[-12,66],[4,18],[-9,44]],[[37455,89203],[-11,136],[-33,43]],[[37411,89382],[-45,12],[-24,111],[-79,20]],[[37263,89525],[-49,82],[-102,95],[-12,107],[18,91]],[[37118,89900],[-4,12],[41,96],[69,32],[32,44]],[[37256,90084],[143,34],[21,22]],[[37420,90140],[53,14],[11,37],[19,22],[-1,111],[22,31]],[[37524,90355],[118,-25],[44,-54]],[[37686,90276],[74,-38],[62,-7],[38,-47],[16,-35],[47,2],[45,15]],[[37968,90166],[96,-27],[39,-53]],[[38103,90086],[59,17],[111,-25],[35,-34]],[[38308,90044],[92,7]],[[37420,90140],[-21,-22],[-143,-34]],[[37118,89900],[-18,-91],[12,-107],[102,-95],[49,-82]],[[37411,89382],[33,-43],[11,-136]],[[37608,88952],[0,-61],[-73,2]],[[37454,88809],[20,-33],[-62,-38]],[[37412,88738],[-67,-27],[-17,-66]],[[37325,88521],[33,-46],[-8,-48]],[[37350,88427],[-1,-16]],[[34002,89625],[45,-9],[69,-48],[88,35],[-11,44],[58,44],[125,28],[68,-25],[42,13],[51,-99],[-8,-65],[141,-49],[99,37],[25,64],[88,31],[44,-11],[70,-92],[-42,-45],[0,-85],[61,17],[37,60],[79,-64],[59,-106],[68,-28],[61,-82],[60,-53],[57,65],[-1,52],[58,47],[34,54],[-10,84],[-40,21],[-2,79],[37,96],[73,0],[40,44],[55,-47],[47,-74],[-46,-53],[-11,-156],[8,-25],[77,-15],[90,18],[-10,69],[18,80],[90,100],[34,84],[35,23],[7,173],[-39,26],[53,38],[121,-24],[91,26],[1,31],[62,50],[75,15],[77,55],[56,-54],[134,21],[97,-4],[97,65],[45,-1],[19,62],[-15,93],[35,143],[-31,116],[94,106],[54,-18],[92,23],[50,-23],[37,-59],[102,-4],[83,25],[55,-51],[8,-108],[52,-50]],[[40407,83504],[36,69],[104,35],[19,28]],[[40770,83745],[15,22]],[[41479,83973],[-48,-37],[-56,-158],[28,-8],[-34,-102],[1,-97],[-31,-91],[-61,18],[-15,-42],[-130,-221],[21,-297],[21,-29]],[[40199,83088],[-56,55],[-43,-8]],[[38383,90055],[-75,-11]],[[38308,90044],[-35,34],[-111,25],[-59,-17]],[[38103,90086],[-39,53],[-96,27]],[[37686,90276],[-44,54],[-118,25]],[[37138,92034],[33,28],[-2,77],[26,53],[-1,90],[24,47],[108,53],[67,19],[44,40],[4,44],[43,80],[95,103],[9,110],[69,56],[67,-53],[183,-73],[68,-104],[51,-46],[49,-100],[72,-76],[81,-55],[-2,-64],[94,-89],[-6,-48],[-44,-55],[0,-57],[33,-26],[68,-7],[34,-54],[54,-132],[-21,-55],[60,-119],[88,-73],[69,-9],[54,-27],[74,-7],[36,-145]],[[67635,61043],[-48,30],[-13,-90],[-112,-28],[-64,1],[6,-72],[27,-9],[-2,-88],[-27,-77],[-56,-12],[-44,-103],[-174,102],[-149,44]],[[66979,60741],[-67,-11],[-90,-55],[-54,-4],[-51,38],[-81,9],[-21,31],[-65,5],[-42,34],[-52,0],[-49,37],[-136,-35],[-21,-46],[-74,-27],[-24,-49],[-140,-51],[-82,35],[-22,-35],[-98,-29],[-50,11],[-19,-43],[-120,-135],[-161,-4],[-84,19],[-7,-66],[-23,-29],[80,-153],[36,-170],[-125,-42],[-47,-29],[-23,-58],[-53,-36],[17,-100],[-16,-64],[-40,-2],[-58,75],[-41,12],[-87,-13],[-7,-66],[27,-54],[-103,-42],[-117,97],[-99,47],[-63,75],[-98,44],[-42,44],[-59,11],[-52,57],[-167,74],[-29,-2],[-74,81],[-84,12],[-42,66],[-63,32],[-103,10]],[[63814,60247],[11,68],[16,33],[73,10],[56,35],[55,67],[109,63],[1,77],[9,13],[-12,52],[-20,27],[-20,47],[15,26],[22,54],[28,22],[10,32],[9,32],[11,37],[5,30],[23,38],[19,90],[-34,44],[34,35],[-20,15],[47,92]],[[64261,61286],[13,73],[-90,64]],[[64184,61423],[-26,31],[16,7]],[[64174,61461],[31,54],[-2,57]],[[64203,61572],[49,66],[50,50],[-6,44],[25,28],[60,2],[19,62],[-23,48],[-11,43],[11,44],[2,38],[-3,28],[-2,92],[16,8],[1,83],[6,69],[30,15],[17,-3],[30,7],[12,64],[40,11],[18,-9],[22,49],[0,39],[49,21],[13,42],[-8,42]],[[64620,62555],[-3,27],[51,58],[-138,26]],[[64530,62666],[5,92],[89,0],[37,-13],[14,10],[8,50],[21,38]],[[64704,62843],[20,30],[79,-4]],[[64803,62869],[-39,78],[4,51]],[[64768,62998],[-32,31],[-5,38],[-11,30],[-37,60],[44,-7],[25,37],[0,46],[3,48],[12,78],[23,11]],[[64790,63370],[19,41]],[[64809,63411],[59,-40],[133,15],[50,-21],[167,24],[55,-47],[103,-30],[214,-143],[93,-17],[35,-23],[111,-5],[72,-31],[95,-89],[47,-60],[84,-70],[128,-80],[64,-21],[187,-137],[76,-24],[126,-84],[187,-215],[98,-60],[46,-51],[64,-35],[33,-71],[83,-76],[30,-46],[119,-72],[66,-2],[3,-40],[-23,-112],[27,-38],[29,-100],[44,-17],[33,-97],[136,-62],[13,49],[60,-74],[53,-104],[-64,-90],[-6,-95],[-74,-12],[-30,-65]],[[64913,64266],[5,-45],[38,-33],[51,3]],[[65048,64262],[59,-31],[76,-15],[112,-59]],[[65469,64039],[23,-12],[82,-124],[97,-73],[55,-19],[103,11],[131,-35],[119,35],[30,-11],[25,-58],[42,-31],[124,-22],[55,15],[55,-18],[47,-66],[61,-1],[86,-53],[11,-37],[-23,-65],[112,-159],[26,-17],[73,3],[108,-41],[42,65],[46,5],[29,-41],[95,-13],[45,-34],[46,0],[145,53],[73,-25],[45,55],[43,6],[30,-49],[101,43],[58,-116],[86,8],[35,-42],[95,-27],[34,-41],[38,22],[66,2],[36,-55],[53,-18],[42,32],[59,12],[55,-69],[58,105],[38,17],[-4,53],[56,42],[18,99],[26,23],[-93,56],[8,55],[-82,0],[-15,40],[39,34],[-35,134],[23,45],[62,8],[46,113],[-24,55],[56,38],[23,73]],[[68508,64024],[25,102],[-17,24],[119,15],[77,-61],[22,-115],[97,-57],[-77,-60],[18,-67],[41,-30],[27,-63],[72,2],[45,51],[-5,62],[115,-7],[61,-73],[37,6],[38,81],[108,45]],[[69311,63879],[-7,-107],[120,-58],[-9,-60],[-145,33],[-62,-12],[-76,-96],[-27,-124],[52,-47],[13,-46],[72,-32],[74,5],[66,-57],[52,36],[112,5],[20,-63],[62,-51],[2,-37],[93,48],[30,-52],[-100,-57],[-59,-1],[-1,-84],[112,14],[47,34],[128,-25],[13,-46],[84,-100],[6,-28],[-89,-71],[8,-30],[-44,-50],[-41,-123],[41,-48],[15,-58],[-25,-46],[-68,-65],[21,-99],[-28,-103],[24,-77],[-7,-37],[61,-5],[41,-100],[-25,-62],[102,-68],[67,-28],[46,0]],[[70082,61801],[-37,-71],[-47,13],[-36,-57],[-47,-32],[18,-36],[-36,-72],[-4,-90],[-43,-12],[-16,56],[-101,-14],[-51,14],[-107,-6],[-49,33],[-12,45],[-228,41],[-68,-44],[-39,-58],[25,-34],[-21,-96],[-35,-87],[-90,-50],[-15,-41],[-64,-22],[-102,3],[-71,-34],[-7,-78],[-33,-31],[42,-84],[-63,-40],[-86,7],[12,-61],[-45,-16],[-32,27],[-66,-4],[-22,-47],[-46,14],[-17,-41],[-52,2],[-135,-28],[19,68],[-45,9],[-21,-58],[-130,-23],[-45,58],[-35,-25],[-87,-17],[-56,29],[9,30],[-98,12],[-35,22],[-14,63],[-83,105]],[[64809,63411],[-3,11]],[[64806,63422],[-32,39],[-64,12],[-44,25],[-14,36],[-70,42],[-41,4],[-73,39]],[[64458,64137],[16,2]],[[64672,64141],[22,36],[42,-28]],[[64776,64295],[77,23],[60,-52]],[[68250,66884],[1,-85],[111,1],[35,-22],[28,-65],[28,-8],[-1,-74],[83,-100],[14,-207],[-16,-28],[-10,-112],[-48,-72],[19,-72],[67,-20],[57,-41],[6,-44],[53,9],[13,-153],[30,-49],[-13,-64],[-83,-2],[-14,-59],[10,-62],[-17,-11],[-5,19],[-14,-6],[4,-16],[-3,-24],[-73,-46],[-84,23],[-21,-64],[-82,-56],[-45,-63],[25,-53],[-36,-64],[44,-59],[-42,-71],[-4,-82],[-106,-105],[33,-52],[-25,-70],[7,-54],[-44,-57],[45,-50],[-16,-92],[11,-50],[-75,-19],[25,-97],[36,-27],[45,-101],[48,19],[11,-80],[45,20],[64,-5],[28,-61],[109,-77]],[[65558,64016],[48,-16],[52,19],[15,-14],[18,-7],[17,15],[8,20],[37,60]],[[65867,64197],[27,21],[19,-10],[14,2],[20,26],[47,-18],[-15,-32]],[[66392,64767],[19,38],[130,-38]],[[66689,64800],[7,17],[26,7]],[[67404,65614],[-26,67],[47,15]],[[70184,69262],[-37,42],[35,48],[45,115],[-76,103],[29,41],[8,59],[-53,39],[-21,-46],[-155,-59],[-63,6],[-68,43],[-64,-20],[-56,6],[-75,56],[-50,10],[-21,-65],[-101,-21],[-2,36],[-75,23],[-79,-120],[-49,54]],[[69256,69612],[74,84],[94,86],[69,80],[59,129]],[[69552,69991],[60,149],[0,81],[49,101]],[[69661,70322],[79,129],[138,117],[109,97],[192,101]],[[70179,70766],[40,-3],[59,-55],[88,2],[-8,-83],[89,-93],[67,-14],[37,-56],[92,-40],[69,-5],[40,34],[52,-67],[66,6],[10,-62],[64,-36],[122,-2],[34,34],[1,63],[107,19],[13,-24],[77,-13],[17,34],[-35,47],[82,0],[43,33],[45,-16],[12,-114],[61,-6],[35,-120],[-47,-47],[29,-60],[-35,-98],[63,-26],[-5,-111],[98,-54],[-3,-28],[51,-62],[67,45],[48,-103],[129,-3],[115,-45],[64,5],[-3,-63],[-84,-10],[-33,-42],[-52,-21],[-24,-74],[26,-81],[-27,-23],[-56,17],[10,-68],[-51,-123],[-35,47],[-53,18],[-75,-10],[-78,72],[-19,34],[-57,-14],[-10,-45],[-86,-83],[-90,30],[-13,37],[-93,-18],[-44,43],[-87,48],[-85,4],[-50,-37],[-101,26],[-95,-9],[-80,-71],[-51,-29],[-60,3],[-18,62],[-141,35],[-45,24],[-76,6],[-46,-64],[-66,-1]],[[69901,76407],[82,0],[81,-29]],[[70064,76378],[73,-34],[50,14]],[[70251,76431],[6,34],[51,34]],[[70308,76499],[49,9],[42,40]],[[70473,76705],[104,41],[121,9]],[[70926,76647],[48,54],[38,13]],[[71072,76691],[34,-33],[11,-56]],[[71127,76578],[51,-25],[64,21],[119,-27],[51,4],[91,-72],[58,-3],[54,-37],[39,7],[6,-117],[25,-147],[-29,-104],[6,-173]],[[71662,75905],[-59,0],[-41,38],[-110,58],[-69,-2],[-40,-60],[-81,-36],[15,-149],[-231,-3],[-111,10],[23,74],[-36,55],[-87,-128],[-7,-86],[-52,-8],[-43,-84],[-116,35],[-54,-36],[-165,-64],[-104,51],[51,-83],[-62,-27],[-113,-42],[-21,-34],[-17,-35],[21,-26],[-21,-51],[35,-26],[-5,-27],[-27,-107],[-15,10],[-5,-37],[-11,-29],[0,-53],[25,-34],[38,-14],[18,-44],[-56,-23],[-64,18],[-49,-60],[-21,-27]],[[69995,74819],[26,-9],[6,-77]],[[70027,74733],[3,-15],[21,-39],[8,-22]],[[70059,74657],[-68,-74],[-43,-72],[-25,-77],[11,-30],[-38,-57],[-34,-142],[-54,-56]],[[69808,74149],[-93,-2],[-19,-27],[-45,1],[-22,-40],[-72,25],[-26,-56],[-41,-45],[-30,-36]],[[69008,74293],[0,2],[-2,13],[9,79],[46,27],[71,146],[10,71],[43,18],[29,58],[15,200],[51,76],[15,71],[5,125],[-35,120],[4,48],[-39,79],[22,63],[-7,56],[-123,111],[33,82],[-88,112],[10,73],[37,63],[-55,3],[-103,78],[-19,78],[-157,29],[-75,152],[-15,76],[-70,30],[-1,96],[56,46],[28,213],[-4,72]],[[68232,59158],[-19,-44],[63,-70],[-72,-78],[9,-55],[96,-95],[40,10]],[[68349,58826],[48,-51],[45,-147],[14,-91],[-8,-57],[-40,-42],[14,-177],[14,-29],[106,-85],[13,-54],[52,-48],[111,-36],[43,36],[53,-16],[54,-58],[69,-10],[71,18],[102,-26],[37,-63],[164,-215],[-16,-44],[-76,-96],[-64,-52],[-80,-39],[-146,-105],[-73,-31],[-122,130],[23,49],[-19,28],[-59,8],[23,-113],[51,-57],[70,-44],[-58,-120],[-81,-199],[-31,-92],[-41,-71],[-40,-102],[-140,-142],[-43,-76],[-136,-33],[23,-25],[-222,-189],[-74,-106],[-68,-41],[-126,10],[-47,-72],[-98,-49],[-117,-43],[-96,-20],[-45,25],[-31,-34],[-235,-50],[-196,-59],[-75,-32]],[[66698,56374],[-10,129],[28,67],[-16,58],[52,35],[3,69],[-33,93],[105,45],[23,66],[-17,59],[51,11],[22,74],[-54,-1],[-6,102],[-24,76],[-54,12],[12,81],[50,79],[-6,111],[59,42],[98,2],[47,-25],[80,35],[72,13],[50,-14],[81,11],[8,24],[172,20],[75,66],[34,12],[17,138],[6,66],[17,-7],[27,19],[26,31],[-21,50],[-32,1],[-21,34],[-28,45],[1,24],[21,90],[-5,90],[61,146],[-16,12],[-37,22],[-82,-14],[-53,2],[-11,21],[-34,-4],[-18,-16],[-11,49]],[[67407,58525],[1,78],[21,68]],[[67429,58671],[19,110],[-16,46],[-25,38],[13,39],[22,73],[61,30],[2,44]],[[67505,59051],[45,28],[16,78]],[[67566,59157],[10,3],[51,-66],[101,-14],[29,-37],[73,4],[14,2],[44,30],[63,11],[43,29],[13,8],[45,19],[27,12],[6,9],[59,5],[88,-14]],[[69130,57358],[-66,-143],[-96,-146],[-24,-63],[-107,-74],[-38,10],[7,65],[30,103],[48,114],[82,78],[109,29],[55,27]],[[69860,59688],[27,-64]],[[69887,59624],[15,-34]],[[69902,59590],[5,-31],[-20,-24],[-26,-35]],[[69861,59500],[-31,-87],[-50,-81]],[[69780,59332],[-72,-28],[-85,13]],[[69623,59317],[-91,28]],[[69532,59345],[-48,6]],[[69484,59351],[-34,-22],[15,-67]],[[69465,59262],[10,-36],[-57,-39],[-55,-8],[-60,-41],[-99,-91],[-133,-21],[-29,-39],[18,-59],[55,-100],[6,-51],[-151,-122],[-19,-71],[25,-28],[-6,-162]],[[68970,58394],[-23,1],[-34,-69],[-12,-118],[-90,-123],[-80,9],[-146,90],[-83,127],[-10,137],[4,120],[-32,191],[-75,78],[-22,58],[-94,-3],[0,-40],[76,-26]],[[68232,59158],[2,70],[-12,6],[-25,7],[-77,62],[-28,50],[13,50],[32,54],[-12,33]],[[68125,59490],[22,39],[78,-16],[14,22],[54,30],[-4,35],[12,13],[40,1],[23,22],[57,-25],[7,31]],[[68428,59642],[-31,39],[-7,51]],[[68390,59732],[-8,106],[41,38],[39,151],[-6,63],[4,38],[6,14],[53,2],[69,30],[30,-54],[9,-56],[4,-2],[4,-2],[6,-7],[2,-5],[1,-5],[-1,-4],[-3,-5],[-2,-3],[-3,-3],[-8,-3],[-27,-27],[24,-61],[-7,-50],[79,-64],[28,10],[12,-12],[38,-5],[16,-10],[14,3],[56,97],[8,-30],[-7,-58],[130,25],[20,52],[40,-26],[20,-54],[115,4],[62,-11],[-17,-42],[77,-13],[160,32],[116,-45],[107,-2],[29,12],[101,-8],[39,-54]],[[70054,60798],[8,-51],[-29,-65],[19,-115],[-38,-50],[-66,-31],[-21,-32],[12,-95],[-61,-27],[-16,-101],[-75,-72],[14,-30],[88,-75],[-4,-112],[17,-129],[-42,-125]],[[68390,59732],[7,-51],[31,-39]],[[68125,59490],[-135,73],[-5,61],[-33,7],[-34,77],[-110,158],[-1,92],[-65,63],[3,129],[-57,6],[-23,54],[-136,-34],[6,85],[-46,23],[-52,-9],[-72,23],[-31,106],[-29,38],[-93,-28],[-70,32],[-33,49],[-114,1],[14,65],[-82,80],[52,100]],[[70082,61801],[139,59],[44,-22],[12,-46],[-37,-84],[-43,-150],[22,-61],[114,-5],[36,-22],[19,-85],[-11,-57],[-38,-28],[-65,16],[-38,-45],[-16,-101],[-53,-63],[-42,-7],[-45,-38],[-42,-113],[16,-151]],[[75091,74592],[53,-8],[-16,-58]],[[75091,74274],[-26,-35],[2,-101]],[[75117,73999],[0,-33],[-49,-54],[-19,-75]],[[75032,73822],[-40,8]],[[74992,73830],[-29,71],[27,59],[76,-12],[22,76],[-114,13],[2,-34],[-231,21],[-63,-37],[-72,-69],[-97,-55],[-69,51],[-45,1],[-66,-63],[-77,-6],[-15,-79],[-122,124],[-50,-21],[-59,10],[-29,127],[-42,25],[-6,41],[-84,-20],[-43,34],[-129,35],[-17,-43],[-52,-32],[-73,9],[-83,-28],[-114,113],[-48,-28],[-60,22],[-69,-39],[-113,9],[-111,23],[-39,44],[-122,21],[-43,-34],[-123,73],[-94,13],[-92,-8],[-69,64],[-71,-13],[-34,-50],[-61,-15],[-146,64],[-80,-42],[-14,-44],[-48,-48],[11,-80],[-49,-51],[-29,22],[-36,-64],[-88,-102],[-39,-89],[-93,-71],[-89,-26],[-85,-9],[-39,60],[-49,23],[-61,-79],[-36,-76]],[[71219,73611],[-55,-31],[-110,-5],[6,45],[-45,101],[7,103],[-59,-14],[-72,76],[-90,39],[14,36],[-24,90],[-89,3],[7,-85],[-79,28],[-59,0],[20,60],[-47,40],[-79,-6],[-7,92],[-113,40],[-21,92],[-82,22],[-42,-43],[-63,57],[-31,75],[4,46],[-23,179],[-28,6]],[[70027,74733],[-6,77],[-26,9]],[[71662,75905],[59,-13],[16,60],[61,64],[122,-64],[31,-87],[-49,-58],[73,-55],[76,-12],[149,65],[66,-69],[10,-65],[39,6],[87,-25],[32,-37],[-25,-47],[57,-57],[-8,-88],[94,-102],[68,9],[84,38],[58,-50],[83,35],[76,11],[57,-16],[130,67],[105,71],[29,-49],[109,87],[86,-6],[17,-75],[69,-2],[134,-24],[11,-77],[28,-30],[128,-13],[53,53],[58,8],[62,-27],[44,14],[27,-52],[154,-47],[54,-49],[46,26],[47,-42],[-40,-94],[-49,-17],[-47,-63],[67,-25],[87,-2],[37,78],[117,-8],[81,-55],[114,47],[-15,-54],[76,-80],[104,59],[88,-13],[100,-42],[35,-63],[-7,-37]],[[74992,73830],[-13,-34],[-8,-25]],[[75031,73763],[44,-37],[-57,-26]],[[74709,73492],[-3,-60],[29,-51]],[[74595,72905],[-20,-43],[-81,14],[22,63],[-68,99],[-6,66],[-48,-5],[-80,38],[-4,-66],[25,-48],[-8,-70],[-59,-3],[-89,-146],[23,-47],[91,-42],[-39,-32],[-74,-1],[32,-51],[85,52],[37,-63],[-27,-32],[50,-48],[-160,-88],[-65,-53],[-14,-35],[9,-70],[28,-35],[-36,-58],[-81,-52],[-50,22],[4,88],[-81,54],[-45,-30],[-142,-9],[-119,66],[23,61],[-16,39],[-74,-10],[-6,-34],[-52,-39],[16,-30],[-133,-17],[-41,15],[-79,96],[-140,79],[-92,22],[4,57],[-30,86],[-83,77],[-67,15],[-45,-17],[-84,26],[-47,50],[-16,63],[-51,79],[19,74],[32,33],[-27,33],[-2,68],[-65,69],[14,37],[-56,41],[-19,55],[104,39],[9,39],[-29,53],[-39,-18],[-67,51],[-1,103],[-29,33],[14,59],[-93,57],[-93,-8],[-59,69],[-98,14],[-39,38],[2,76],[-88,39],[-40,-37],[18,-43],[-23,-39],[-52,28],[2,-68],[-41,-52],[-26,-112],[39,-42],[89,-12],[44,-30],[83,-1],[-8,-32],[61,-40],[-50,-48],[-1,-58],[39,-11],[104,17],[-17,-60],[77,-14],[56,24],[6,-128],[-38,-52],[-199,13],[-92,-26],[-40,12],[-69,103],[-25,60],[-38,13],[-148,-5],[-45,-48],[0,-74],[58,-51],[-5,-29],[-106,-1],[-62,29],[4,30],[-58,29],[-13,76],[21,78],[-61,42],[-147,-42],[-17,71],[17,53],[-60,76]],[[70052,59349],[-33,-10],[-37,-56],[-1,-19],[-38,-47],[-29,-78]],[[69914,59139],[-11,-20],[-98,9]],[[69805,59128],[-41,29],[-13,-3]],[[69751,59154],[-113,35],[-22,110]],[[69616,59299],[7,18]],[[69780,59332],[50,81],[31,87]],[[69902,59590],[57,26]],[[69959,59616],[28,-5],[15,-107],[5,-54],[45,-101]],[[70184,69262],[-3,-72],[48,-45],[15,-51],[-13,-61],[-57,-33],[10,-96],[25,-80],[-50,-87],[-4,-35],[54,-22],[-52,-120],[-46,-8],[-94,-142],[14,-88],[-69,-26],[-72,40],[-66,-39],[-17,-75],[-38,-17],[62,-122],[-54,-47],[-44,42],[-38,-39],[-24,65],[-33,-6],[-73,28],[-11,93],[-88,96],[-27,53],[-81,4],[-94,-19],[-78,-72],[-64,-11],[5,-55],[58,-70],[-8,-54],[43,-78],[-10,-49],[-50,2],[-52,-72],[-79,-72],[-22,-48],[0,-76],[-55,11],[-78,-123],[22,-32],[-48,-98],[-75,-66],[-103,-112]],[[68670,67278],[-47,-43],[-2,1],[-32,31],[-21,8],[-79,77],[25,85],[1,45],[3,68],[3,59],[-15,48],[-75,108],[-26,33]],[[68405,67798],[-47,49],[-45,69],[-29,63]],[[68884,70331],[14,-67]],[[68898,70264],[16,-16]],[[68914,70248],[26,-58],[36,-9]],[[68976,70181],[5,-44],[46,15],[-53,-34],[5,-32]],[[68979,70086],[18,-57],[39,16]],[[69036,70045],[-45,-81],[73,-75],[-3,-34],[-25,-70],[-19,-48],[62,-103],[-1,-16],[-58,-34],[15,-42],[41,-29],[-2,-76],[41,41],[48,62],[-17,10],[-1,58]],[[69145,69608],[-2,19],[17,6],[14,-11],[23,21],[25,-19]],[[69222,69624],[34,-12]],[[68670,67278],[130,-114],[81,-122],[131,-223],[141,-150],[96,-57],[103,-122],[205,-49],[54,-36],[20,-42],[145,-140],[71,-39],[151,-16],[111,36],[48,-3],[136,-79],[74,-26],[31,-31],[80,-10],[88,-172],[43,114],[66,-7],[6,-36],[127,-1],[10,-31],[156,32],[100,-17],[70,-52],[50,-109],[-18,-264],[-42,1],[-30,-79],[-40,-40],[37,-177],[-44,-3],[1,-79],[21,-13]],[[71079,65122],[-82,-28],[-2,-37],[-98,-24],[-24,-75],[-45,-61],[-4,-41],[56,-18],[2,-46],[-88,-104],[-87,59],[-54,123],[-69,38],[-51,-8],[5,-61],[-19,-72],[-48,-42],[-52,9],[-13,-33],[39,-66],[-9,-68],[-83,5],[-11,-42],[-85,-1],[-30,-65],[145,-47],[25,-77],[-31,-13],[-51,63],[-72,-55],[38,-109],[-1,-142],[-85,-10],[20,73],[-11,43],[-39,12],[-41,-105],[-47,-86],[-27,68],[-71,3],[-26,-31],[-78,47],[-71,-61],[-66,-9],[-41,18],[-51,-22],[-78,24],[-119,-61],[22,-105],[-75,-34],[-33,31],[-52,0]],[[68129,67530],[-44,13],[-50,52]],[[68264,67956],[-8,18],[28,5],[74,-132],[47,-49]],[[71237,61904],[-49,-16],[-46,22],[-45,-21],[-16,-73],[35,-13],[9,-99],[-25,-81],[-40,8],[-14,-47],[32,-69],[-33,-92],[-66,-65],[26,-82],[42,-36],[-50,-55],[17,-85],[-42,-40],[11,-62],[-53,-58],[3,-119],[-22,-54],[7,-115],[40,-66],[-44,-56],[-50,23],[-71,3],[-37,89],[-150,35],[-33,27],[-107,37],[-36,-2],[-33,47],[-113,-32],[-49,59],[-131,22],[-50,-40]],[[71079,65122],[75,8],[-11,-113],[49,-38],[4,-157],[-25,-72],[98,51],[44,-78],[-105,-11],[-22,-26],[-1,-71],[21,-22],[5,-70],[-31,-17],[1,-58],[-100,-1],[-2,-57],[-41,3],[-23,-40],[-64,-19],[-8,-44],[-109,-40],[-37,45],[-78,-31],[-27,20],[-56,-41],[35,-31],[5,-64],[49,-66],[-52,-17],[19,-44],[-39,-44],[-72,-31],[65,-57],[-15,-109],[-36,-81],[34,-168],[-43,-91],[110,-73],[-20,-99],[68,3],[126,29],[-15,-43],[32,-48],[24,-100],[22,-30],[78,-40],[39,-81],[80,-38],[84,-100],[127,64],[59,-5],[12,-60],[-40,-59],[5,-91],[-31,-16],[-57,22],[-25,-87],[11,-35],[-24,-83],[32,-75],[-53,-64],[-38,-7],[0,-76],[36,-39],[-11,-43],[-55,10],[-108,-62],[40,-18],[54,-69],[-12,-64],[101,-59]],[[71483,58622],[-57,37],[-62,-24],[-52,27],[14,33],[-45,39],[-75,28],[-37,74],[-91,33],[15,60],[-18,38],[-131,122],[-33,56],[-12,66],[-92,133],[2,59],[-112,81],[-11,73],[-38,-2],[-40,28],[-48,-9],[-7,-47],[-14,-15],[-31,-103]],[[70508,59409],[-55,-56],[5,-37]],[[70458,59316],[-42,-7],[-18,24],[-75,8],[-46,65],[-98,-43],[-22,25],[-50,14],[-36,22],[-19,-75]],[[69959,59616],[-72,8]],[[71237,61904],[70,7],[55,-79],[99,-4],[-22,81],[4,44],[76,-20],[76,-75],[48,19],[49,-13],[113,14],[59,-67],[74,-36],[96,73],[37,-17],[-2,-73],[-25,-29],[-72,-1],[-21,-48],[-61,-30],[-23,-115],[-81,-64],[-36,-58],[-41,-2],[-54,-36],[-13,-102],[23,-31],[19,-118],[-23,-40],[-14,-109],[3,-78],[-25,-51],[124,-22],[-1,-85],[59,-30],[-36,-53],[20,-102],[80,-35],[47,35],[75,-131],[-32,-181],[-67,-29],[-64,-80],[0,-118],[63,-94],[70,-66],[-41,-118],[-59,-71],[3,-72],[90,-45],[-69,-58],[2,-89],[-143,-28],[-63,-70],[-32,5],[-11,-58],[4,-26],[-26,-13],[-11,-32],[-44,-36],[54,-12],[-25,-160],[25,-29],[-26,-58],[-59,16],[-18,37],[-53,35],[-11,96],[-54,57],[-39,21],[-43,40],[-65,13],[-38,-6],[-29,-16],[-28,30],[-26,9],[-33,29],[-27,5],[-32,-30],[71,14],[23,-26],[49,-34],[43,18],[33,1],[57,-17],[31,-30],[-1,-38],[36,-42],[34,-85],[9,-58],[58,-49],[100,1],[27,-85],[-23,-163],[-56,-20],[-44,14]],[[71532,55784],[25,-23],[119,-34],[56,-48],[41,-76],[-15,-26],[-85,-12],[-74,4],[-63,37],[-26,64],[22,114]],[[71165,55896],[26,-101],[72,-40],[-34,-40],[-23,-60],[-90,20],[-23,44],[17,130],[55,47]],[[71315,55956],[7,-125],[83,-106],[-35,-42],[-84,-17],[-51,13],[5,48],[23,15],[2,18],[-16,14],[-52,21],[-26,90],[18,39],[126,32]],[[71986,55912],[12,-4],[34,13],[33,4],[23,-69],[-25,-50],[-109,16],[-58,111],[50,111],[28,-56],[0,-53],[12,-23]],[[72051,56153],[17,-15],[14,-114],[-21,-24],[2,-45],[22,-15],[96,22],[9,-87],[41,-29],[-26,-71],[-99,-11],[-22,148],[-19,17],[-35,-3],[-25,-12],[-21,8],[-6,71],[-31,62],[-12,81],[72,-13],[44,30]],[[71435,56157],[12,-9],[-12,-152],[-35,-31],[-66,32],[-64,-3],[-34,38],[-60,36],[98,1],[10,29],[151,59]],[[71056,56180],[20,-97],[133,-125],[-56,-58],[-132,171],[35,109]],[[72310,56214],[39,-75],[8,-46],[66,-86],[4,-112],[-87,-62],[-64,-1],[-81,89],[-7,136],[8,30],[-27,76],[65,46],[76,5]],[[72029,56233],[54,-19],[90,-84],[15,-46],[-21,-98],[-35,-33],[-59,1],[-5,39],[22,36],[-20,124],[-61,50],[20,30]],[[71700,56302],[107,-73],[14,-50],[63,-41],[20,-45],[-25,-97],[-45,-116],[-60,63],[-65,43],[-13,84],[-31,41],[-2,98],[37,93]],[[71852,56365],[72,-16],[61,-29],[17,-42],[24,-18],[-23,-62],[46,-42],[-40,-29],[-77,14],[-96,70],[30,56],[-14,98]],[[72123,56376],[70,-30],[45,-58],[60,-44],[-121,-47],[-19,62],[-48,61],[13,56]],[[71522,56380],[102,-16],[14,-20],[-55,-68],[-32,-86],[2,-101],[67,-171],[-31,-62],[-39,-23],[-86,34],[-21,39],[40,67],[9,51],[-19,76],[5,45],[-54,49],[-66,-23],[-9,83],[32,63],[77,5],[64,58]],[[72104,56453],[-1,-130],[43,-60],[10,-60],[-34,-10],[-36,26],[-62,21],[42,42],[-16,31],[-48,-29],[-12,35],[-18,19],[18,65],[29,10],[52,53],[33,-13]],[[71122,56535],[37,-99],[4,-12],[18,4],[6,-13],[37,-14],[46,-49],[-24,-37],[2,-64],[81,-30],[-66,-66],[19,-46],[-16,-38],[-44,0],[-43,21],[-7,-27],[83,-60],[-24,-29],[-127,119],[-17,90],[-39,112],[59,164],[15,74]],[[72103,56551],[59,0],[-24,-104],[-67,22],[32,82]],[[71241,56490],[17,-56],[-33,-31],[-34,11],[-6,16],[-21,1],[0,47],[5,14],[30,12],[32,50],[10,-64]],[[71509,56523],[-22,-87],[30,-51],[-64,-61],[-73,-4],[-18,71],[32,38],[8,43],[80,119],[27,-68]],[[71369,56301],[-38,-53],[-69,10],[-9,35],[35,58],[-48,40],[51,58],[69,150],[30,-55],[-19,-58],[26,-32],[-38,-50],[10,-103]],[[71813,56605],[15,-11],[52,-2],[7,-19],[-35,-50],[3,-15],[-35,-32],[19,-13],[-61,-137],[-38,14],[21,81],[-9,37],[-50,58],[6,30],[32,10],[28,29],[45,20]],[[71902,56685],[19,-29],[23,-52],[74,-11],[-17,-75],[-55,20],[-53,-73],[35,-92],[-81,10],[-20,31],[16,47],[-16,16],[32,31],[20,53],[14,10],[-7,21],[-33,3],[-9,45],[28,6],[8,31],[22,8]],[[71606,56753],[-2,-30],[18,-11],[58,-10],[-8,-22],[18,-64],[-2,-79],[21,-60],[39,-38],[-20,-72],[4,-42],[24,-18],[78,-15],[-29,-56],[-118,81],[-14,73],[-46,35],[-94,14],[22,126],[-7,125],[58,63]],[[71374,56803],[11,-21],[-21,-18],[11,-19],[33,29],[16,-15],[66,14],[22,-28],[-27,-143],[-90,-127],[-2,80],[-31,49],[-68,18],[38,131],[24,32],[18,18]],[[72032,56859],[121,-63],[59,-53],[-10,-127],[-27,-41],[-97,-24],[-25,-89],[-40,-44],[-49,25],[-55,8],[26,57],[57,-2],[31,18],[12,53],[-29,34],[-53,-2],[-17,55],[49,66],[49,38],[-35,78],[33,13]],[[71471,56887],[60,-22],[22,-31],[-34,-80],[-40,26],[-40,-17],[12,107],[20,17]],[[71128,56910],[30,-30],[72,-9],[35,-67],[48,-9],[12,-43],[-38,-118],[6,-28],[37,-10],[-5,-51],[-38,-84],[-45,49],[5,52],[-9,7],[-34,-37],[-10,-28],[-39,-17],[-22,47],[-35,12],[-46,120],[8,67],[49,101],[19,76]],[[71539,56950],[70,-27],[54,23],[49,-9],[64,20],[33,32],[105,-68],[93,-41],[-17,-46],[34,-73],[-42,-17],[-57,-81],[-6,1],[-27,46],[-1,-19],[-17,-11],[-2,-26],[-35,-13],[-29,-30],[-38,-20],[-46,-37],[-33,30],[7,35],[-18,61],[4,23],[-15,11],[-45,3],[-24,52],[-18,100],[-48,50],[5,31]],[[71147,57003],[30,-46],[77,26],[71,-8],[61,-27],[24,9],[51,-63],[-19,-29],[-4,-43],[-38,-26],[-13,-36],[-19,-1],[21,22],[-3,20],[-14,5],[-7,-3],[-33,-34],[-17,32],[-48,8],[-26,57],[-34,19],[-40,-3],[-43,71],[23,50]],[[71223,57183],[32,-19],[-18,-59],[91,-66],[30,38],[10,-33],[17,-13],[44,-6],[-19,-44],[-37,-21],[-94,39],[-100,-21],[-36,65],[9,135],[71,5]],[[71456,57332],[32,8],[91,-16],[65,26],[29,-45],[84,3],[17,-23],[-7,-75],[18,-66],[-1,-150],[-34,-25],[-142,-14],[-54,21],[-56,57],[-56,-4],[-68,17],[3,32],[-9,12],[-21,-14],[-20,-30],[-82,58],[18,51],[-25,36],[35,53],[6,69],[53,2],[85,55],[39,-38]],[[71287,57453],[39,-6],[15,-51],[40,-27],[-45,-36],[-57,6],[-34,105],[42,9]],[[71768,57429],[-4,-99],[-85,-16],[-80,107],[169,8]],[[72161,57450],[84,-7],[26,-54],[70,-79],[34,-102],[-51,-195],[-114,-30],[-107,87],[64,97],[-8,30],[-90,8],[-53,33],[9,52],[-31,27],[63,126],[56,38],[48,-31]],[[71453,57487],[66,-38],[3,-89],[-66,-6],[-24,30],[-36,-8],[-52,24],[40,65],[32,7],[16,29],[21,-14]],[[71656,57555],[0,-60],[63,-39],[-26,-26],[-71,2],[-35,-13],[31,-58],[-54,-20],[-29,16],[-7,89],[-49,48],[32,28],[32,6],[57,28],[56,-1]],[[71773,57575],[-40,-43],[-6,-47],[-67,12],[-3,88],[116,-10]],[[71424,57579],[76,-55],[-68,-18],[-26,-35],[-47,10],[-14,-40],[-113,40],[34,76],[46,26],[27,63],[58,23],[27,-90]],[[71474,57721],[42,6],[59,-28],[10,-53],[59,-53],[-4,-28],[-51,-8],[-46,-23],[-35,54],[-77,-10],[-22,101],[23,49],[42,-7]],[[71638,57886],[72,-8],[48,-63],[22,-69],[57,-78],[-20,-67],[-155,-12],[-64,51],[-25,74],[-40,35],[77,35],[11,32],[-42,66],[59,4]],[[71932,57969],[37,1],[20,-71],[64,-84],[-6,-110],[-47,-133],[-46,-37],[-69,-4],[-50,-63],[6,-117],[25,-92],[52,0],[-37,97],[-4,96],[16,39],[67,-6],[11,-42],[55,-40],[-42,-79],[36,-47],[-10,-64],[52,-17],[22,-49],[2,-106],[51,-25],[42,-51],[-22,-70],[-79,14],[-81,54],[-85,32],[-45,46],[-65,197],[12,61],[-28,90],[11,34],[-33,76],[23,54],[78,74],[-4,51],[-70,83],[-41,140],[77,-37],[105,105]],[[72112,58007],[38,-13],[5,-118],[28,-60],[92,-58],[-48,-84],[-14,-63],[27,-144],[-70,-15],[-59,33],[-55,-12],[-26,-64],[-53,36],[-1,43],[61,69],[57,197],[-10,63],[-61,79],[-13,89],[102,22]],[[71567,57969],[23,20],[2,32],[18,8],[24,-32],[16,-88],[-58,2],[-30,-22],[27,-43],[-4,-51],[-178,-67],[-12,-39],[-80,-31],[-10,-54],[-68,-41],[-36,-90],[-46,-2],[-73,32],[-8,49],[115,102],[47,112],[76,28],[122,133],[22,3],[69,-53],[27,25],[-5,30],[-44,96],[35,0],[29,-59]],[[71871,58104],[75,-13],[24,-103],[-57,-5],[-46,-59],[-77,64],[22,45],[3,45],[14,47],[42,-21]],[[71456,58323],[8,-64],[39,-6],[-3,-89],[-27,-33],[-58,-16],[19,-76],[71,-45],[39,-84],[-21,-23],[-58,52],[-92,-10],[-61,24],[-18,38],[-65,14],[17,119],[74,76],[42,25],[21,4],[6,12],[5,54],[62,28]],[[71585,58622],[68,-18],[76,-57],[70,-118],[89,-53],[-26,-127],[12,-38],[62,-41],[10,-64],[-96,12],[-20,14],[-14,-28],[-49,-182],[-59,-34],[-46,14],[-19,91],[-25,37],[-15,4],[-17,-17],[-47,21],[-104,6],[-4,46],[73,66],[3,100],[-77,115],[24,67],[-16,73],[38,96],[47,-3],[62,18]],[[72052,58695],[12,-66],[-17,-146],[58,-10],[78,-90],[-78,-5],[-12,-58],[72,-52],[1,-66],[55,13],[3,-79],[21,-43],[84,-79],[15,-42],[-28,-87],[23,-67],[27,-16],[-46,-61],[-40,69],[-64,33],[-30,37],[13,82],[-30,73],[-69,16],[-43,-20],[-62,35],[-23,102],[-50,51],[20,78],[-7,81],[13,237],[33,22],[12,79],[59,-21]],[[71627,58757],[75,-101],[49,-30],[-16,-69],[-65,67],[-47,28],[-18,90],[22,15]],[[71347,59139],[36,-7],[30,-47],[33,-19],[9,-101],[52,-28],[-39,-50],[-42,41],[-11,63],[-68,148]],[[71750,59320],[28,-106],[-6,-92],[-38,-35],[12,-56],[-14,-22],[18,-26],[11,-54],[25,-40],[-12,-84],[58,-47],[-128,-87],[-26,46],[19,56],[-72,38],[-23,85],[21,42],[1,195],[-54,10],[32,28],[11,11],[6,23],[23,11],[7,15],[-4,20],[62,73],[43,-4]],[[71828,59382],[52,-36],[72,-16],[32,-65],[22,-133],[24,-61],[58,-55],[-21,-107],[29,-40],[-100,-60],[-16,-33],[2,-113],[-55,-72],[7,-40],[-26,-126],[-37,2],[-88,95],[-37,163],[68,46],[33,-17],[1,70],[-63,37],[39,52],[-52,61],[-3,34],[-29,41],[14,41],[-9,25],[33,37],[29,80],[-34,43],[-28,130],[83,17]],[[64768,62998],[-4,-51],[39,-78]],[[64803,62869],[-79,4],[-20,-30]],[[64530,62666],[138,-26],[-51,-58],[3,-27]],[[64203,61572],[2,-57],[-31,-54]],[[64184,61423],[90,-64],[-13,-73]],[[63814,60247],[-40,-17],[8,-18]],[[63782,60212],[-28,-101],[-38,-53]],[[63716,60058],[-59,-84]],[[63657,59974],[-22,-57]],[[61125,61806],[0,122],[-15,75]],[[61200,62120],[32,34],[-3,43]],[[61289,62230],[-22,24],[-3,84]],[[61236,62554],[-6,69]],[[61890,62889],[-65,22],[0,49],[-49,92]],[[61785,63063],[-36,23],[1,36],[22,9],[26,33],[36,10]],[[62242,63086],[-35,-91],[40,-31],[2,-56]],[[62685,62650],[5,-30],[61,-28]],[[63034,63176],[-3,33],[67,19]],[[63253,63386],[74,-7],[52,21],[106,-23],[58,0],[81,41]],[[64028,63591],[147,42],[71,-13]],[[64269,63559],[70,4],[116,33]],[[64806,63422],[-16,-52]],[[71483,58622],[-62,-128],[9,-17],[18,-28],[-25,-81],[5,-43],[-41,-29],[-7,-62],[-18,-4],[-48,-29],[-84,-69],[4,-42],[0,-10],[-9,-52],[1,-7],[-44,-28],[-119,55],[-65,-2],[-33,23],[-109,-10],[-10,41],[73,57],[-3,41],[-89,-102],[36,-58],[108,-9],[-31,-77],[-88,-110],[7,-44],[-48,-52],[-25,-92],[26,-180],[30,-55],[-73,-86],[-49,-137],[-7,-56],[57,-116],[-43,-116],[-83,-64],[-27,57],[-32,-22],[-56,27],[-18,-28],[28,-61],[-69,-110],[-102,77],[-12,44],[49,76],[40,26],[-65,8],[-65,-17],[-34,-55],[-54,9],[14,76],[-70,-25],[-34,-33],[-27,19],[-28,-24],[-13,-52],[-52,-6],[-12,-126],[-28,-48],[23,-136],[-37,-44],[-63,25],[-26,81],[-4,135],[-101,24],[-33,-10],[-17,-15],[8,-40],[-26,-53],[-130,-49],[-31,-31],[-5,-32],[23,-58],[48,-58],[13,-56],[-96,9],[-130,26],[3,48],[-60,159],[-76,106],[-53,116],[45,154],[-7,52],[-46,44],[-26,54],[57,52],[88,113],[63,117],[29,123],[7,84],[-46,157],[-1,67],[-26,66],[-52,74],[-85,44],[-118,17],[-44,23],[-152,3],[-10,24],[44,57],[20,118],[39,71],[-16,77]],[[69465,59262],[-15,67],[34,22]],[[69532,59345],[84,-46]],[[69616,59299],[22,-110],[113,-35]],[[69805,59128],[98,-9],[11,20]],[[70458,59316],[-5,37],[55,56]],[[70365,55756],[19,-24],[92,-39],[10,-83],[-7,-71],[-85,-4],[-86,54],[17,124],[40,43]],[[69256,55761],[30,-91],[-41,-39],[-16,125],[27,5]],[[70502,55902],[70,-27],[91,-78],[9,-84],[-38,-54],[-88,-39],[-47,93],[-91,49],[48,95],[-13,66],[59,-21]],[[70639,56101],[31,-126],[46,-64],[15,-75],[-38,-12],[-67,49],[-54,15],[-10,47],[56,69],[-11,87],[32,10]],[[70691,56110],[50,-53],[-7,-33],[-55,-52],[-26,100],[38,38]],[[69718,56156],[61,-4],[60,-63],[18,-39],[-18,-62],[27,-46],[-57,-106],[-101,-38],[-8,68],[37,136],[-19,154]],[[70213,56167],[58,-132],[-68,-201],[-105,115],[-4,145],[60,62],[59,11]],[[69349,56212],[42,-78],[-63,-23],[-1,-66],[60,-26],[32,3],[24,-111],[-60,-59],[-32,-59],[-36,86],[-39,146],[-7,67],[24,70],[56,50]],[[70531,56268],[46,-24],[41,10],[52,-79],[1,-47],[-69,-23],[5,-103],[-92,-96],[-45,62],[9,79],[-47,130],[32,19],[30,57],[37,15]],[[70069,56249],[56,-107],[-53,-44],[-7,-116],[25,-60],[47,-59],[-67,-29],[-37,-92],[-51,65],[-13,61],[13,63],[-26,129],[67,68],[9,81],[-55,22],[32,108],[29,-70],[31,-20]],[[69406,56365],[175,-28],[-35,-86],[37,-13],[42,-79],[95,-132],[-63,-133],[-19,-87],[5,-64],[58,-61],[-50,-64],[-73,-20],[-77,23],[-27,42],[16,63],[-42,61],[-55,44],[61,58],[-6,127],[-23,22],[-62,-3],[-33,32],[6,33],[70,41],[-31,66],[7,116],[24,42]],[[69906,56373],[-19,-71],[0,-42],[19,-45],[113,-33],[-44,-48],[-95,-51],[-70,86],[39,64],[-22,101],[33,38],[46,1]],[[69974,56374],[19,-22],[-32,-80],[-70,-10],[1,47],[40,62],[42,3]],[[70657,56424],[5,-61],[13,-35],[100,-43],[-1,-50],[-83,-30],[-42,24],[15,71],[-52,92],[45,32]],[[69688,56224],[-26,-66],[-58,80],[25,93],[47,53],[24,-130],[-12,-30]],[[70753,56471],[47,-64],[25,-123],[-40,-88],[-34,-34],[-37,24],[77,47],[2,48],[-122,64],[11,87],[11,20],[60,19]],[[70229,56465],[57,10],[-17,-70],[-10,-133],[-36,-41],[-6,-58],[-47,-4],[-29,-20],[-34,140],[12,50],[-13,42],[45,40],[42,80],[36,-36]],[[70527,56546],[86,-61],[-24,-127],[35,-92],[-41,-19],[-66,27],[-31,-27],[-27,-46],[-71,122],[1,81],[83,112],[55,30]],[[70102,56549],[14,-6],[4,-22],[19,-18],[28,7],[-2,-43],[-60,-69],[-7,-34],[16,-34],[-16,-32],[7,-92],[-76,91],[1,35],[-63,99],[43,35],[21,22],[38,33],[15,18],[18,10]],[[70320,56638],[54,-83],[-50,-53],[-90,8],[-15,68],[101,60]],[[70692,56695],[44,-54],[39,-18],[-31,-60],[18,-64],[-95,16],[-31,57],[18,82],[38,41]],[[69788,56736],[72,-22],[0,-130],[32,-91],[65,-33],[-7,-70],[-72,-7],[-48,-25],[-12,-34],[18,-111],[-46,-41],[-51,-6],[-39,32],[13,49],[-21,113],[-74,115],[-62,10],[-14,50],[20,24],[145,62],[26,54],[-13,35],[12,14],[56,12]],[[69115,56789],[70,-168],[44,-49],[-22,-64],[26,-122],[0,-85],[-60,-197],[4,-149],[-70,-88],[-66,-14],[-88,13],[-97,33],[-71,42],[-17,93],[26,164],[59,63],[38,165],[172,328],[52,35]],[[70794,56875],[18,-15],[1,-27],[26,-37],[-10,-19],[48,-1],[25,-11],[-12,-132],[-37,-183],[-57,32],[-36,91],[29,25],[-48,84],[-40,36],[30,74],[63,83]],[[70589,56874],[48,-50],[-12,-93],[-34,-107],[-62,-17],[-39,27],[-12,58],[42,24],[-7,56],[34,40],[-7,86],[49,-24]],[[70187,56902],[49,-43],[81,-31],[23,-131],[-43,-48],[-83,-59],[-40,-74],[-32,-8],[-13,5],[-10,33],[-10,8],[-20,-3],[-52,-53],[-37,132],[29,91],[-2,61],[59,53],[9,60],[55,-6],[37,13]],[[70389,56931],[13,-11],[-34,-52],[-29,-24],[-46,33],[43,46],[53,8]],[[70858,56965],[93,-32],[-48,-122],[-1,-28],[-41,1],[-40,41],[-3,35],[-18,28],[58,77]],[[69107,56984],[34,-43],[-52,-62],[-44,55],[17,40],[45,10]],[[70927,57331],[49,0],[82,-51],[62,-19],[-81,-116],[-2,-51],[-47,-50],[-73,42],[-86,-5],[-14,57],[23,106],[87,87]],[[71227,57993],[68,-24],[22,-40],[56,-39],[-77,-82],[-44,-5],[-62,-46],[-44,-73],[-119,-88],[-21,-36],[19,-77],[47,-38],[95,-42],[38,-68],[-69,-55],[-63,6],[-97,60],[-37,4],[-6,105],[-33,110],[-62,93],[12,61],[43,90],[9,63],[87,76],[27,57],[44,37],[116,-55],[51,6]],[[69808,74149],[-9,-70],[52,-64],[45,-26],[14,63],[-13,48],[43,11],[51,-29],[46,23],[37,-51],[70,-4],[174,-39],[-16,-30],[64,-68],[-13,-67],[107,-164],[-18,-78],[-39,27],[-107,-10],[-59,21],[-58,-22],[-21,-72],[-80,-2],[-42,-75],[-128,-66],[-49,-66],[-5,-107],[30,-36],[-22,-88],[-67,-22],[-45,-49],[-121,-15],[-32,-40],[-88,10],[-55,-39],[-5,-29],[-183,-95],[-17,-138],[-50,-62],[93,-111],[-52,-73],[46,-76],[-100,-15],[-47,-28],[10,-42],[-54,-48],[-41,-103],[3,-43],[-29,-59],[-63,-14],[-24,-64],[42,-52],[29,-70],[23,-120],[-28,-90],[50,-52],[-4,-58],[54,5],[81,-76],[58,32],[40,54],[56,-39],[62,36],[47,-12],[71,61],[54,-11],[19,-42],[-13,-64],[62,-25],[49,-56],[53,-29],[24,-58],[48,-3],[134,-85],[-13,-63],[103,-44],[9,-52],[172,-33],[3,-132],[-32,-46],[-15,-63]],[[70179,70766],[-192,-101],[-109,-97],[-138,-117],[-79,-129]],[[69661,70322],[-49,-101],[0,-81],[-60,-149]],[[69552,69991],[-59,-129],[-69,-80],[-94,-86],[-74,-84]],[[69222,69624],[-25,19],[-23,-21],[-14,11],[-17,-6],[2,-19]],[[69036,70045],[-39,-16],[-18,57]],[[68976,70181],[-36,9],[-26,58]],[[68898,70264],[-22,128]],[[68862,70427],[17,26],[-45,63]],[[68800,70533],[-36,9],[-20,51]],[[68285,71679],[47,46],[-40,30]],[[68009,72030],[31,-4]],[[68118,72451],[49,41],[41,-2]],[[67566,59157],[-16,-78],[-45,-28]],[[67429,58671],[-21,-68],[-1,-78]],[[65509,56816],[-5,-82]],[[64216,58067],[86,-27]],[[64327,58040],[70,25],[-2,33]],[[64635,58746],[-45,39],[-89,38],[-56,7]],[[63902,59550],[15,78],[0,91]],[[63724,59846],[-89,71],[22,57]],[[63716,60058],[38,53],[28,101]]],"transform":{"scale":[0.0002886439571980159,0.0002662604482680547],"translate":[68.18736267089872,6.754255771636963]},"objects":{"india-districts":{"type":"GeometryCollection","geometries":[{"arcs":[[[0]],[[1]],[[2]],[[3]],[[4]],[[5]],[[6]],[[7]],[[8]],[[9]],[[10]],[[11]],[[12]],[[13]],[[14]],[[15]],[[16]],[[17]],[[18]],[[19]],[[20]],[[21]],[[22]],[[23]],[[24]],[[25]],[[26]],[[27]],[[28]],[[29]],[[30]],[[31]],[[32]],[[33]],[[34]],[[35]],[[36]],[[37]],[[38]]],"type":"MultiPolygon","properties":{"ID_0":105,"ISO":"IND","NAME_0":"India","ID_1":1,"NAME_1":"Andaman and Nicobar","ID_2":1,"NAME_2":"Andaman Islands","NL_NAME_2":null,"VARNAME_2":null,"TYPE_2":"District","ENGTYPE_2":"District"}},{"arcs":[[[39]],[[40]],[[41]],[[42]],[[43]],[[44]],[[45]],[[46]],[[47]],[[48]],[[49]]],"type":"MultiPolygon","properties":{"ID_0":105,"ISO":"IND","NAME_0":"India","ID_1":1,"NAME_1":"Andaman and Nicobar","ID_2":2,"NAME_2":"Nicobar Islands","NL_NAME_2":null,"VARNAME_2":null,"TYPE_2":"District","ENGTYPE_2":"District"}},{"arcs":[[50,51,52,53,54,55]],"type":"Polygon","properties":{"ID_0":105,"ISO":"IND","NAME_0":"India","ID_1":2,"NAME_1":"Andhra Pradesh","ID_2":3,"NAME_2":"Adilabad","NL_NAME_2":null,"VARNAME_2":null,"TYPE_2":"District","ENGTYPE_2":"District"}},{"arcs":[[56,57,58,59,60,61,62,63,64]],"type":"Polygon","properties":{"ID_0":105,"ISO":"IND","NAME_0":"India","ID_1":2,"NAME_1":"Andhra Pradesh","ID_2":4,"NAME_2":"Anantapur","NL_NAME_2":null,"VARNAME_2":"Anantpur, Ananthapur","TYPE_2":"District","ENGTYPE_2":"District"}},{"arcs":[[65,66,67,68,69,-58,70]],"type":"Polygon","properties":{"ID_0":105,"ISO":"IND","NAME_0":"India","ID_1":2,"NAME_1":"Andhra Pradesh","ID_2":5,"NAME_2":"Chittoor","NL_NAME_2":null,"VARNAME_2":"Chitoor|Chittor","TYPE_2":"District","ENGTYPE_2":"District"}},{"arcs":[[71,-71,-57,72,73]],"type":"Polygon","properties":{"ID_0":105,"ISO":"IND","NAME_0":"India","ID_1":2,"NAME_1":"Andhra Pradesh","ID_2":6,"NAME_2":"Cuddapah","NL_NAME_2":null,"VARNAME_2":null,"TYPE_2":"District","ENGTYPE_2":"District"}},{"arcs":[[[74,75]],[[76,77,78,79,80,81,82,83,84,85,86]]],"type":"MultiPolygon","properties":{"ID_0":105,"ISO":"IND","NAME_0":"India","ID_1":2,"NAME_1":"Andhra Pradesh","ID_2":7,"NAME_2":"East Godavari","NL_NAME_2":null,"VARNAME_2":null,"TYPE_2":"District","ENGTYPE_2":"District"}},{"arcs":[[87,88,89,90,91]],"type":"Polygon","properties":{"ID_0":105,"ISO":"IND","NAME_0":"India","ID_1":2,"NAME_1":"Andhra Pradesh","ID_2":8,"NAME_2":"Guntur","NL_NAME_2":null,"VARNAME_2":null,"TYPE_2":"District","ENGTYPE_2":"District"}},{"arcs":[[92,93,94,95,96,97,98,99,100,101]],"type":"Polygon","properties":{"ID_0":105,"ISO":"IND","NAME_0":"India","ID_1":2,"NAME_1":"Andhra Pradesh","ID_2":9,"NAME_2":"Hyderabad","NL_NAME_2":null,"VARNAME_2":null,"TYPE_2":"District","ENGTYPE_2":"District"}},{"arcs":[[102,103,104,105,106,-53]],"type":"Polygon","properties":{"ID_0":105,"ISO":"IND","NAME_0":"India","ID_1":2,"NAME_1":"Andhra Pradesh","ID_2":10,"NAME_2":"Karimnagar","NL_NAME_2":null,"VARNAME_2":null,"TYPE_2":"District","ENGTYPE_2":"District"}},{"arcs":[[107,108,109,110,111,112,113,114,-80,115,116,117,118,119]],"type":"Polygon","properties":{"ID_0":105,"ISO":"IND","NAME_0":"India","ID_1":2,"NAME_1":"Andhra Pradesh","ID_2":11,"NAME_2":"Khammam","NL_NAME_2":null,"VARNAME_2":"Khammamamet","TYPE_2":"District","ENGTYPE_2":"District"}},{"arcs":[[120,121,-92,122,-117]],"type":"Polygon","properties":{"ID_0":105,"ISO":"IND","NAME_0":"India","ID_1":2,"NAME_1":"Andhra Pradesh","ID_2":12,"NAME_2":"Krishna","NL_NAME_2":null,"VARNAME_2":"Kistna","TYPE_2":"District","ENGTYPE_2":"District"}},{"arcs":[[123,-73,-65,124,125,126]],"type":"Polygon","properties":{"ID_0":105,"ISO":"IND","NAME_0":"India","ID_1":2,"NAME_1":"Andhra Pradesh","ID_2":13,"NAME_2":"Kurnool","NL_NAME_2":null,"VARNAME_2":null,"TYPE_2":"District","ENGTYPE_2":"District"}},{"arcs":[[127,-90,128,-127,129,130,131]],"type":"Polygon","properties":{"ID_0":105,"ISO":"IND","NAME_0":"India","ID_1":2,"NAME_1":"Andhra Pradesh","ID_2":14,"NAME_2":"Mahbubnagar","NL_NAME_2":null,"VARNAME_2":"Mehbubnagar;Mahaboobnagar","TYPE_2":"District","ENGTYPE_2":"District"}},{"arcs":[[-106,132,133,134,135,136,137]],"type":"Polygon","properties":{"ID_0":105,"ISO":"IND","NAME_0":"India","ID_1":2,"NAME_1":"Andhra Pradesh","ID_2":15,"NAME_2":"Medak","NL_NAME_2":null,"VARNAME_2":"Sangapeddi","TYPE_2":"District","ENGTYPE_2":"District"}},{"arcs":[[-118,-123,-91,-128,138,-134,139]],"type":"Polygon","properties":{"ID_0":105,"ISO":"IND","NAME_0":"India","ID_1":2,"NAME_1":"Andhra Pradesh","ID_2":16,"NAME_2":"Nalgonda","NL_NAME_2":null,"VARNAME_2":null,"TYPE_2":"District","ENGTYPE_2":"District"}},{"arcs":[[[140,141,142,143,-66,-72,144]],[[145]]],"type":"MultiPolygon","properties":{"ID_0":105,"ISO":"IND","NAME_0":"India","ID_1":2,"NAME_1":"Andhra Pradesh","ID_2":17,"NAME_2":"Nellore","NL_NAME_2":null,"VARNAME_2":null,"TYPE_2":"District","ENGTYPE_2":"District"}},{"arcs":[[-107,-138,146,147,-54]],"type":"Polygon","properties":{"ID_0":105,"ISO":"IND","NAME_0":"India","ID_1":2,"NAME_1":"Andhra Pradesh","ID_2":18,"NAME_2":"Nizamabad","NL_NAME_2":null,"VARNAME_2":null,"TYPE_2":"District","ENGTYPE_2":"District"}},{"arcs":[[148,-142,149,-145,-74,-124,-129,-89]],"type":"Polygon","properties":{"ID_0":105,"ISO":"IND","NAME_0":"India","ID_1":2,"NAME_1":"Andhra Pradesh","ID_2":19,"NAME_2":"Prakasam","NL_NAME_2":null,"VARNAME_2":null,"TYPE_2":"District","ENGTYPE_2":"District"}},{"arcs":[[-139,-132,156,-135],[-100,150,-98,151,152,153,-94,154,-102,155]],"type":"Polygon","properties":{"ID_0":105,"ISO":"IND","NAME_0":"India","ID_1":2,"NAME_1":"Andhra Pradesh","ID_2":20,"NAME_2":"Rangareddi","NL_NAME_2":null,"VARNAME_2":"Rangareddy","TYPE_2":"District","ENGTYPE_2":"District"}},{"arcs":[[157,158,159,160,161,162,163,164,165,166,167,168,169,170,171,172,173,174,175,176,177,178]],"type":"Polygon","properties":{"ID_0":105,"ISO":"IND","NAME_0":"India","ID_1":2,"NAME_1":"Andhra Pradesh","ID_2":21,"NAME_2":"Srikakulam","NL_NAME_2":null,"VARNAME_2":"Srikakulum","TYPE_2":"District","ENGTYPE_2":"District"}},{"arcs":[[179,180,181,182,-86,183,184,185,186,187,188,189,190,191,192,193,194]],"type":"Polygon","properties":{"ID_0":105,"ISO":"IND","NAME_0":"India","ID_1":2,"NAME_1":"Andhra Pradesh","ID_2":22,"NAME_2":"Vishakhapatnam","NL_NAME_2":null,"VARNAME_2":"Fisakapatnam|Vizagapatam|Visakhapatnam","TYPE_2":"District","ENGTYPE_2":"District"}},{"arcs":[[-162,195,-182,196,-180,197,198]],"type":"Polygon","properties":{"ID_0":105,"ISO":"IND","NAME_0":"India","ID_1":2,"NAME_1":"Andhra Pradesh","ID_2":23,"NAME_2":"Vizianagaram","NL_NAME_2":null,"VARNAME_2":"Vizianagram","TYPE_2":"District","ENGTYPE_2":"District"}},{"arcs":[[-119,-140,-133,-105,199]],"type":"Polygon","properties":{"ID_0":105,"ISO":"IND","NAME_0":"India","ID_1":2,"NAME_1":"Andhra Pradesh","ID_2":24,"NAME_2":"Warangal","NL_NAME_2":null,"VARNAME_2":null,"TYPE_2":"District","ENGTYPE_2":"District"}},{"arcs":[[200,-121,-116,-79]],"type":"Polygon","properties":{"ID_0":105,"ISO":"IND","NAME_0":"India","ID_1":2,"NAME_1":"Andhra Pradesh","ID_2":25,"NAME_2":"West Godavari","NL_NAME_2":null,"VARNAME_2":null,"TYPE_2":"District","ENGTYPE_2":"District"}},{"arcs":[[201,202,203,204,205,206,207,208,209,210,211,212]],"type":"Polygon","properties":{"ID_0":105,"ISO":"IND","NAME_0":"India","ID_1":3,"NAME_1":"Arunachal Pradesh","ID_2":26,"NAME_2":"Changlang","NL_NAME_2":null,"VARNAME_2":null,"TYPE_2":"District","ENGTYPE_2":"District"}},{"arcs":[[213,214,215,216]],"type":"Polygon","properties":{"ID_0":105,"ISO":"IND","NAME_0":"India","ID_1":3,"NAME_1":"Arunachal Pradesh","ID_2":27,"NAME_2":"East Kameng","NL_NAME_2":null,"VARNAME_2":null,"TYPE_2":"District","ENGTYPE_2":"District"}},{"arcs":[[217,218,219,220]],"type":"Polygon","properties":{"ID_0":105,"ISO":"IND","NAME_0":"India","ID_1":3,"NAME_1":"Arunachal Pradesh","ID_2":28,"NAME_2":"East Siang","NL_NAME_2":null,"VARNAME_2":null,"TYPE_2":"District","ENGTYPE_2":"District"}},{"arcs":[[221,222,223,-217,224,225]],"type":"Polygon","properties":{"ID_0":105,"ISO":"IND","NAME_0":"India","ID_1":3,"NAME_1":"Arunachal Pradesh","ID_2":29,"NAME_2":"Kurung Kumey","NL_NAME_2":null,"VARNAME_2":null,"TYPE_2":"District","ENGTYPE_2":"District"}},{"arcs":[[-213,226,227,228,229,230,231,232,233,234,235]],"type":"Polygon","properties":{"ID_0":105,"ISO":"IND","NAME_0":"India","ID_1":3,"NAME_1":"Arunachal Pradesh","ID_2":30,"NAME_2":"Lohit","NL_NAME_2":null,"VARNAME_2":"Lohit Frontier Division","TYPE_2":"District","ENGTYPE_2":"District"}},{"arcs":[[236,-235,237,238,239,240,241,242,-219,243,244]],"type":"Polygon","properties":{"ID_0":105,"ISO":"IND","NAME_0":"India","ID_1":3,"NAME_1":"Arunachal Pradesh","ID_2":31,"NAME_2":"Lower Dibang Valley","NL_NAME_2":null,"VARNAME_2":null,"TYPE_2":"District","ENGTYPE_2":"District"}},{"arcs":[[245,246,247,248,-223,249]],"type":"Polygon","properties":{"ID_0":105,"ISO":"IND","NAME_0":"India","ID_1":3,"NAME_1":"Arunachal Pradesh","ID_2":32,"NAME_2":"Lower Subansiri","NL_NAME_2":null,"VARNAME_2":null,"TYPE_2":"District","ENGTYPE_2":"District"}},{"arcs":[[-249,250,251,-214,-224]],"type":"Polygon","properties":{"ID_0":105,"ISO":"IND","NAME_0":"India","ID_1":3,"NAME_1":"Arunachal Pradesh","ID_2":33,"NAME_2":"Papum Pare","NL_NAME_2":null,"VARNAME_2":null,"TYPE_2":"District","ENGTYPE_2":"District"}},{"arcs":[[252,253]],"type":"Polygon","properties":{"ID_0":105,"ISO":"IND","NAME_0":"India","ID_1":3,"NAME_1":"Arunachal Pradesh","ID_2":34,"NAME_2":"Tawang","NL_NAME_2":null,"VARNAME_2":null,"TYPE_2":"District","ENGTYPE_2":"District"}},{"arcs":[[-203,254,255,256,257,258,259,260]],"type":"Polygon","properties":{"ID_0":105,"ISO":"IND","NAME_0":"India","ID_1":3,"NAME_1":"Arunachal Pradesh","ID_2":35,"NAME_2":"Tirap","NL_NAME_2":null,"VARNAME_2":"Tirap Frontier Tract","TYPE_2":"District","ENGTYPE_2":"District"}},{"arcs":[[-245,261,262]],"type":"Polygon","properties":{"ID_0":105,"ISO":"IND","NAME_0":"India","ID_1":3,"NAME_1":"Arunachal Pradesh","ID_2":36,"NAME_2":"Upper Dibang Valley","NL_NAME_2":null,"VARNAME_2":null,"TYPE_2":"District","ENGTYPE_2":"District"}},{"arcs":[[-262,-244,-218,263,264]],"type":"Polygon","properties":{"ID_0":105,"ISO":"IND","NAME_0":"India","ID_1":3,"NAME_1":"Arunachal Pradesh","ID_2":37,"NAME_2":"Upper Siang","NL_NAME_2":null,"VARNAME_2":null,"TYPE_2":"District","ENGTYPE_2":"District"}},{"arcs":[[265,-250,-222,266]],"type":"Polygon","properties":{"ID_0":105,"ISO":"IND","NAME_0":"India","ID_1":3,"NAME_1":"Arunachal Pradesh","ID_2":38,"NAME_2":"Upper Subansiri","NL_NAME_2":null,"VARNAME_2":null,"TYPE_2":"District","ENGTYPE_2":"District"}},{"arcs":[[-225,-216,267,268,269,-253,270]],"type":"Polygon","properties":{"ID_0":105,"ISO":"IND","NAME_0":"India","ID_1":3,"NAME_1":"Arunachal Pradesh","ID_2":39,"NAME_2":"West Kameng","NL_NAME_2":null,"VARNAME_2":null,"TYPE_2":"District","ENGTYPE_2":"District"}},{"arcs":[[-264,-221,271,-246,-266,272]],"type":"Polygon","properties":{"ID_0":105,"ISO":"IND","NAME_0":"India","ID_1":3,"NAME_1":"Arunachal Pradesh","ID_2":40,"NAME_2":"West Siang","NL_NAME_2":null,"VARNAME_2":null,"TYPE_2":"District","ENGTYPE_2":"District"}},{"arcs":[[273,274,275,276,277]],"type":"Polygon","properties":{"ID_0":105,"ISO":"IND","NAME_0":"India","ID_1":4,"NAME_1":"Assam","ID_2":41,"NAME_2":"Barpeta","NL_NAME_2":null,"VARNAME_2":null,"TYPE_2":"District","ENGTYPE_2":"District"}},{"arcs":[[-277,278,279,280,281,282,283]],"type":"Polygon","properties":{"ID_0":105,"ISO":"IND","NAME_0":"India","ID_1":4,"NAME_1":"Assam","ID_2":42,"NAME_2":"Bongaigaon","NL_NAME_2":null,"VARNAME_2":null,"TYPE_2":"District","ENGTYPE_2":"District"}},{"arcs":[[284,285,286,287,288,289,290,291,292,293,294,295,296,297,298,299,300,301,302,303,304]],"type":"Polygon","properties":{"ID_0":105,"ISO":"IND","NAME_0":"India","ID_1":4,"NAME_1":"Assam","ID_2":43,"NAME_2":"Cachar","NL_NAME_2":null,"VARNAME_2":null,"TYPE_2":"District","ENGTYPE_2":"District"}},{"arcs":[[305,306,307,308,309,-269]],"type":"Polygon","properties":{"ID_0":105,"ISO":"IND","NAME_0":"India","ID_1":4,"NAME_1":"Assam","ID_2":44,"NAME_2":"Darrang","NL_NAME_2":null,"VARNAME_2":null,"TYPE_2":"District","ENGTYPE_2":"District"}},{"arcs":[[310,311,-247,-272,-220,312,313]],"type":"Polygon","properties":{"ID_0":105,"ISO":"IND","NAME_0":"India","ID_1":4,"NAME_1":"Assam","ID_2":45,"NAME_2":"Dhemaji","NL_NAME_2":null,"VARNAME_2":null,"TYPE_2":"District","ENGTYPE_2":"District"}},{"arcs":[[[314,315,-282,316,-280,317,318,319,320,321,322,323,324,325,326,327,328,329,330,331,332,333,334,335,336,337,338,339,340,341,342]],[[343,344]]],"type":"MultiPolygon","properties":{"ID_0":105,"ISO":"IND","NAME_0":"India","ID_1":4,"NAME_1":"Assam","ID_2":46,"NAME_2":"Dhuburi","NL_NAME_2":null,"VARNAME_2":null,"TYPE_2":"District","ENGTYPE_2":"District"}},{"arcs":[[345,346,347,348,349,350,351,352,353,354,355,356,357,358,359,360,361,-258,362,363,364,-311]],"type":"Polygon","properties":{"ID_0":105,"ISO":"IND","NAME_0":"India","ID_1":4,"NAME_1":"Assam","ID_2":47,"NAME_2":"Dibrugarh","NL_NAME_2":null,"VARNAME_2":null,"TYPE_2":"District","ENGTYPE_2":"District"}},{"arcs":[[-276,365,366,-320,367,-318,-279]],"type":"Polygon","properties":{"ID_0":105,"ISO":"IND","NAME_0":"India","ID_1":4,"NAME_1":"Assam","ID_2":48,"NAME_2":"Goalpara","NL_NAME_2":null,"VARNAME_2":null,"TYPE_2":"District","ENGTYPE_2":"District"}},{"arcs":[[368,369,370,371,372,373,374,375,376,377,378,379,380,381,382,383,384]],"type":"Polygon","properties":{"ID_0":105,"ISO":"IND","NAME_0":"India","ID_1":4,"NAME_1":"Assam","ID_2":49,"NAME_2":"Golaghat","NL_NAME_2":null,"VARNAME_2":null,"TYPE_2":"District","ENGTYPE_2":"District"}},{"arcs":[[385,386,387,388,389,390,-303]],"type":"Polygon","properties":{"ID_0":105,"ISO":"IND","NAME_0":"India","ID_1":4,"NAME_1":"Assam","ID_2":50,"NAME_2":"Hailakandi","NL_NAME_2":null,"VARNAME_2":null,"TYPE_2":"District","ENGTYPE_2":"District"}},{"arcs":[[391,392,393,-369,394,-364]],"type":"Polygon","properties":{"ID_0":105,"ISO":"IND","NAME_0":"India","ID_1":4,"NAME_1":"Assam","ID_2":51,"NAME_2":"Jorhat","NL_NAME_2":null,"VARNAME_2":null,"TYPE_2":"District","ENGTYPE_2":"District"}},{"arcs":[[395,396,397,398,-366,-275,399,-308]],"type":"Polygon","properties":{"ID_0":105,"ISO":"IND","NAME_0":"India","ID_1":4,"NAME_1":"Assam","ID_2":52,"NAME_2":"Kamrup","NL_NAME_2":null,"VARNAME_2":"Kampur, Ramrup","TYPE_2":"District","ENGTYPE_2":"District"}},{"arcs":[[[400,-375,401,-373,402,403,404,405,406,407,408,409,410,411,412,413,414,415,416,417,418,419,420,421,422,423,424,425,426,-381,427,-379,428,-377]],[[429,430,431,432,433,434,435,436,437,438,439,440,441,442,443,444,445,446,447,448,449,450,451,452,453,454,455]]],"type":"MultiPolygon","properties":{"ID_0":105,"ISO":"IND","NAME_0":"India","ID_1":4,"NAME_1":"Assam","ID_2":53,"NAME_2":"Karbi Anglong","NL_NAME_2":null,"VARNAME_2":"Mikir Hills , Korbi Anglong","TYPE_2":"District","ENGTYPE_2":"District"}},{"arcs":[[-391,456,457,458,459,460,461,-304]],"type":"Polygon","properties":{"ID_0":105,"ISO":"IND","NAME_0":"India","ID_1":4,"NAME_1":"Assam","ID_2":54,"NAME_2":"Karimganj","NL_NAME_2":null,"VARNAME_2":null,"TYPE_2":"District","ENGTYPE_2":"District"}},{"arcs":[[-283,-316,462,-343,463,-341,464,-339,465,-337,466,467,468,469,470,471,472,473,474,475,476,477]],"type":"Polygon","properties":{"ID_0":105,"ISO":"IND","NAME_0":"India","ID_1":4,"NAME_1":"Assam","ID_2":55,"NAME_2":"Kokrajhar","NL_NAME_2":null,"VARNAME_2":null,"TYPE_2":"District","ENGTYPE_2":"District"}},{"arcs":[[-312,-365,-395,-385,478,-251,-248]],"type":"Polygon","properties":{"ID_0":105,"ISO":"IND","NAME_0":"India","ID_1":4,"NAME_1":"Assam","ID_2":56,"NAME_2":"Lakhimpur","NL_NAME_2":null,"VARNAME_2":"North Lakhimpur, Lakhmipur, Lakimpur","TYPE_2":"District","ENGTYPE_2":"District"}},{"arcs":[[479,480,-452,481,482,-396,-307,483]],"type":"Polygon","properties":{"ID_0":105,"ISO":"IND","NAME_0":"India","ID_1":4,"NAME_1":"Assam","ID_2":57,"NAME_2":"Marigaon","NL_NAME_2":null,"VARNAME_2":null,"TYPE_2":"District","ENGTYPE_2":"District"}},{"arcs":[[484,-426,485,-424,486,-422,487,-420,488,-418,489,-416,490,-414,491,-412,492,493,494,-439,495,-437,496,-435,497,-433,498,-431,499,-456,500,-454,501,-480,502,-383]],"type":"Polygon","properties":{"ID_0":105,"ISO":"IND","NAME_0":"India","ID_1":4,"NAME_1":"Assam","ID_2":58,"NAME_2":"Nagaon","NL_NAME_2":null,"VARNAME_2":"Nowgong","TYPE_2":"District","ENGTYPE_2":"District"}},{"arcs":[[-309,-400,-274,503]],"type":"Polygon","properties":{"ID_0":105,"ISO":"IND","NAME_0":"India","ID_1":4,"NAME_1":"Assam","ID_2":59,"NAME_2":"Nalbari","NL_NAME_2":null,"VARNAME_2":null,"TYPE_2":"District","ENGTYPE_2":"District"}},{"arcs":[[504,-409,505,-407,506,507,508,509,-286,510,511,-440,-495]],"type":"Polygon","properties":{"ID_0":105,"ISO":"IND","NAME_0":"India","ID_1":4,"NAME_1":"Assam","ID_2":60,"NAME_2":"North Cachar Hills","NL_NAME_2":null,"VARNAME_2":null,"TYPE_2":"District","ENGTYPE_2":"District"}},{"arcs":[[-257,512,513,514,-392,-363]],"type":"Polygon","properties":{"ID_0":105,"ISO":"IND","NAME_0":"India","ID_1":4,"NAME_1":"Assam","ID_2":61,"NAME_2":"Sibsagar","NL_NAME_2":null,"VARNAME_2":"Sivasagar","TYPE_2":"District","ENGTYPE_2":"District"}},{"arcs":[[-479,-384,-503,-484,-306,-268,-215,-252]],"type":"Polygon","properties":{"ID_0":105,"ISO":"IND","NAME_0":"India","ID_1":4,"NAME_1":"Assam","ID_2":62,"NAME_2":"Sonitpur","NL_NAME_2":null,"VARNAME_2":"Sontipur","TYPE_2":"District","ENGTYPE_2":"District"}},{"arcs":[[515,516,-231,517,-229,518,-227,-212,519,-210,520,-208,521,-206,522,-204,-261,523,-259,-362,524,-360,525,526,-357,527,-355,528,-353,529,-351,530,531,-348,532,-346,-314,533,-242,534,-240,535,-238,-234]],"type":"Polygon","properties":{"ID_0":105,"ISO":"IND","NAME_0":"India","ID_1":4,"NAME_1":"Assam","ID_2":63,"NAME_2":"Tinsukia","NL_NAME_2":null,"VARNAME_2":null,"TYPE_2":"District","ENGTYPE_2":"District"}},{"arcs":[[536,537,538,539,540,541,542,543,544,545,546,547,548,549,550,551,552]],"type":"Polygon","properties":{"ID_0":105,"ISO":"IND","NAME_0":"India","ID_1":5,"NAME_1":"Bihar","ID_2":64,"NAME_2":"Araria","NL_NAME_2":null,"VARNAME_2":null,"TYPE_2":"District","ENGTYPE_2":"District"}},{"arcs":[[553,554,555,556]],"type":"Polygon","properties":{"ID_0":105,"ISO":"IND","NAME_0":"India","ID_1":5,"NAME_1":"Bihar","ID_2":65,"NAME_2":"Aurangabad","NL_NAME_2":null,"VARNAME_2":null,"TYPE_2":"District","ENGTYPE_2":"District"}},{"arcs":[[557,558,559,560,561,562,563,564]],"type":"Polygon","properties":{"ID_0":105,"ISO":"IND","NAME_0":"India","ID_1":5,"NAME_1":"Bihar","ID_2":66,"NAME_2":"Banka","NL_NAME_2":null,"VARNAME_2":null,"TYPE_2":"District","ENGTYPE_2":"District"}},{"arcs":[[565,566,567,568,569,570,571,572,573,574,575,576,577,578,579,580,581,582,583]],"type":"Polygon","properties":{"ID_0":105,"ISO":"IND","NAME_0":"India","ID_1":5,"NAME_1":"Bihar","ID_2":67,"NAME_2":"Begusarai","NL_NAME_2":null,"VARNAME_2":null,"TYPE_2":"District","ENGTYPE_2":"District"}},{"arcs":[[584,585,586,587,588,589,590,591,592,593,594,595,596,597,598,599,600,601]],"type":"Polygon","properties":{"ID_0":105,"ISO":"IND","NAME_0":"India","ID_1":5,"NAME_1":"Bihar","ID_2":68,"NAME_2":"Bhabua","NL_NAME_2":null,"VARNAME_2":"Kaimur","TYPE_2":"District","ENGTYPE_2":"District"}},{"arcs":[[602,603,604,605,606,607,608,609,610,611,612,613,614,615,616,617,618,619,-564,620,621,622,623,624,625,626,627,628,629]],"type":"Polygon","properties":{"ID_0":105,"ISO":"IND","NAME_0":"India","ID_1":5,"NAME_1":"Bihar","ID_2":69,"NAME_2":"Bhagalpur","NL_NAME_2":null,"VARNAME_2":"Bhagaipur","TYPE_2":"District","ENGTYPE_2":"District"}},{"arcs":[[630,631,632,633,634,635,636,637,638,639,640,641,642,643,644,645,646,647,648]],"type":"Polygon","properties":{"ID_0":105,"ISO":"IND","NAME_0":"India","ID_1":5,"NAME_1":"Bihar","ID_2":70,"NAME_2":"Bhojpur","NL_NAME_2":null,"VARNAME_2":null,"TYPE_2":"District","ENGTYPE_2":"District"}},{"arcs":[[649,650,651,652,653,654,655,656,657,658,-639,659,-585,660,661,662,663,664,665,666,667]],"type":"Polygon","properties":{"ID_0":105,"ISO":"IND","NAME_0":"India","ID_1":5,"NAME_1":"Bihar","ID_2":71,"NAME_2":"Buxar","NL_NAME_2":null,"VARNAME_2":null,"TYPE_2":"District","ENGTYPE_2":"District"}},{"arcs":[[668,669,670,671,672,673,674,675]],"type":"Polygon","properties":{"ID_0":105,"ISO":"IND","NAME_0":"India","ID_1":5,"NAME_1":"Bihar","ID_2":72,"NAME_2":"Darbhanga","NL_NAME_2":null,"VARNAME_2":null,"TYPE_2":"District","ENGTYPE_2":"District"}},{"arcs":[[676,677,678,679,680,681,682,-554,683]],"type":"Polygon","properties":{"ID_0":105,"ISO":"IND","NAME_0":"India","ID_1":5,"NAME_1":"Bihar","ID_2":73,"NAME_2":"Gaya","NL_NAME_2":null,"VARNAME_2":null,"TYPE_2":"District","ENGTYPE_2":"District"}},{"arcs":[[684,685,686,687,688,689,690,691,692,693,694,695,696,697,698,699,700,701,702,703,704,705,706,707,708,709,710,711,712,713,714,715,716]],"type":"Polygon","properties":{"ID_0":105,"ISO":"IND","NAME_0":"India","ID_1":5,"NAME_1":"Bihar","ID_2":74,"NAME_2":"Gopalganj","NL_NAME_2":null,"VARNAME_2":null,"TYPE_2":"District","ENGTYPE_2":"District"}},{"arcs":[[717,718,-561,719,720,721,722]],"type":"Polygon","properties":{"ID_0":105,"ISO":"IND","NAME_0":"India","ID_1":5,"NAME_1":"Bihar","ID_2":75,"NAME_2":"Jamui","NL_NAME_2":null,"VARNAME_2":"Zamui","TYPE_2":"District","ENGTYPE_2":"District"}},{"arcs":[[723,724,725,726,727,728,729,730,731,732,-684,-557,733,-637,734,735,736]],"type":"Polygon","properties":{"ID_0":105,"ISO":"IND","NAME_0":"India","ID_1":5,"NAME_1":"Bihar","ID_2":76,"NAME_2":"Jehanabad","NL_NAME_2":null,"VARNAME_2":null,"TYPE_2":"District","ENGTYPE_2":"District"}},{"arcs":[[737,738,739,740,741,742,743,-611,744,-609,745,-607,746,-605,747,-603,748,749,750,751]],"type":"Polygon","properties":{"ID_0":105,"ISO":"IND","NAME_0":"India","ID_1":5,"NAME_1":"Bihar","ID_2":77,"NAME_2":"Katihar","NL_NAME_2":null,"VARNAME_2":"Kathihar","TYPE_2":"District","ENGTYPE_2":"District"}},{"arcs":[[752,753,754,755,756,-627,757,-566,758,759,760,761]],"type":"Polygon","properties":{"ID_0":105,"ISO":"IND","NAME_0":"India","ID_1":5,"NAME_1":"Bihar","ID_2":78,"NAME_2":"Khagaria","NL_NAME_2":null,"VARNAME_2":null,"TYPE_2":"District","ENGTYPE_2":"District"}},{"arcs":[[762,763,764,765,766,767,-537,768,769]],"type":"Polygon","properties":{"ID_0":105,"ISO":"IND","NAME_0":"India","ID_1":5,"NAME_1":"Bihar","ID_2":79,"NAME_2":"Kishanganj","NL_NAME_2":null,"VARNAME_2":null,"TYPE_2":"District","ENGTYPE_2":"District"}},{"arcs":[[-568,770,-718,771,772,773,774,775,776]],"type":"Polygon","properties":{"ID_0":105,"ISO":"IND","NAME_0":"India","ID_1":5,"NAME_1":"Bihar","ID_2":80,"NAME_2":"Lakhisarai","NL_NAME_2":null,"VARNAME_2":null,"TYPE_2":"District","ENGTYPE_2":"District"}},{"arcs":[[777,-550,778,779,780,781,782,783,784,785,786,787,-629,788,-756,789,-754,790,791,792,793,794,795,796,797,798,799,800,801]],"type":"Polygon","properties":{"ID_0":105,"ISO":"IND","NAME_0":"India","ID_1":5,"NAME_1":"Bihar","ID_2":81,"NAME_2":"Madhepura","NL_NAME_2":null,"VARNAME_2":"Madhipura","TYPE_2":"District","ENGTYPE_2":"District"}},{"arcs":[[802,803,804,805,806,807,808,-669,809,810]],"type":"Polygon","properties":{"ID_0":105,"ISO":"IND","NAME_0":"India","ID_1":5,"NAME_1":"Bihar","ID_2":82,"NAME_2":"Madhubani","NL_NAME_2":null,"VARNAME_2":null,"TYPE_2":"District","ENGTYPE_2":"District"}},{"arcs":[[-758,-626,811,-624,812,-622,813,-562,-719,-771,-567]],"type":"Polygon","properties":{"ID_0":105,"ISO":"IND","NAME_0":"India","ID_1":5,"NAME_1":"Bihar","ID_2":83,"NAME_2":"Munger","NL_NAME_2":null,"VARNAME_2":"Monghyr","TYPE_2":"District","ENGTYPE_2":"District"}},{"arcs":[[-675,814,815,816,817,818,819,820,821,822,823,824,825,826,827,828,829,-705,830,831,832,833,834,835,836,837,838,839]],"type":"Polygon","properties":{"ID_0":105,"ISO":"IND","NAME_0":"India","ID_1":5,"NAME_1":"Bihar","ID_2":84,"NAME_2":"Muzaffarpur","NL_NAME_2":null,"VARNAME_2":"Muzafarpur","TYPE_2":"District","ENGTYPE_2":"District"}},{"arcs":[[840,-773,841,842,843,844,845,846,847,848,849,850,851,852,853,-678,854,-732,855,-730,856,-728,857,858]],"type":"Polygon","properties":{"ID_0":105,"ISO":"IND","NAME_0":"India","ID_1":5,"NAME_1":"Bihar","ID_2":85,"NAME_2":"Nalanda","NL_NAME_2":null,"VARNAME_2":null,"TYPE_2":"District","ENGTYPE_2":"District"}},{"arcs":[[859,-722,860,861,862,-680,863,-853,864,-851,865,-849]],"type":"Polygon","properties":{"ID_0":105,"ISO":"IND","NAME_0":"India","ID_1":5,"NAME_1":"Bihar","ID_2":86,"NAME_2":"Nawada","NL_NAME_2":null,"VARNAME_2":"Nawadah","TYPE_2":"District","ENGTYPE_2":"District"}},{"arcs":[[866,867,-688,868,869,-685,870,871,872,873,874,875,876,877,878,879,880,881,882,883,884,885,886,887,888,889,890,891,892,893]],"type":"Polygon","properties":{"ID_0":105,"ISO":"IND","NAME_0":"India","ID_1":5,"NAME_1":"Bihar","ID_2":87,"NAME_2":"Pashchim Champaran","NL_NAME_2":null,"VARNAME_2":"West Champaran, Paschimi Champaran, Paschim-Champaram","TYPE_2":"District","ENGTYPE_2":"District"}},{"arcs":[[894,895,896,897,898,899,-573,900,-571,901,-569,-777,902,-775,903,-859,904,-726,905,-724,906,-736,907,908,-634,909,-632,910,911]],"type":"Polygon","properties":{"ID_0":105,"ISO":"IND","NAME_0":"India","ID_1":5,"NAME_1":"Bihar","ID_2":88,"NAME_2":"Patna","NL_NAME_2":null,"VARNAME_2":null,"TYPE_2":"District","ENGTYPE_2":"District"}},{"arcs":[[912,913,914,915,916,917,918,-835,919,-833,920,-702,921,-700,922,-698,923,924,-695,925,-693,926,927,-690,928,-867,929]],"type":"Polygon","properties":{"ID_0":105,"ISO":"IND","NAME_0":"India","ID_1":5,"NAME_1":"Bihar","ID_2":89,"NAME_2":"Purba Champaran","NL_NAME_2":null,"VARNAME_2":"East Champaran, Purbi Champaran, Purba Champaram","TYPE_2":"District","ENGTYPE_2":"District"}},{"arcs":[[-767,930,931,-749,-630,-788,932,-786,933,-784,934,935,-781,936,937,-548,938,-546,939,940,-543,941,-541,942,-539,943]],"type":"Polygon","properties":{"ID_0":105,"ISO":"IND","NAME_0":"India","ID_1":5,"NAME_1":"Bihar","ID_2":90,"NAME_2":"Purnia","NL_NAME_2":null,"VARNAME_2":"Purnea","TYPE_2":"District","ENGTYPE_2":"District"}},{"arcs":[[-638,-734,-556,944,945,946,-586,-660]],"type":"Polygon","properties":{"ID_0":105,"ISO":"IND","NAME_0":"India","ID_1":5,"NAME_1":"Bihar","ID_2":91,"NAME_2":"Rohtas","NL_NAME_2":null,"VARNAME_2":null,"TYPE_2":"District","ENGTYPE_2":"District"}},{"arcs":[[947,948,949,950,951,952,953,954,-799,955,-797,956,-795,957,-793,958,-791,-753,959,960,961,-671,962,-808]],"type":"Polygon","properties":{"ID_0":105,"ISO":"IND","NAME_0":"India","ID_1":5,"NAME_1":"Bihar","ID_2":92,"NAME_2":"Saharsa","NL_NAME_2":null,"VARNAME_2":null,"TYPE_2":"District","ENGTYPE_2":"District"}},{"arcs":[[-674,963,-960,-762,964,-760,965,-584,966,-582,967,968,-579,969,-577,970,-575,971,-899,972,973,974,975,-815]],"type":"Polygon","properties":{"ID_0":105,"ISO":"IND","NAME_0":"India","ID_1":5,"NAME_1":"Bihar","ID_2":93,"NAME_2":"Samastipur","NL_NAME_2":null,"VARNAME_2":null,"TYPE_2":"District","ENGTYPE_2":"District"}},{"arcs":[[-830,976,-828,977,-826,978,979,980,-912,981,-649,982,983,984,985,986,987,988,989,990,991,-706]],"type":"Polygon","properties":{"ID_0":105,"ISO":"IND","NAME_0":"India","ID_1":5,"NAME_1":"Bihar","ID_2":94,"NAME_2":"Saran","NL_NAME_2":null,"VARNAME_2":null,"TYPE_2":"District","ENGTYPE_2":"District"}},{"arcs":[[-772,-723,-860,-848,992,-846,993,-844,994,-842]],"type":"Polygon","properties":{"ID_0":105,"ISO":"IND","NAME_0":"India","ID_1":5,"NAME_1":"Bihar","ID_2":95,"NAME_2":"Sheikhpura","NL_NAME_2":null,"VARNAME_2":null,"TYPE_2":"District","ENGTYPE_2":"District"}},{"arcs":[[-918,995,996,-915,997,998,999,1000,1001,1002,1003,1004,1005,1006,-837,1007]],"type":"Polygon","properties":{"ID_0":105,"ISO":"IND","NAME_0":"India","ID_1":5,"NAME_1":"Bihar","ID_2":96,"NAME_2":"Sheohar","NL_NAME_2":null,"VARNAME_2":null,"TYPE_2":"District","ENGTYPE_2":"District"}},{"arcs":[[-810,-676,-840,1008,-1005,1009,-1003,1010,-1001,1011,1012,1013,-913,1014]],"type":"Polygon","properties":{"ID_0":105,"ISO":"IND","NAME_0":"India","ID_1":5,"NAME_1":"Bihar","ID_2":97,"NAME_2":"Sitamarhi","NL_NAME_2":null,"VARNAME_2":null,"TYPE_2":"District","ENGTYPE_2":"District"}},{"arcs":[[-992,1015,1016,1017,1018,1019,1020,1021,1022,1023,1024,1025,1026,1027,-707]],"type":"Polygon","properties":{"ID_0":105,"ISO":"IND","NAME_0":"India","ID_1":5,"NAME_1":"Bihar","ID_2":98,"NAME_2":"Siwan","NL_NAME_2":null,"VARNAME_2":"Sivan","TYPE_2":"District","ENGTYPE_2":"District"}},{"arcs":[[-802,1028,-953,1029,-951,1030,1031,-948,-807,1032,-805,1033,-803,1034,-552]],"type":"Polygon","properties":{"ID_0":105,"ISO":"IND","NAME_0":"India","ID_1":5,"NAME_1":"Bihar","ID_2":99,"NAME_2":"Supaul","NL_NAME_2":null,"VARNAME_2":null,"TYPE_2":"District","ENGTYPE_2":"District"}},{"arcs":[[1035,-824,1036,-822,1037,-820,1038,-818,1039,-816,1040,-975,1041,-973,-898,1042,-896,1043,-980]],"type":"Polygon","properties":{"ID_0":105,"ISO":"IND","NAME_0":"India","ID_1":5,"NAME_1":"Bihar","ID_2":100,"NAME_2":"Vaishali","NL_NAME_2":null,"VARNAME_2":null,"TYPE_2":"District","ENGTYPE_2":"District"}},{"arcs":[[1044,1045,1046,1047,1048,1049,1050,1051]],"type":"Polygon","properties":{"ID_0":105,"ISO":"IND","NAME_0":"India","ID_1":6,"NAME_1":"Chandigarh","ID_2":101,"NAME_2":"Chandigarh","NL_NAME_2":null,"VARNAME_2":null,"TYPE_2":"District","ENGTYPE_2":"District"}},{"arcs":[[1052,1053,1054,1055,1056,1057,1058,1059,1060,1061,1062,1063,1064,1065,1066,1067,1068,1069,1070,1071,1072,1073,1074,1075,1076,1077,1078,1079,1080,1081,1082,1083]],"type":"Polygon","properties":{"ID_0":105,"ISO":"IND","NAME_0":"India","ID_1":7,"NAME_1":"Chhattisgarh","ID_2":102,"NAME_2":"Bastar","NL_NAME_2":null,"VARNAME_2":"Baster","TYPE_2":"District","ENGTYPE_2":"District"}},{"arcs":[[[1084]],[[1085,1086,1087,1088,1089,1090,1091,1092,1093,1094,1095,1096,1097]]],"type":"MultiPolygon","properties":{"ID_0":105,"ISO":"IND","NAME_0":"India","ID_1":7,"NAME_1":"Chhattisgarh","ID_2":103,"NAME_2":"Bilaspur","NL_NAME_2":null,"VARNAME_2":null,"TYPE_2":"District","ENGTYPE_2":"District"}},{"arcs":[[-1082,1098,1099,1100,-120,-200,-104,1101]],"type":"Polygon","properties":{"ID_0":105,"ISO":"IND","NAME_0":"India","ID_1":7,"NAME_1":"Chhattisgarh","ID_2":104,"NAME_2":"Dantewada","NL_NAME_2":null,"VARNAME_2":null,"TYPE_2":"District","ENGTYPE_2":"District"}},{"arcs":[[1102,1103,1104,1105,1106,1107,1108,1109,1110,1111,1112,1113,1114,1115,1116,1117,1118,1119,1120,1121,-1053,1122,1123,1124,1125,1126,1127,1128,1129,1130,1131,1132,1133,1134,1135,1136,1137,1138,1139,1140,1141]],"type":"Polygon","properties":{"ID_0":105,"ISO":"IND","NAME_0":"India","ID_1":7,"NAME_1":"Chhattisgarh","ID_2":105,"NAME_2":"Dhamtari","NL_NAME_2":null,"VARNAME_2":null,"TYPE_2":"District","ENGTYPE_2":"District"}},{"arcs":[[1142,-1142,1143,-1140,1144,-1138,1145,-1136,1146,-1134,1147,1148,1149,-1089]],"type":"Polygon","properties":{"ID_0":105,"ISO":"IND","NAME_0":"India","ID_1":7,"NAME_1":"Chhattisgarh","ID_2":106,"NAME_2":"Durg","NL_NAME_2":null,"VARNAME_2":null,"TYPE_2":"District","ENGTYPE_2":"District"}},{"arcs":[[1150,1151,-1087,1152]],"type":"Polygon","properties":{"ID_0":105,"ISO":"IND","NAME_0":"India","ID_1":7,"NAME_1":"Chhattisgarh","ID_2":107,"NAME_2":"Janjgir-Champa","NL_NAME_2":null,"VARNAME_2":"Janjgir","TYPE_2":"District","ENGTYPE_2":"District"}},{"arcs":[[1153,1154,1155,1156,1157,1158,1159,1160,1161,1162,1163,1164,1165,1166,1167,1168,1169,1170,1171,1172]],"type":"Polygon","properties":{"ID_0":105,"ISO":"IND","NAME_0":"India","ID_1":7,"NAME_1":"Chhattisgarh","ID_2":108,"NAME_2":"Jashpur","NL_NAME_2":null,"VARNAME_2":null,"TYPE_2":"District","ENGTYPE_2":"District"}},{"arcs":[[-1133,1173,-1131,1174,-1129,1175,-1127,1176,-1125,1177,-1123,-1084,1178,1179,-1148]],"type":"Polygon","properties":{"ID_0":105,"ISO":"IND","NAME_0":"India","ID_1":7,"NAME_1":"Chhattisgarh","ID_2":109,"NAME_2":"Kanker","NL_NAME_2":null,"VARNAME_2":null,"TYPE_2":"District","ENGTYPE_2":"District"}},{"arcs":[[1180,1181,1182,1183,-1090,-1150,1184,1185,1186,1187,1188,1189,1190,1191,1192,1193,1194,1195,1196,1197]],"type":"Polygon","properties":{"ID_0":105,"ISO":"IND","NAME_0":"India","ID_1":7,"NAME_1":"Chhattisgarh","ID_2":110,"NAME_2":"Kawardha","NL_NAME_2":null,"VARNAME_2":null,"TYPE_2":"District","ENGTYPE_2":"District"}},{"arcs":[[1198,1199,-1153,-1086,1200],[-1085]],"type":"Polygon","properties":{"ID_0":105,"ISO":"IND","NAME_0":"India","ID_1":7,"NAME_1":"Chhattisgarh","ID_2":111,"NAME_2":"Korba","NL_NAME_2":null,"VARNAME_2":null,"TYPE_2":"District","ENGTYPE_2":"District"}},{"arcs":[[1201,-1201,-1098,1202,1203,1204,1205,1206,1207,1208]],"type":"Polygon","properties":{"ID_0":105,"ISO":"IND","NAME_0":"India","ID_1":7,"NAME_1":"Chhattisgarh","ID_2":112,"NAME_2":"Koriya","NL_NAME_2":null,"VARNAME_2":null,"TYPE_2":"District","ENGTYPE_2":"District"}},{"arcs":[[1209,1210,1211,1212,1213,1214,1215,1216,1217]],"type":"Polygon","properties":{"ID_0":105,"ISO":"IND","NAME_0":"India","ID_1":7,"NAME_1":"Chhattisgarh","ID_2":113,"NAME_2":"Mahasamund","NL_NAME_2":null,"VARNAME_2":null,"TYPE_2":"District","ENGTYPE_2":"District"}},{"arcs":[[-1172,1218,1219,1220,1221,-1210,1222,-1151,-1200,1223]],"type":"Polygon","properties":{"ID_0":105,"ISO":"IND","NAME_0":"India","ID_1":7,"NAME_1":"Chhattisgarh","ID_2":114,"NAME_2":"Raigarh","NL_NAME_2":null,"VARNAME_2":null,"TYPE_2":"District","ENGTYPE_2":"District"}},{"arcs":[[-1152,-1223,-1218,1224,1225,1226,1227,1228,1229,1230,1231,1232,1233,1234,1235,1236,1237,1238,1239,1240,1241,1242,1243,1244,1245,1246,1247,1248,1249,1250,1251,1252,1253,1254,-1119,1255,-1117,1256,-1115,1257,-1113,1258,-1111,1259,-1109,1260,-1107,1261,-1105,1262,-1103,-1143,-1088]],"type":"Polygon","properties":{"ID_0":105,"ISO":"IND","NAME_0":"India","ID_1":7,"NAME_1":"Chhattisgarh","ID_2":115,"NAME_2":"Raipur","NL_NAME_2":null,"VARNAME_2":null,"TYPE_2":"District","ENGTYPE_2":"District"}},{"arcs":[[-1149,-1180,1263,1264,1265,1266,-1185]],"type":"Polygon","properties":{"ID_0":105,"ISO":"IND","NAME_0":"India","ID_1":7,"NAME_1":"Chhattisgarh","ID_2":116,"NAME_2":"Raj Nandgaon","NL_NAME_2":null,"VARNAME_2":null,"TYPE_2":"District","ENGTYPE_2":"District"}},{"arcs":[[1267,1268,1269,1270,1271,1272,1273,1274,1275,1276,1277,1278,1279,1280,1281,1282,1283,1284,-1173,-1224,-1199,-1202,1285,1286,1287]],"type":"Polygon","properties":{"ID_0":105,"ISO":"IND","NAME_0":"India","ID_1":7,"NAME_1":"Chhattisgarh","ID_2":117,"NAME_2":"Surguja","NL_NAME_2":null,"VARNAME_2":null,"TYPE_2":"District","ENGTYPE_2":"District"}},{"arcs":[[1288,1289,1290,1291,1292,1293,1294,1295,1296,1297,1298,1299,1300,1301,1302,1303,1304,1305,1306]],"type":"Polygon","properties":{"ID_0":105,"ISO":"IND","NAME_0":"India","ID_1":8,"NAME_1":"Dadra and Nagar Haveli","ID_2":118,"NAME_2":"Dadra and Nagar Haveli","NL_NAME_2":null,"VARNAME_2":null,"TYPE_2":"District","ENGTYPE_2":"District"}},{"arcs":[[1307,1308,1309,1310,1311,1312,1313]],"type":"Polygon","properties":{"ID_0":105,"ISO":"IND","NAME_0":"India","ID_1":9,"NAME_1":"Daman and Diu","ID_2":119,"NAME_2":"Daman","NL_NAME_2":null,"VARNAME_2":null,"TYPE_2":"District","ENGTYPE_2":"District"}},{"arcs":[[[1314,1315]],[[1316,1317,1318,1319,1320,1321]]],"type":"MultiPolygon","properties":{"ID_0":105,"ISO":"IND","NAME_0":"India","ID_1":9,"NAME_1":"Daman and Diu","ID_2":120,"NAME_2":"Junagadh","NL_NAME_2":null,"VARNAME_2":null,"TYPE_2":"District","ENGTYPE_2":"District"}},{"arcs":[[1322,1323,1324,1325,1326,1327,1328,1329,1330,1331,1332,1333,1334,1335,1336,1337,1338,1339,1340,1341,1342,1343,1344,1345,1346,1347,1348,1349,1350,1351,1352,1353,1354,1355]],"type":"Polygon","properties":{"ID_0":105,"ISO":"IND","NAME_0":"India","ID_1":10,"NAME_1":"Delhi","ID_2":121,"NAME_2":"Delhi","NL_NAME_2":null,"VARNAME_2":null,"TYPE_2":"District","ENGTYPE_2":"District"}},{"arcs":[[1356,1357,1358,1359,1360]],"type":"Polygon","properties":{"ID_0":105,"ISO":"IND","NAME_0":"India","ID_1":11,"NAME_1":"Goa","ID_2":122,"NAME_2":"North Goa","NL_NAME_2":null,"VARNAME_2":null,"TYPE_2":"District","ENGTYPE_2":"District"}},{"arcs":[[-1359,1361,1362,1363,1364,1365,1366]],"type":"Polygon","properties":{"ID_0":105,"ISO":"IND","NAME_0":"India","ID_1":11,"NAME_1":"Goa","ID_2":123,"NAME_2":"South Goa","NL_NAME_2":null,"VARNAME_2":null,"TYPE_2":"District","ENGTYPE_2":"District"}},{"arcs":[[1367,1368,1369,1370,1371,1372,1373,1374,1375,1376,1377,1378,1379,1380,1381,1382,1383,1384,1385,1386,1387,1388,1389,1390,1391,1392,1393,1394]],"type":"Polygon","properties":{"ID_0":105,"ISO":"IND","NAME_0":"India","ID_1":12,"NAME_1":"Gujarat","ID_2":124,"NAME_2":"Ahmadabad","NL_NAME_2":null,"VARNAME_2":null,"TYPE_2":"District","ENGTYPE_2":"District"}},{"arcs":[[1395,1396,1397,1398,1399,1400]],"type":"Polygon","properties":{"ID_0":105,"ISO":"IND","NAME_0":"India","ID_1":12,"NAME_1":"Gujarat","ID_2":125,"NAME_2":"Amreli","NL_NAME_2":null,"VARNAME_2":"Amereli","TYPE_2":"District","ENGTYPE_2":"District"}},{"arcs":[[[1401,1402,-1379,1403,1404,1405,1406]],[[1407,1408]]],"type":"MultiPolygon","properties":{"ID_0":105,"ISO":"IND","NAME_0":"India","ID_1":12,"NAME_1":"Gujarat","ID_2":126,"NAME_2":"Anand","NL_NAME_2":null,"VARNAME_2":null,"TYPE_2":"District","ENGTYPE_2":"District"}},{"arcs":[[1409,1410,1411,1412,1413,1414,1415,1416,1417,1418,1419,1420,1421]],"type":"Polygon","properties":{"ID_0":105,"ISO":"IND","NAME_0":"India","ID_1":12,"NAME_1":"Gujarat","ID_2":127,"NAME_2":"Banas Kantha","NL_NAME_2":null,"VARNAME_2":"Banaskantha, Palanpur","TYPE_2":"District","ENGTYPE_2":"District"}},{"arcs":[[[1422]],[[1423,1424,1425,1426]]],"type":"MultiPolygon","properties":{"ID_0":105,"ISO":"IND","NAME_0":"India","ID_1":12,"NAME_1":"Gujarat","ID_2":128,"NAME_2":"Bharuch","NL_NAME_2":null,"VARNAME_2":null,"TYPE_2":"District","ENGTYPE_2":"District"}},{"arcs":[[[-1408,1427,-1381,1428]],[[1429,-1387,1430,-1385,1431,-1383,1432,-1398,1433,-1396,1434,1435,-1389]],[[1436]]],"type":"MultiPolygon","properties":{"ID_0":105,"ISO":"IND","NAME_0":"India","ID_1":12,"NAME_1":"Gujarat","ID_2":129,"NAME_2":"Bhavnagar","NL_NAME_2":null,"VARNAME_2":"Bhaunagar","TYPE_2":"District","ENGTYPE_2":"District"}},{"arcs":[[1437,1438,1439,1440,1441]],"type":"Polygon","properties":{"ID_0":105,"ISO":"IND","NAME_0":"India","ID_1":12,"NAME_1":"Gujarat","ID_2":130,"NAME_2":"Dahod","NL_NAME_2":null,"VARNAME_2":"Dohad","TYPE_2":"District","ENGTYPE_2":"District"}},{"arcs":[[1442,1443,-1370,1444,-1368,1445]],"type":"Polygon","properties":{"ID_0":105,"ISO":"IND","NAME_0":"India","ID_1":12,"NAME_1":"Gujarat","ID_2":131,"NAME_2":"Gandhinagar","NL_NAME_2":null,"VARNAME_2":null,"TYPE_2":"District","ENGTYPE_2":"District"}},{"arcs":[[[1446]],[[1447]],[[1448]],[[1449]],[[1450]],[[1451]],[[1452,1453,1454,1455,1456,1457,1458,1459,1460,1461,1462,1463]]],"type":"MultiPolygon","properties":{"ID_0":105,"ISO":"IND","NAME_0":"India","ID_1":12,"NAME_1":"Gujarat","ID_2":132,"NAME_2":"Jamnagar","NL_NAME_2":null,"VARNAME_2":null,"TYPE_2":"District","ENGTYPE_2":"District"}},{"arcs":[[[1464,-1400,1465,-1316,1466,-1322,1467,-1320,1468,1469,1470,1471,1472,1473,1474,1475]],[[-1318,1476]]],"type":"MultiPolygon","properties":{"ID_0":105,"ISO":"IND","NAME_0":"India","ID_1":12,"NAME_1":"Gujarat","ID_2":133,"NAME_2":"Junagadh","NL_NAME_2":null,"VARNAME_2":null,"TYPE_2":"District","ENGTYPE_2":"District"}},{"arcs":[[[1477,-1419,1478,-1417,1479,-1415,1480,1481,1482,1483,1484,1485,1486,1487,1488,1489,1490,1491,1492,1493,1494,1495,1496,1497,1498,1499,1500,-1453,1501,-1463,1502,1503,1504,1505,-1421]],[[1506]],[[1507]],[[1508]],[[1509]],[[1510]],[[1511]],[[1512]],[[1513]],[[1514]],[[1515]],[[1516]],[[1517]],[[1518]],[[1519]],[[1520]],[[1521]],[[1522]],[[1523]],[[1524]]],"type":"MultiPolygon","properties":{"ID_0":105,"ISO":"IND","NAME_0":"India","ID_1":12,"NAME_1":"Gujarat","ID_2":134,"NAME_2":"Kachchh","NL_NAME_2":null,"VARNAME_2":"Kutch","TYPE_2":"District","ENGTYPE_2":"District"}},{"arcs":[[1525,1526,-1407,1527,-1405,1528,-1377,1529,-1375,1530,-1373,1531,-1371,-1444,1532]],"type":"Polygon","properties":{"ID_0":105,"ISO":"IND","NAME_0":"India","ID_1":12,"NAME_1":"Gujarat","ID_2":135,"NAME_2":"Kheda","NL_NAME_2":null,"VARNAME_2":"Kaira","TYPE_2":"District","ENGTYPE_2":"District"}},{"arcs":[[1533,-1446,-1395,1534,1535,-1412]],"type":"Polygon","properties":{"ID_0":105,"ISO":"IND","NAME_0":"India","ID_1":12,"NAME_1":"Gujarat","ID_2":136,"NAME_2":"Mahesana","NL_NAME_2":null,"VARNAME_2":"Mehasana, Mehsana","TYPE_2":"District","ENGTYPE_2":"District"}},{"arcs":[[1536,1537,-1425,1538]],"type":"Polygon","properties":{"ID_0":105,"ISO":"IND","NAME_0":"India","ID_1":12,"NAME_1":"Gujarat","ID_2":137,"NAME_2":"Narmada","NL_NAME_2":null,"VARNAME_2":null,"TYPE_2":"District","ENGTYPE_2":"District"}},{"arcs":[[1539,1540,1541,1542,1543,1544,1545]],"type":"Polygon","properties":{"ID_0":105,"ISO":"IND","NAME_0":"India","ID_1":12,"NAME_1":"Gujarat","ID_2":138,"NAME_2":"Navsari","NL_NAME_2":null,"VARNAME_2":null,"TYPE_2":"District","ENGTYPE_2":"District"}},{"arcs":[[-1441,1546,-1526,1547,1548]],"type":"Polygon","properties":{"ID_0":105,"ISO":"IND","NAME_0":"India","ID_1":12,"NAME_1":"Gujarat","ID_2":139,"NAME_2":"Panch Mahals","NL_NAME_2":null,"VARNAME_2":"Godhra, Panchmahal","TYPE_2":"District","ENGTYPE_2":"District"}},{"arcs":[[-1536,1549,-1491,1550,-1489,1551,-1487,1552,-1485,1553,1554,-1482,1555,-1413]],"type":"Polygon","properties":{"ID_0":105,"ISO":"IND","NAME_0":"India","ID_1":12,"NAME_1":"Gujarat","ID_2":140,"NAME_2":"Patan","NL_NAME_2":null,"VARNAME_2":null,"TYPE_2":"District","ENGTYPE_2":"District"}},{"arcs":[[1556,-1457,1557,-1455,1558,-1476,1559,-1474,1560,-1472,1561,-1470,1562,-1461,1563,-1459]],"type":"Polygon","properties":{"ID_0":105,"ISO":"IND","NAME_0":"India","ID_1":12,"NAME_1":"Gujarat","ID_2":141,"NAME_2":"Porbandar","NL_NAME_2":null,"VARNAME_2":null,"TYPE_2":"District","ENGTYPE_2":"District"}},{"arcs":[[1564,-1435,-1401,-1465,-1559,-1454,-1501]],"type":"Polygon","properties":{"ID_0":105,"ISO":"IND","NAME_0":"India","ID_1":12,"NAME_1":"Gujarat","ID_2":142,"NAME_2":"Rajkot","NL_NAME_2":null,"VARNAME_2":null,"TYPE_2":"District","ENGTYPE_2":"District"}},{"arcs":[[1565,-1548,-1533,-1443,-1534,-1411,1566,1567]],"type":"Polygon","properties":{"ID_0":105,"ISO":"IND","NAME_0":"India","ID_1":12,"NAME_1":"Gujarat","ID_2":143,"NAME_2":"Sabar Kantha","NL_NAME_2":null,"VARNAME_2":"Sabarkantha, Himatnagar","TYPE_2":"District","ENGTYPE_2":"District"}},{"arcs":[[[1568,1569,1570,1571,1572,1573,1574,1575,-1546,1576,-1426,-1538,1577]],[[1578]]],"type":"MultiPolygon","properties":{"ID_0":105,"ISO":"IND","NAME_0":"India","ID_1":12,"NAME_1":"Gujarat","ID_2":144,"NAME_2":"Surat","NL_NAME_2":null,"VARNAME_2":null,"TYPE_2":"District","ENGTYPE_2":"District"}},{"arcs":[[-1394,1579,-1392,1580,-1390,-1436,-1565,-1500,1581,-1498,1582,-1496,1583,-1494,1584,-1492,-1550,-1535]],"type":"Polygon","properties":{"ID_0":105,"ISO":"IND","NAME_0":"India","ID_1":12,"NAME_1":"Gujarat","ID_2":145,"NAME_2":"Surendranagar","NL_NAME_2":null,"VARNAME_2":null,"TYPE_2":"District","ENGTYPE_2":"District"}},{"arcs":[[1585,1586,1587,1588,1589,1590,1591,1592,1593,1594,1595,1596,1597,1598,1599,1600,-1541,1601,-1575,1602,1603,-1572,1604,-1570]],"type":"Polygon","properties":{"ID_0":105,"ISO":"IND","NAME_0":"India","ID_1":12,"NAME_1":"Gujarat","ID_2":146,"NAME_2":"The Dangs","NL_NAME_2":null,"VARNAME_2":"Dangs","TYPE_2":"District","ENGTYPE_2":"District"}},{"arcs":[[-1440,1605,1606,-1539,-1424,1607,-1402,-1527,-1547]],"type":"Polygon","properties":{"ID_0":105,"ISO":"IND","NAME_0":"India","ID_1":12,"NAME_1":"Gujarat","ID_2":147,"NAME_2":"Vadodara","NL_NAME_2":null,"VARNAME_2":"Baroda","TYPE_2":"District","ENGTYPE_2":"District"}},{"arcs":[[1608,-1543,1609,1610,1611,-1299,1612,-1297,1613,-1295,1614,-1293,1615,-1291,1616,1617,-1307,1618,1619,1620,-1313,1621,-1311,1622,-1309,1623]],"type":"Polygon","properties":{"ID_0":105,"ISO":"IND","NAME_0":"India","ID_1":12,"NAME_1":"Gujarat","ID_2":148,"NAME_2":"Valsad","NL_NAME_2":null,"VARNAME_2":"Bulsar|Walsad","TYPE_2":"District","ENGTYPE_2":"District"}},{"arcs":[[1624,1625,1626,1627,1628,1629,1630,1631,1632,1633,1634,1635,1636]],"type":"Polygon","properties":{"ID_0":105,"ISO":"IND","NAME_0":"India","ID_1":13,"NAME_1":"Haryana","ID_2":149,"NAME_2":"Ambala","NL_NAME_2":null,"VARNAME_2":null,"TYPE_2":"District","ENGTYPE_2":"District"}},{"arcs":[[1637,1638,1639,1640,1641,1642,1643]],"type":"Polygon","properties":{"ID_0":105,"ISO":"IND","NAME_0":"India","ID_1":13,"NAME_1":"Haryana","ID_2":150,"NAME_2":"Bhiwani","NL_NAME_2":null,"VARNAME_2":null,"TYPE_2":"District","ENGTYPE_2":"District"}},{"arcs":[[1644,1645,1646,-1331,1647,1648]],"type":"Polygon","properties":{"ID_0":105,"ISO":"IND","NAME_0":"India","ID_1":13,"NAME_1":"Haryana","ID_2":151,"NAME_2":"Faridabad","NL_NAME_2":null,"VARNAME_2":null,"TYPE_2":"District","ENGTYPE_2":"District"}},{"arcs":[[1649,1650,1651,1652,1653,1654,1655,1656,1657,1658,1659,1660,1661,1662,1663,1664,1665]],"type":"Polygon","properties":{"ID_0":105,"ISO":"IND","NAME_0":"India","ID_1":13,"NAME_1":"Haryana","ID_2":152,"NAME_2":"Fatehabad","NL_NAME_2":null,"VARNAME_2":null,"TYPE_2":"District","ENGTYPE_2":"District"}},{"arcs":[[-1334,1666,-1332,-1647,1667,1668,1669,1670,1671,-1340,1672,-1338,1673,-1336,1674]],"type":"Polygon","properties":{"ID_0":105,"ISO":"IND","NAME_0":"India","ID_1":13,"NAME_1":"Haryana","ID_2":153,"NAME_2":"Gurgaon","NL_NAME_2":null,"VARNAME_2":null,"TYPE_2":"District","ENGTYPE_2":"District"}},{"arcs":[[1675,1676,-1644,1677,-1651]],"type":"Polygon","properties":{"ID_0":105,"ISO":"IND","NAME_0":"India","ID_1":13,"NAME_1":"Haryana","ID_2":154,"NAME_2":"Hisar","NL_NAME_2":null,"VARNAME_2":null,"TYPE_2":"District","ENGTYPE_2":"District"}},{"arcs":[[1678,-1348,1679,-1346,1680,1681,-1343,1682,-1341,-1672,1683,1684,-1639,1685,1686]],"type":"Polygon","properties":{"ID_0":105,"ISO":"IND","NAME_0":"India","ID_1":13,"NAME_1":"Haryana","ID_2":155,"NAME_2":"Jhajjar","NL_NAME_2":null,"VARNAME_2":null,"TYPE_2":"District","ENGTYPE_2":"District"}},{"arcs":[[1687,1688,1689,1690,1691,1692,1693,1694,1695,1696,1697,1698,-1676,-1650,1699,1700]],"type":"Polygon","properties":{"ID_0":105,"ISO":"IND","NAME_0":"India","ID_1":13,"NAME_1":"Haryana","ID_2":156,"NAME_2":"Jind","NL_NAME_2":null,"VARNAME_2":null,"TYPE_2":"District","ENGTYPE_2":"District"}},{"arcs":[[1701,1702,-1688,1703]],"type":"Polygon","properties":{"ID_0":105,"ISO":"IND","NAME_0":"India","ID_1":13,"NAME_1":"Haryana","ID_2":157,"NAME_2":"Kaithal","NL_NAME_2":null,"VARNAME_2":null,"TYPE_2":"District","ENGTYPE_2":"District"}},{"arcs":[[1704,1705,1706,1707,1708,1709,1710,1711,1712,-1689,-1703,1713]],"type":"Polygon","properties":{"ID_0":105,"ISO":"IND","NAME_0":"India","ID_1":13,"NAME_1":"Haryana","ID_2":158,"NAME_2":"Karnal","NL_NAME_2":null,"VARNAME_2":null,"TYPE_2":"District","ENGTYPE_2":"District"}},{"arcs":[[1714,1715,1716,-1714,-1702,1717,-1635]],"type":"Polygon","properties":{"ID_0":105,"ISO":"IND","NAME_0":"India","ID_1":13,"NAME_1":"Haryana","ID_2":159,"NAME_2":"Kurukshetra","NL_NAME_2":null,"VARNAME_2":null,"TYPE_2":"District","ENGTYPE_2":"District"}},{"arcs":[[-1685,1718,1719,1720,1721,1722,-1640]],"type":"Polygon","properties":{"ID_0":105,"ISO":"IND","NAME_0":"India","ID_1":13,"NAME_1":"Haryana","ID_2":160,"NAME_2":"Mahendragarh","NL_NAME_2":null,"VARNAME_2":"Mahendergarh, Mahendragarth, Mohindargarh, Mohindergarh","TYPE_2":"District","ENGTYPE_2":"District"}},{"arcs":[[1723,1724,1725,1726,1727,1728,1729,1730,-1637,1731,1732,1733,1734,1735,1736,-1052,1737,1738,1739,1740,1741]],"type":"Polygon","properties":{"ID_0":105,"ISO":"IND","NAME_0":"India","ID_1":13,"NAME_1":"Haryana","ID_2":161,"NAME_2":"Panchkula","NL_NAME_2":null,"VARNAME_2":null,"TYPE_2":"District","ENGTYPE_2":"District"}},{"arcs":[[1742,-1708,1743,1744,1745,1746,1747,1748,1749,1750,1751,1752,1753,1754,1755,1756,1757,1758,1759,1760,1761,-1697,1762,-1695,1763,-1693,1764,-1691,1765,-1712,1766,-1710]],"type":"Polygon","properties":{"ID_0":105,"ISO":"IND","NAME_0":"India","ID_1":13,"NAME_1":"Haryana","ID_2":162,"NAME_2":"Panipat","NL_NAME_2":null,"VARNAME_2":null,"TYPE_2":"District","ENGTYPE_2":"District"}},{"arcs":[[1767,-1719,-1684,-1671]],"type":"Polygon","properties":{"ID_0":105,"ISO":"IND","NAME_0":"India","ID_1":13,"NAME_1":"Haryana","ID_2":163,"NAME_2":"Rewari","NL_NAME_2":null,"VARNAME_2":null,"TYPE_2":"District","ENGTYPE_2":"District"}},{"arcs":[[-1686,-1638,-1677,-1699,1768]],"type":"Polygon","properties":{"ID_0":105,"ISO":"IND","NAME_0":"India","ID_1":13,"NAME_1":"Haryana","ID_2":164,"NAME_2":"Rohtak","NL_NAME_2":null,"VARNAME_2":null,"TYPE_2":"District","ENGTYPE_2":"District"}},{"arcs":[[1769,1770,1771,1772,1773,1774,1775,1776,-1653,1777,1778,1779,1780,1781,1782,1783,1784,1785]],"type":"Polygon","properties":{"ID_0":105,"ISO":"IND","NAME_0":"India","ID_1":13,"NAME_1":"Haryana","ID_2":165,"NAME_2":"Sirsa","NL_NAME_2":null,"VARNAME_2":"Sirasa","TYPE_2":"District","ENGTYPE_2":"District"}},{"arcs":[[-1762,1786,-1760,1787,-1758,1788,1789,-1755,1790,-1753,1791,-1751,1792,1793,1794,1795,1796,1797,1798,1799,1800,1801,-1354,1802,-1352,1803,-1350,1804,-1687,-1769,-1698]],"type":"Polygon","properties":{"ID_0":105,"ISO":"IND","NAME_0":"India","ID_1":13,"NAME_1":"Haryana","ID_2":166,"NAME_2":"Sonepat","NL_NAME_2":null,"VARNAME_2":"Sonipat","TYPE_2":"District","ENGTYPE_2":"District"}},{"arcs":[[1805,1806,1807,1808,1809,1810,1811,1812,1813,1814,1815,1816,1817,-1715,-1634,1818,-1632,1819,-1630,1820,-1628,1821,-1626,1822,1823,1824]],"type":"Polygon","properties":{"ID_0":105,"ISO":"IND","NAME_0":"India","ID_1":13,"NAME_1":"Haryana","ID_2":167,"NAME_2":"Yamuna Nagar","NL_NAME_2":null,"VARNAME_2":null,"TYPE_2":"District","ENGTYPE_2":"District"}},{"arcs":[[1825,1826,1827,1828,1829]],"type":"Polygon","properties":{"ID_0":105,"ISO":"IND","NAME_0":"India","ID_1":14,"NAME_1":"Himachal Pradesh","ID_2":168,"NAME_2":"Bilaspur","NL_NAME_2":null,"VARNAME_2":null,"TYPE_2":"District","ENGTYPE_2":"District"}},{"arcs":[[1830,1831,1832,1833,1834,1835,1836,1837,1838,1839,1840,1841,1842,1843,1844,1845,1846,1847,1848,1849,1850,1851,1852,1853,1854,1855,1856,1857]],"type":"Polygon","properties":{"ID_0":105,"ISO":"IND","NAME_0":"India","ID_1":14,"NAME_1":"Himachal Pradesh","ID_2":169,"NAME_2":"Chamba","NL_NAME_2":null,"VARNAME_2":null,"TYPE_2":"District","ENGTYPE_2":"District"}},{"arcs":[[-1830,1858,1859,1860]],"type":"Polygon","properties":{"ID_0":105,"ISO":"IND","NAME_0":"India","ID_1":14,"NAME_1":"Himachal Pradesh","ID_2":170,"NAME_2":"Hamirpur","NL_NAME_2":null,"VARNAME_2":null,"TYPE_2":"District","ENGTYPE_2":"District"}},{"arcs":[[1861,1862,-1860,1863,1864,1865,-1833,1866]],"type":"Polygon","properties":{"ID_0":105,"ISO":"IND","NAME_0":"India","ID_1":14,"NAME_1":"Himachal Pradesh","ID_2":171,"NAME_2":"Kangra","NL_NAME_2":null,"VARNAME_2":null,"TYPE_2":"District","ENGTYPE_2":"District"}},{"arcs":[[1867,1868,1869,1870,1871]],"type":"Polygon","properties":{"ID_0":105,"ISO":"IND","NAME_0":"India","ID_1":14,"NAME_1":"Himachal Pradesh","ID_2":172,"NAME_2":"Kinnaur","NL_NAME_2":null,"VARNAME_2":"Kalpa","TYPE_2":"District","ENGTYPE_2":"District"}},{"arcs":[[-1870,1872,1873,-1862,1874]],"type":"Polygon","properties":{"ID_0":105,"ISO":"IND","NAME_0":"India","ID_1":14,"NAME_1":"Himachal Pradesh","ID_2":173,"NAME_2":"Kullu","NL_NAME_2":null,"VARNAME_2":null,"TYPE_2":"District","ENGTYPE_2":"District"}},{"arcs":[[1875,1876,1877,1878,1879,1880,1881,1882,1883,1884,1885,1886,1887,1888,1889,1890,1891,1892,1893,1894,1895,1896,1897,1898,1899,1900,1901,1902,1903,1904,1905,1906,1907,1908,1909,1910,1911,1912,1913,1914,1915,1916,1917,1918,1919,1920,1921,1922,1923,-1871,-1875,-1867,-1832,1924,1925]],"type":"Polygon","properties":{"ID_0":105,"ISO":"IND","NAME_0":"India","ID_1":14,"NAME_1":"Himachal Pradesh","ID_2":174,"NAME_2":"Lahul and Spiti","NL_NAME_2":null,"VARNAME_2":null,"TYPE_2":"District","ENGTYPE_2":"District"}},{"arcs":[[-1874,1926,1927,-1826,-1861,-1863]],"type":"Polygon","properties":{"ID_0":105,"ISO":"IND","NAME_0":"India","ID_1":14,"NAME_1":"Himachal Pradesh","ID_2":175,"NAME_2":"Mandi","NL_NAME_2":null,"VARNAME_2":null,"TYPE_2":"District","ENGTYPE_2":"District"}},{"arcs":[[1928,1929,1930,1931,-1927,-1873,-1869]],"type":"Polygon","properties":{"ID_0":105,"ISO":"IND","NAME_0":"India","ID_1":14,"NAME_1":"Himachal Pradesh","ID_2":176,"NAME_2":"Shimla","NL_NAME_2":null,"VARNAME_2":"Simla","TYPE_2":"District","ENGTYPE_2":"District"}},{"arcs":[[1932,1933,-1812,1934,-1810,1935,-1808,1936,1937,-1825,1938,-1823,-1625,-1731,1939,-1729,1940,1941,-1931]],"type":"Polygon","properties":{"ID_0":105,"ISO":"IND","NAME_0":"India","ID_1":14,"NAME_1":"Himachal Pradesh","ID_2":177,"NAME_2":"Sirmaur","NL_NAME_2":null,"VARNAME_2":"Sirmour|Sirmoor|Sirmur","TYPE_2":"District","ENGTYPE_2":"District"}},{"arcs":[[-1932,-1942,1942,-1727,1943,-1725,1944,-1742,1945,1946,-1827,-1928]],"type":"Polygon","properties":{"ID_0":105,"ISO":"IND","NAME_0":"India","ID_1":14,"NAME_1":"Himachal Pradesh","ID_2":178,"NAME_2":"Solan","NL_NAME_2":null,"VARNAME_2":null,"TYPE_2":"District","ENGTYPE_2":"District"}},{"arcs":[[-1859,-1829,1947,1948,-1864]],"type":"Polygon","properties":{"ID_0":105,"ISO":"IND","NAME_0":"India","ID_1":14,"NAME_1":"Himachal Pradesh","ID_2":179,"NAME_2":"Una","NL_NAME_2":null,"VARNAME_2":null,"TYPE_2":"District","ENGTYPE_2":"District"}},{"arcs":[[1949,1950,1951,1952,1953,1954,1955,1956,1957]],"type":"Polygon","properties":{"ID_0":105,"ISO":"IND","NAME_0":"India","ID_1":15,"NAME_1":"Jammu and Kashmir","ID_2":180,"NAME_2":"Anantnag (Kashmir South)","NL_NAME_2":null,"VARNAME_2":null,"TYPE_2":"District","ENGTYPE_2":"District"}},{"arcs":[[1958,1959,1960,1961]],"type":"Polygon","properties":{"ID_0":105,"ISO":"IND","NAME_0":"India","ID_1":15,"NAME_1":"Jammu and Kashmir","ID_2":181,"NAME_2":"Bagdam","NL_NAME_2":null,"VARNAME_2":null,"TYPE_2":"District","ENGTYPE_2":"District"}},{"arcs":[[1962,1963,1964,-1961,1965,1966,1967]],"type":"Polygon","properties":{"ID_0":105,"ISO":"IND","NAME_0":"India","ID_1":15,"NAME_1":"Jammu and Kashmir","ID_2":182,"NAME_2":"Baramula (Kashmir North)","NL_NAME_2":null,"VARNAME_2":null,"TYPE_2":"District","ENGTYPE_2":"District"}},{"arcs":[[1968,1969,-1926,1970,-1858,1971,-1856,1972,-1854,1973,-1852,1974,-1850,1975,-1848,1976,-1846,1977,-1844,1978,1979,1980,1981,1982,1983,1984,1985,1986,1987,1988,1989,1990,-1950]],"type":"Polygon","properties":{"ID_0":105,"ISO":"IND","NAME_0":"India","ID_1":15,"NAME_1":"Jammu and Kashmir","ID_2":183,"NAME_2":"Doda","NL_NAME_2":null,"VARNAME_2":null,"TYPE_2":"District","ENGTYPE_2":"District"}},{"arcs":[[1991,1992,1993,1994,1995,1996,1997,1998,1999,2000,2001,2002,2003,2004,2005,2006,2007,2008,2009]],"type":"Polygon","properties":{"ID_0":105,"ISO":"IND","NAME_0":"India","ID_1":15,"NAME_1":"Jammu and Kashmir","ID_2":184,"NAME_2":"Jammu","NL_NAME_2":null,"VARNAME_2":null,"TYPE_2":"District","ENGTYPE_2":"District"}},{"arcs":[[2010,2011,-1891,2012,-1889,2013,-1887,2014,-1885,2015,-1883,2016,-1881,2017,-1879,2018,-1877,2019,-1969,-1958,-1964]],"type":"Polygon","properties":{"ID_0":105,"ISO":"IND","NAME_0":"India","ID_1":15,"NAME_1":"Jammu and Kashmir","ID_2":185,"NAME_2":"Kargil","NL_NAME_2":null,"VARNAME_2":null,"TYPE_2":"District","ENGTYPE_2":"District"}},{"arcs":[[2020,2021,2022,2023,2024,2025,2026,2027,2028,-2008,2029,2030,2031,2032,2033,2034,2035,2036,2037,2038,-1840,2039,2040,-1837,2041,-1835]],"type":"Polygon","properties":{"ID_0":105,"ISO":"IND","NAME_0":"India","ID_1":15,"NAME_1":"Jammu and Kashmir","ID_2":186,"NAME_2":"Kathua","NL_NAME_2":null,"VARNAME_2":null,"TYPE_2":"District","ENGTYPE_2":"District"}},{"arcs":[[-1968,2042]],"type":"Polygon","properties":{"ID_0":105,"ISO":"IND","NAME_0":"India","ID_1":15,"NAME_1":"Jammu and Kashmir","ID_2":187,"NAME_2":"Kupwara (Muzaffarabad)","NL_NAME_2":null,"VARNAME_2":null,"TYPE_2":"District","ENGTYPE_2":"District"}},{"arcs":[[-1923,2043,-1921,2044,-1919,2045,-1917,2046,-1915,2047,-1913,2048,2049,-1910,2050,-1908,2051,-1906,2052,-1904,2053,-1902,2054,-1900,2055,-1898,2056,-1896,2057,-1894,2058,-1892,-2012,2059]],"type":"Polygon","properties":{"ID_0":105,"ISO":"IND","NAME_0":"India","ID_1":15,"NAME_1":"Jammu and Kashmir","ID_2":188,"NAME_2":"Ladakh (Leh)","NL_NAME_2":null,"VARNAME_2":null,"TYPE_2":"District","ENGTYPE_2":"District"}},{"arcs":[[-1956,-1959,2060]],"type":"Polygon","properties":{"ID_0":105,"ISO":"IND","NAME_0":"India","ID_1":15,"NAME_1":"Jammu and Kashmir","ID_2":189,"NAME_2":"Pulwama","NL_NAME_2":null,"VARNAME_2":null,"TYPE_2":"District","ENGTYPE_2":"District"}},{"arcs":[[-1966,-1960,-1955,2061,2062]],"type":"Polygon","properties":{"ID_0":105,"ISO":"IND","NAME_0":"India","ID_1":15,"NAME_1":"Jammu and Kashmir","ID_2":190,"NAME_2":"Punch","NL_NAME_2":null,"VARNAME_2":null,"TYPE_2":"District","ENGTYPE_2":"District"}},{"arcs":[[2063,2064,2065,2066,2067,2068,2069,2070,2071,2072,2073,-2010,2074,-2062,-1954]],"type":"Polygon","properties":{"ID_0":105,"ISO":"IND","NAME_0":"India","ID_1":15,"NAME_1":"Jammu and Kashmir","ID_2":191,"NAME_2":"Rajauri","NL_NAME_2":null,"VARNAME_2":null,"TYPE_2":"District","ENGTYPE_2":"District"}},{"arcs":[[-1957,-2061,-1962,-1965]],"type":"Polygon","properties":{"ID_0":105,"ISO":"IND","NAME_0":"India","ID_1":15,"NAME_1":"Jammu and Kashmir","ID_2":192,"NAME_2":"Srinagar","NL_NAME_2":null,"VARNAME_2":null,"TYPE_2":"District","ENGTYPE_2":"District"}},{"arcs":[[-1952,2075,-1990,2076,2077,-1987,2078,-1985,2079,-1983,2080,2081,-1980,-1842,2082,2083,-2037,2084,-2035,2085,2086,-2032,2087,2088,-2007,2089,-2005,2090,2091,2092,-2001,2093,2094,2095,-1997,2096,2097,2098,-1993,2099,-2074,2100,-2072,2101,-2070,2102,-2068,2103,2104,-2065,2105]],"type":"Polygon","properties":{"ID_0":105,"ISO":"IND","NAME_0":"India","ID_1":15,"NAME_1":"Jammu and Kashmir","ID_2":193,"NAME_2":"Udhampur","NL_NAME_2":null,"VARNAME_2":null,"TYPE_2":"District","ENGTYPE_2":"District"}},{"arcs":[[2106,2107,2108,2109,2110,2111,2112,2113,2114,2115,2116,2117,2118,2119,2120,2121,2122,2123,2124,2125,2126,2127,2128,2129,2130,2131,2132,2133,2134]],"type":"Polygon","properties":{"ID_0":105,"ISO":"IND","NAME_0":"India","ID_1":16,"NAME_1":"Jharkhand","ID_2":194,"NAME_2":"Bokaro","NL_NAME_2":null,"VARNAME_2":null,"TYPE_2":"District","ENGTYPE_2":"District"}},{"arcs":[[2135,2136,2137,2138,2139,2140,-682]],"type":"Polygon","properties":{"ID_0":105,"ISO":"IND","NAME_0":"India","ID_1":16,"NAME_1":"Jharkhand","ID_2":195,"NAME_2":"Chatra","NL_NAME_2":null,"VARNAME_2":null,"TYPE_2":"District","ENGTYPE_2":"District"}},{"arcs":[[-560,2141,2142,2143,-720]],"type":"Polygon","properties":{"ID_0":105,"ISO":"IND","NAME_0":"India","ID_1":16,"NAME_1":"Jharkhand","ID_2":196,"NAME_2":"Deoghar","NL_NAME_2":null,"VARNAME_2":"Devghar","TYPE_2":"District","ENGTYPE_2":"District"}},{"arcs":[[2144,2145,2146,2147,2148,2149,2150,2151,2152,2153,2154,2155,2156,-2112,2157,2158,2159]],"type":"Polygon","properties":{"ID_0":105,"ISO":"IND","NAME_0":"India","ID_1":16,"NAME_1":"Jharkhand","ID_2":197,"NAME_2":"Dhanbad","NL_NAME_2":null,"VARNAME_2":null,"TYPE_2":"District","ENGTYPE_2":"District"}},{"arcs":[[2160,2161,2162,2163,2164,2165,2166,2167,2168,-2142,-559]],"type":"Polygon","properties":{"ID_0":105,"ISO":"IND","NAME_0":"India","ID_1":16,"NAME_1":"Jharkhand","ID_2":198,"NAME_2":"Dumka","NL_NAME_2":null,"VARNAME_2":"Santhal Pargana, Santal Parganas","TYPE_2":"District","ENGTYPE_2":"District"}},{"arcs":[[2169,2170,-1280,2171,-1278,2172,-1276,2173,-1274,2174,-1272,2175,-1270,2176,-1268,2177,2178,2179,2180,2181,2182,-946]],"type":"Polygon","properties":{"ID_0":105,"ISO":"IND","NAME_0":"India","ID_1":16,"NAME_1":"Jharkhand","ID_2":199,"NAME_2":"Garhwa","NL_NAME_2":null,"VARNAME_2":null,"TYPE_2":"District","ENGTYPE_2":"District"}},{"arcs":[[-721,-2144,2183,-2160,2184,-2158,-2111,2185,-2109,2186,2187,-861]],"type":"Polygon","properties":{"ID_0":105,"ISO":"IND","NAME_0":"India","ID_1":16,"NAME_1":"Jharkhand","ID_2":200,"NAME_2":"Giridih","NL_NAME_2":null,"VARNAME_2":null,"TYPE_2":"District","ENGTYPE_2":"District"}},{"arcs":[[2188,2189,-2161,-558,2190,-619,2191,-617,2192]],"type":"Polygon","properties":{"ID_0":105,"ISO":"IND","NAME_0":"India","ID_1":16,"NAME_1":"Jharkhand","ID_2":201,"NAME_2":"Godda","NL_NAME_2":null,"VARNAME_2":"Goodda","TYPE_2":"District","ENGTYPE_2":"District"}},{"arcs":[[2193,2194,2195,2196,2197,2198,2199,2200,2201,2202,2203,-1158,2204,2205,-1155,2206,-1284,2207]],"type":"Polygon","properties":{"ID_0":105,"ISO":"IND","NAME_0":"India","ID_1":16,"NAME_1":"Jharkhand","ID_2":202,"NAME_2":"Gumla","NL_NAME_2":null,"VARNAME_2":null,"TYPE_2":"District","ENGTYPE_2":"District"}},{"arcs":[[2208,-2187,-2108,2209,-2135,2210,-2133,2211,-2131,2212,-2129,2213,-2127,2214,-2125,2215,2216,2217,2218,2219,2220,2221,2222,2223,2224,2225,2226,2227,2228,2229,-2136,-681,-863]],"type":"Polygon","properties":{"ID_0":105,"ISO":"IND","NAME_0":"India","ID_1":16,"NAME_1":"Jharkhand","ID_2":203,"NAME_2":"Hazaribag","NL_NAME_2":null,"VARNAME_2":null,"TYPE_2":"District","ENGTYPE_2":"District"}},{"arcs":[[-2169,2230,2231,2232,2233,2234,2235,2236,2237,2238,2239,2240,2241,2242,2243,-2149,2244,-2147,2245,-2145,-2184,-2143]],"type":"Polygon","properties":{"ID_0":105,"ISO":"IND","NAME_0":"India","ID_1":16,"NAME_1":"Jharkhand","ID_2":204,"NAME_2":"Jamtara","NL_NAME_2":null,"VARNAME_2":null,"TYPE_2":"District","ENGTYPE_2":"District"}},{"arcs":[[-2188,-2209,-862]],"type":"Polygon","properties":{"ID_0":105,"ISO":"IND","NAME_0":"India","ID_1":16,"NAME_1":"Jharkhand","ID_2":205,"NAME_2":"Koderma","NL_NAME_2":null,"VARNAME_2":null,"TYPE_2":"District","ENGTYPE_2":"District"}},{"arcs":[[-2140,2246,2247,2248,2249,2250,2251,2252,2253,-2208,-1283,2254,-1281,-2171,2255]],"type":"Polygon","properties":{"ID_0":105,"ISO":"IND","NAME_0":"India","ID_1":16,"NAME_1":"Jharkhand","ID_2":206,"NAME_2":"Latehar","NL_NAME_2":null,"VARNAME_2":null,"TYPE_2":"District","ENGTYPE_2":"District"}},{"arcs":[[-2254,2256,2257,2258,2259,-2194]],"type":"Polygon","properties":{"ID_0":105,"ISO":"IND","NAME_0":"India","ID_1":16,"NAME_1":"Jharkhand","ID_2":207,"NAME_2":"Lohardaga","NL_NAME_2":null,"VARNAME_2":"Lohargada","TYPE_2":"District","ENGTYPE_2":"District"}},{"arcs":[[2260,2261,2262,2263,-2162,-2190,2264]],"type":"Polygon","properties":{"ID_0":105,"ISO":"IND","NAME_0":"India","ID_1":16,"NAME_1":"Jharkhand","ID_2":208,"NAME_2":"Pakur","NL_NAME_2":null,"VARNAME_2":null,"TYPE_2":"District","ENGTYPE_2":"District"}},{"arcs":[[-945,-555,-683,-2141,-2256,-2170]],"type":"Polygon","properties":{"ID_0":105,"ISO":"IND","NAME_0":"India","ID_1":16,"NAME_1":"Jharkhand","ID_2":209,"NAME_2":"Palamu","NL_NAME_2":null,"VARNAME_2":null,"TYPE_2":"District","ENGTYPE_2":"District"}},{"arcs":[[2265,2266,2267,2268,2269,2270,2271,2272,2273,2274,2275,2276,2277,2278,2279,2280,2281,2282,2283,2284,2285]],"type":"Polygon","properties":{"ID_0":105,"ISO":"IND","NAME_0":"India","ID_1":16,"NAME_1":"Jharkhand","ID_2":210,"NAME_2":"Pashchim Singhbhum","NL_NAME_2":null,"VARNAME_2":"Singhbhum West","TYPE_2":"District","ENGTYPE_2":"District"}},{"arcs":[[2286,2287,2288,2289,2290,2291,2292,2293,2294,2295,2296,2297,2298,2299,2300,2301,2302,2303,2304,2305,2306,2307,2308]],"type":"Polygon","properties":{"ID_0":105,"ISO":"IND","NAME_0":"India","ID_1":16,"NAME_1":"Jharkhand","ID_2":211,"NAME_2":"Purba Singhbhum","NL_NAME_2":null,"VARNAME_2":"Singhbhum East","TYPE_2":"District","ENGTYPE_2":"District"}},{"arcs":[[-2137,-2230,2309,-2228,2310,-2226,2311,-2224,2312,-2222,2313,-2220,2314,-2218,2315,2316,2317,2318,2319,2320,2321,2322,2323,2324,2325,2326,2327,2328,2329,2330,2331,2332,2333,2334,-2286,2335,2336,2337,2338,-2202,2339,-2200,2340,-2198,2341,-2196,2342,-2259,2343,-2257,-2253,2344,-2251,2345,-2249,2346,-2247,-2139,2347]],"type":"Polygon","properties":{"ID_0":105,"ISO":"IND","NAME_0":"India","ID_1":16,"NAME_1":"Jharkhand","ID_2":212,"NAME_2":"Ranchi","NL_NAME_2":null,"VARNAME_2":null,"TYPE_2":"District","ENGTYPE_2":"District"}},{"arcs":[[2348,2349,2350,2351,-2265,-2189,2352,-615,2353,2354,-612,-744]],"type":"Polygon","properties":{"ID_0":105,"ISO":"IND","NAME_0":"India","ID_1":16,"NAME_1":"Jharkhand","ID_2":213,"NAME_2":"Sahibganj","NL_NAME_2":null,"VARNAME_2":null,"TYPE_2":"District","ENGTYPE_2":"District"}},{"arcs":[[-2308,2355,2356,2357,2358,2359,-2277,2360,-2275,2361,-2273,2362,-2271,2363,-2269,2364,-2267,2365,-2334,2366,-2332,2367,-2330,2368,-2328,2369,-2326,2370,-2324,2371]],"type":"Polygon","properties":{"ID_0":105,"ISO":"IND","NAME_0":"India","ID_1":16,"NAME_1":"Jharkhand","ID_2":214,"NAME_2":"Saraikela Kharsawan","NL_NAME_2":null,"VARNAME_2":null,"TYPE_2":"District","ENGTYPE_2":"District"}},{"arcs":[[2372,-2338,2373,-2336,-2285,2374,-2283,2375,2376,2377,2378,2379,2380,2381,2382,2383,2384,2385,2386,2387,2388,2389,2390,2391,2392,-1168,2393,-1166,2394,2395,-1163,2396,-1161,2397,-1159,-2204]],"type":"Polygon","properties":{"ID_0":105,"ISO":"IND","NAME_0":"India","ID_1":16,"NAME_1":"Jharkhand","ID_2":215,"NAME_2":"Simdega","NL_NAME_2":null,"VARNAME_2":null,"TYPE_2":"District","ENGTYPE_2":"District"}},{"arcs":[[2398,2399,2400,2401,2402]],"type":"Polygon","properties":{"ID_0":105,"ISO":"IND","NAME_0":"India","ID_1":17,"NAME_1":"Karnataka","ID_2":216,"NAME_2":"Bagalkot","NL_NAME_2":null,"VARNAME_2":null,"TYPE_2":"District","ENGTYPE_2":"District"}},{"arcs":[[2403,2404,2405,2406,2407,2408,2409]],"type":"Polygon","properties":{"ID_0":105,"ISO":"IND","NAME_0":"India","ID_1":17,"NAME_1":"Karnataka","ID_2":217,"NAME_2":"Bangalore Rural","NL_NAME_2":null,"VARNAME_2":null,"TYPE_2":"District","ENGTYPE_2":"District"}},{"arcs":[[2410,-2406]],"type":"Polygon","properties":{"ID_0":105,"ISO":"IND","NAME_0":"India","ID_1":17,"NAME_1":"Karnataka","ID_2":218,"NAME_2":"Bangalore Urban","NL_NAME_2":null,"VARNAME_2":null,"TYPE_2":"District","ENGTYPE_2":"District"}},{"arcs":[[2411,-2402,2412,2413,2414,-1357,2415,2416,2417]],"type":"Polygon","properties":{"ID_0":105,"ISO":"IND","NAME_0":"India","ID_1":17,"NAME_1":"Karnataka","ID_2":219,"NAME_2":"Belgaum","NL_NAME_2":null,"VARNAME_2":null,"TYPE_2":"District","ENGTYPE_2":"District"}},{"arcs":[[-64,2418,2419,2420,2421,2422,2423,-125]],"type":"Polygon","properties":{"ID_0":105,"ISO":"IND","NAME_0":"India","ID_1":17,"NAME_1":"Karnataka","ID_2":220,"NAME_2":"Bellary","NL_NAME_2":null,"VARNAME_2":null,"TYPE_2":"District","ENGTYPE_2":"District"}},{"arcs":[[-147,-137,2424,2425,2426,2427]],"type":"Polygon","properties":{"ID_0":105,"ISO":"IND","NAME_0":"India","ID_1":17,"NAME_1":"Karnataka","ID_2":221,"NAME_2":"Bidar","NL_NAME_2":null,"VARNAME_2":null,"TYPE_2":"District","ENGTYPE_2":"District"}},{"arcs":[[2428,2429,-2403,-2412,2430,2431]],"type":"Polygon","properties":{"ID_0":105,"ISO":"IND","NAME_0":"India","ID_1":17,"NAME_1":"Karnataka","ID_2":222,"NAME_2":"Bijapur","NL_NAME_2":null,"VARNAME_2":null,"TYPE_2":"District","ENGTYPE_2":"District"}},{"arcs":[[-2408,2432,2433,2434,2435,2436,2437]],"type":"Polygon","properties":{"ID_0":105,"ISO":"IND","NAME_0":"India","ID_1":17,"NAME_1":"Karnataka","ID_2":223,"NAME_2":"Chamrajnagar","NL_NAME_2":null,"VARNAME_2":null,"TYPE_2":"District","ENGTYPE_2":"District"}},{"arcs":[[2438,2439,2440,2441,2442,2443,2444]],"type":"Polygon","properties":{"ID_0":105,"ISO":"IND","NAME_0":"India","ID_1":17,"NAME_1":"Karnataka","ID_2":224,"NAME_2":"Chikmagalur","NL_NAME_2":null,"VARNAME_2":"Chikmaglur|Kadur","TYPE_2":"District","ENGTYPE_2":"District"}},{"arcs":[[-63,2445,-61,2446,-2445,2447,-2419]],"type":"Polygon","properties":{"ID_0":105,"ISO":"IND","NAME_0":"India","ID_1":17,"NAME_1":"Karnataka","ID_2":225,"NAME_2":"Chitradurga","NL_NAME_2":null,"VARNAME_2":"Chitaldroog|Chitaldrug","TYPE_2":"District","ENGTYPE_2":"District"}},{"arcs":[[2448,2449,2450,2451,2452,-2441]],"type":"Polygon","properties":{"ID_0":105,"ISO":"IND","NAME_0":"India","ID_1":17,"NAME_1":"Karnataka","ID_2":226,"NAME_2":"Dakshin Kannad","NL_NAME_2":null,"VARNAME_2":null,"TYPE_2":"District","ENGTYPE_2":"District"}},{"arcs":[[-2448,-2444,2453,2454,-2420]],"type":"Polygon","properties":{"ID_0":105,"ISO":"IND","NAME_0":"India","ID_1":17,"NAME_1":"Karnataka","ID_2":227,"NAME_2":"Davanagere","NL_NAME_2":null,"VARNAME_2":null,"TYPE_2":"District","ENGTYPE_2":"District"}},{"arcs":[[2455,2456,-2414,2457]],"type":"Polygon","properties":{"ID_0":105,"ISO":"IND","NAME_0":"India","ID_1":17,"NAME_1":"Karnataka","ID_2":228,"NAME_2":"Dharwad","NL_NAME_2":null,"VARNAME_2":"Dhawad, Dharwar","TYPE_2":"District","ENGTYPE_2":"District"}},{"arcs":[[2458,-2422,2459,-2458,-2413,-2401]],"type":"Polygon","properties":{"ID_0":105,"ISO":"IND","NAME_0":"India","ID_1":17,"NAME_1":"Karnataka","ID_2":229,"NAME_2":"Gadag","NL_NAME_2":null,"VARNAME_2":null,"TYPE_2":"District","ENGTYPE_2":"District"}},{"arcs":[[-2425,-136,-157,-131,2460,-2429,2461,2462]],"type":"Polygon","properties":{"ID_0":105,"ISO":"IND","NAME_0":"India","ID_1":17,"NAME_1":"Karnataka","ID_2":230,"NAME_2":"Gulbarga","NL_NAME_2":null,"VARNAME_2":null,"TYPE_2":"District","ENGTYPE_2":"District"}},{"arcs":[[2463,2464,2465,-2449,-2440,2466]],"type":"Polygon","properties":{"ID_0":105,"ISO":"IND","NAME_0":"India","ID_1":17,"NAME_1":"Karnataka","ID_2":231,"NAME_2":"Hassan","NL_NAME_2":null,"VARNAME_2":null,"TYPE_2":"District","ENGTYPE_2":"District"}},{"arcs":[[-2460,-2421,-2455,2467,2468,-2456]],"type":"Polygon","properties":{"ID_0":105,"ISO":"IND","NAME_0":"India","ID_1":17,"NAME_1":"Karnataka","ID_2":232,"NAME_2":"Haveri","NL_NAME_2":null,"VARNAME_2":null,"TYPE_2":"District","ENGTYPE_2":"District"}},{"arcs":[[2469,2470,2471,2472,2473,2474,2475,2476,2477,-2450,-2466]],"type":"Polygon","properties":{"ID_0":105,"ISO":"IND","NAME_0":"India","ID_1":17,"NAME_1":"Karnataka","ID_2":233,"NAME_2":"Kodagu","NL_NAME_2":null,"VARNAME_2":"Coorg","TYPE_2":"District","ENGTYPE_2":"District"}},{"arcs":[[-70,2478,-2404,2479,-59]],"type":"Polygon","properties":{"ID_0":105,"ISO":"IND","NAME_0":"India","ID_1":17,"NAME_1":"Karnataka","ID_2":234,"NAME_2":"Kolar","NL_NAME_2":null,"VARNAME_2":null,"TYPE_2":"District","ENGTYPE_2":"District"}},{"arcs":[[2480,-2423,-2459,-2400]],"type":"Polygon","properties":{"ID_0":105,"ISO":"IND","NAME_0":"India","ID_1":17,"NAME_1":"Karnataka","ID_2":235,"NAME_2":"Koppal","NL_NAME_2":null,"VARNAME_2":null,"TYPE_2":"District","ENGTYPE_2":"District"}},{"arcs":[[-2409,-2438,2481,-2464,2482]],"type":"Polygon","properties":{"ID_0":105,"ISO":"IND","NAME_0":"India","ID_1":17,"NAME_1":"Karnataka","ID_2":236,"NAME_2":"Mandya","NL_NAME_2":null,"VARNAME_2":null,"TYPE_2":"District","ENGTYPE_2":"District"}},{"arcs":[[-2437,2483,-2470,-2465,-2482]],"type":"Polygon","properties":{"ID_0":105,"ISO":"IND","NAME_0":"India","ID_1":17,"NAME_1":"Karnataka","ID_2":237,"NAME_2":"Mysore","NL_NAME_2":null,"VARNAME_2":null,"TYPE_2":"District","ENGTYPE_2":"District"}},{"arcs":[[-130,-126,-2424,-2481,-2399,-2430,-2461]],"type":"Polygon","properties":{"ID_0":105,"ISO":"IND","NAME_0":"India","ID_1":17,"NAME_1":"Karnataka","ID_2":238,"NAME_2":"Raichur","NL_NAME_2":null,"VARNAME_2":null,"TYPE_2":"District","ENGTYPE_2":"District"}},{"arcs":[[-2454,-2443,2484,2485,2486,2487,2488,2489,2490,2491,2492,2493,-2468]],"type":"Polygon","properties":{"ID_0":105,"ISO":"IND","NAME_0":"India","ID_1":17,"NAME_1":"Karnataka","ID_2":239,"NAME_2":"Shimoga","NL_NAME_2":null,"VARNAME_2":null,"TYPE_2":"District","ENGTYPE_2":"District"}},{"arcs":[[[-2480,-2410,-2483,-2467,-2439,-2447,-60]],[[-2446,-62]]],"type":"MultiPolygon","properties":{"ID_0":105,"ISO":"IND","NAME_0":"India","ID_1":17,"NAME_1":"Karnataka","ID_2":240,"NAME_2":"Tumkur","NL_NAME_2":null,"VARNAME_2":null,"TYPE_2":"District","ENGTYPE_2":"District"}},{"arcs":[[-2442,-2453,2494,2495,2496,-2485]],"type":"Polygon","properties":{"ID_0":105,"ISO":"IND","NAME_0":"India","ID_1":17,"NAME_1":"Karnataka","ID_2":241,"NAME_2":"Udupi","NL_NAME_2":null,"VARNAME_2":null,"TYPE_2":"District","ENGTYPE_2":"District"}},{"arcs":[[-2457,-2469,-2494,2497,2498,-2491,2499,-2489,2500,-2487,2501,-2496,2502,-1366,2503,-1364,2504,-1362,-1358,-2415]],"type":"Polygon","properties":{"ID_0":105,"ISO":"IND","NAME_0":"India","ID_1":17,"NAME_1":"Karnataka","ID_2":242,"NAME_2":"Uttar Kannand","NL_NAME_2":null,"VARNAME_2":null,"TYPE_2":"District","ENGTYPE_2":"District"}},{"arcs":[[[2505]],[[2506]],[[2507,2508]],[[2509]],[[2510]],[[2511,2512,2513,2514,2515,2516,2517]]],"type":"MultiPolygon","properties":{"ID_0":105,"ISO":"IND","NAME_0":"India","ID_1":18,"NAME_1":"Kerala","ID_2":243,"NAME_2":"Alappuzha","NL_NAME_2":null,"VARNAME_2":"Alleppey","TYPE_2":"District","ENGTYPE_2":"District"}},{"arcs":[[[-2517,2518]],[[2519]],[[2520]],[[2521,2522,2523,2524]]],"type":"MultiPolygon","properties":{"ID_0":105,"ISO":"IND","NAME_0":"India","ID_1":18,"NAME_1":"Kerala","ID_2":244,"NAME_2":"Ernakulam","NL_NAME_2":null,"VARNAME_2":null,"TYPE_2":"District","ENGTYPE_2":"District"}},{"arcs":[[2525,2526,2527,2528,2529,2530,-2522,2531,2532]],"type":"Polygon","properties":{"ID_0":105,"ISO":"IND","NAME_0":"India","ID_1":18,"NAME_1":"Kerala","ID_2":245,"NAME_2":"Idukki","NL_NAME_2":null,"VARNAME_2":"Idikki","TYPE_2":"District","ENGTYPE_2":"District"}},{"arcs":[[2533,-2472,2534,2535,2536,2537,2538,2539,2540,2541,2542,2543,2544,2545,-2475,2546]],"type":"Polygon","properties":{"ID_0":105,"ISO":"IND","NAME_0":"India","ID_1":18,"NAME_1":"Kerala","ID_2":246,"NAME_2":"Kannur","NL_NAME_2":null,"VARNAME_2":"Cannanore","TYPE_2":"District","ENGTYPE_2":"District"}},{"arcs":[[-2478,2547,-2476,-2546,2548,-2451]],"type":"Polygon","properties":{"ID_0":105,"ISO":"IND","NAME_0":"India","ID_1":18,"NAME_1":"Kerala","ID_2":247,"NAME_2":"Kasaragod","NL_NAME_2":null,"VARNAME_2":null,"TYPE_2":"District","ENGTYPE_2":"District"}},{"arcs":[[2549,2550,2551,-2515,2552]],"type":"Polygon","properties":{"ID_0":105,"ISO":"IND","NAME_0":"India","ID_1":18,"NAME_1":"Kerala","ID_2":248,"NAME_2":"Kollam","NL_NAME_2":null,"VARNAME_2":"Quilon","TYPE_2":"District","ENGTYPE_2":"District"}},{"arcs":[[[-2508,2553]],[[2554,2555,-2512,2556,-2523,-2531]]],"type":"MultiPolygon","properties":{"ID_0":105,"ISO":"IND","NAME_0":"India","ID_1":18,"NAME_1":"Kerala","ID_2":249,"NAME_2":"Kottayam","NL_NAME_2":null,"VARNAME_2":null,"TYPE_2":"District","ENGTYPE_2":"District"}},{"arcs":[[2557,2558,2559,2560,2561,2562,2563,2564,2565,-2536,2566]],"type":"Polygon","properties":{"ID_0":105,"ISO":"IND","NAME_0":"India","ID_1":18,"NAME_1":"Kerala","ID_2":250,"NAME_2":"Kozhikode","NL_NAME_2":null,"VARNAME_2":"Calicut","TYPE_2":"District","ENGTYPE_2":"District"}},{"arcs":[[2567,2568,2569,-2565,2570,-2563,2571,-2561,2572,2573,2574]],"type":"Polygon","properties":{"ID_0":105,"ISO":"IND","NAME_0":"India","ID_1":18,"NAME_1":"Kerala","ID_2":251,"NAME_2":"Malappuram","NL_NAME_2":null,"VARNAME_2":null,"TYPE_2":"District","ENGTYPE_2":"District"}},{"arcs":[[2575,-2568,2576,2577]],"type":"Polygon","properties":{"ID_0":105,"ISO":"IND","NAME_0":"India","ID_1":18,"NAME_1":"Kerala","ID_2":252,"NAME_2":"Palakkad","NL_NAME_2":null,"VARNAME_2":"Palghat","TYPE_2":"District","ENGTYPE_2":"District"}},{"arcs":[[2578,-2553,-2514,2579,-2555,-2530]],"type":"Polygon","properties":{"ID_0":105,"ISO":"IND","NAME_0":"India","ID_1":18,"NAME_1":"Kerala","ID_2":253,"NAME_2":"Pattanamtitta","NL_NAME_2":null,"VARNAME_2":null,"TYPE_2":"District","ENGTYPE_2":"District"}},{"arcs":[[2580,2581,2582,-2551]],"type":"Polygon","properties":{"ID_0":105,"ISO":"IND","NAME_0":"India","ID_1":18,"NAME_1":"Kerala","ID_2":254,"NAME_2":"Thiruvananthapuram","NL_NAME_2":null,"VARNAME_2":"Trivandrum","TYPE_2":"District","ENGTYPE_2":"District"}},{"arcs":[[2583,-2532,-2525,2584,-2569,-2576]],"type":"Polygon","properties":{"ID_0":105,"ISO":"IND","NAME_0":"India","ID_1":18,"NAME_1":"Kerala","ID_2":255,"NAME_2":"Thrissur","NL_NAME_2":null,"VARNAME_2":"Trichur","TYPE_2":"District","ENGTYPE_2":"District"}},{"arcs":[[-2484,-2436,2585,-2574,2586,-2559,2587,-2567,-2535,-2471]],"type":"Polygon","properties":{"ID_0":105,"ISO":"IND","NAME_0":"India","ID_1":18,"NAME_1":"Kerala","ID_2":256,"NAME_2":"Wayanad","NL_NAME_2":null,"VARNAME_2":"Wynaad|Wynad","TYPE_2":"District","ENGTYPE_2":"District"}},{"arcs":[[[2588]],[[2589]]],"type":"MultiPolygon","properties":{"ID_0":105,"ISO":"IND","NAME_0":"India","ID_1":19,"NAME_1":"Lakshadweep","ID_2":257,"NAME_2":"Kavaratti","NL_NAME_2":null,"VARNAME_2":null,"TYPE_2":"District","ENGTYPE_2":"District"}},{"arcs":[[-1097,2590,2591,2592,2593,2594,2595,2596,2597,2598,2599,2600,2601,2602,2603,2604,2605,-1207,2606,-1205,2607,-1203]],"type":"Polygon","properties":{"ID_0":105,"ISO":"IND","NAME_0":"India","ID_1":20,"NAME_1":"Madhya Pradesh","ID_2":258,"NAME_2":"Anuppur","NL_NAME_2":null,"VARNAME_2":null,"TYPE_2":"District","ENGTYPE_2":"District"}},{"arcs":[[2608,2609,2610,2611,2612]],"type":"Polygon","properties":{"ID_0":105,"ISO":"IND","NAME_0":"India","ID_1":20,"NAME_1":"Madhya Pradesh","ID_2":259,"NAME_2":"Ashoknagar","NL_NAME_2":null,"VARNAME_2":null,"TYPE_2":"District","ENGTYPE_2":"District"}},{"arcs":[[2613,2614,2615,2616,2617,2618,2619,-1186,-1267,2620,2621,2622,2623,2624,2625,2626,2627,2628,2629,2630,2631,2632]],"type":"Polygon","properties":{"ID_0":105,"ISO":"IND","NAME_0":"India","ID_1":20,"NAME_1":"Madhya Pradesh","ID_2":260,"NAME_2":"Balaghat","NL_NAME_2":null,"VARNAME_2":null,"TYPE_2":"District","ENGTYPE_2":"District"}},{"arcs":[[2633,2634,2635,2636,2637,2638]],"type":"Polygon","properties":{"ID_0":105,"ISO":"IND","NAME_0":"India","ID_1":20,"NAME_1":"Madhya Pradesh","ID_2":261,"NAME_2":"Barwani","NL_NAME_2":null,"VARNAME_2":null,"TYPE_2":"District","ENGTYPE_2":"District"}},{"arcs":[[2639,2640,2641,2642,2643,2644,2645,2646]],"type":"Polygon","properties":{"ID_0":105,"ISO":"IND","NAME_0":"India","ID_1":20,"NAME_1":"Madhya Pradesh","ID_2":262,"NAME_2":"Betul","NL_NAME_2":null,"VARNAME_2":null,"TYPE_2":"District","ENGTYPE_2":"District"}},{"arcs":[[2647,2648,2649,2650,2651,2652,2653,2654]],"type":"Polygon","properties":{"ID_0":105,"ISO":"IND","NAME_0":"India","ID_1":20,"NAME_1":"Madhya Pradesh","ID_2":263,"NAME_2":"Bhind","NL_NAME_2":null,"VARNAME_2":null,"TYPE_2":"District","ENGTYPE_2":"District"}},{"arcs":[[2655,2656,2657,2658,2659]],"type":"Polygon","properties":{"ID_0":105,"ISO":"IND","NAME_0":"India","ID_1":20,"NAME_1":"Madhya Pradesh","ID_2":264,"NAME_2":"Bhopal","NL_NAME_2":null,"VARNAME_2":null,"TYPE_2":"District","ENGTYPE_2":"District"}},{"arcs":[[2660,2661,2662,2663,2664,2665,2666,2667,2668,2669,2670,2671,2672,2673,2674,2675,2676,2677,2678,2679,2680,2681,2682,2683,2684,2685,2686,2687,2688,2689,2690,2691,2692,2693,2694,2695,2696,2697,2698,2699,2700]],"type":"Polygon","properties":{"ID_0":105,"ISO":"IND","NAME_0":"India","ID_1":20,"NAME_1":"Madhya Pradesh","ID_2":265,"NAME_2":"Burhanpur","NL_NAME_2":null,"VARNAME_2":null,"TYPE_2":"District","ENGTYPE_2":"District"}},{"arcs":[[2701,2702,2703,2704,2705,2706,2707,2708]],"type":"Polygon","properties":{"ID_0":105,"ISO":"IND","NAME_0":"India","ID_1":20,"NAME_1":"Madhya Pradesh","ID_2":266,"NAME_2":"Chhatarpur","NL_NAME_2":null,"VARNAME_2":"Chhatapur|Chatarpur","TYPE_2":"District","ENGTYPE_2":"District"}},{"arcs":[[2709,2710,2711,-2647,2712,2713]],"type":"Polygon","properties":{"ID_0":105,"ISO":"IND","NAME_0":"India","ID_1":20,"NAME_1":"Madhya Pradesh","ID_2":267,"NAME_2":"Chhindwara","NL_NAME_2":null,"VARNAME_2":null,"TYPE_2":"District","ENGTYPE_2":"District"}},{"arcs":[[2714,2715,2716,2717,2718,-2703]],"type":"Polygon","properties":{"ID_0":105,"ISO":"IND","NAME_0":"India","ID_1":20,"NAME_1":"Madhya Pradesh","ID_2":268,"NAME_2":"Damoh","NL_NAME_2":null,"VARNAME_2":null,"TYPE_2":"District","ENGTYPE_2":"District"}},{"arcs":[[2719,2720,2721,-2652]],"type":"Polygon","properties":{"ID_0":105,"ISO":"IND","NAME_0":"India","ID_1":20,"NAME_1":"Madhya Pradesh","ID_2":269,"NAME_2":"Datia","NL_NAME_2":null,"VARNAME_2":null,"TYPE_2":"District","ENGTYPE_2":"District"}},{"arcs":[[2722,2723,2724,2725,2726,2727,2728,2729,2730]],"type":"Polygon","properties":{"ID_0":105,"ISO":"IND","NAME_0":"India","ID_1":20,"NAME_1":"Madhya Pradesh","ID_2":270,"NAME_2":"Dewas","NL_NAME_2":null,"VARNAME_2":null,"TYPE_2":"District","ENGTYPE_2":"District"}},{"arcs":[[2731,2732,-2638,2733,2734,2735]],"type":"Polygon","properties":{"ID_0":105,"ISO":"IND","NAME_0":"India","ID_1":20,"NAME_1":"Madhya Pradesh","ID_2":271,"NAME_2":"Dhar","NL_NAME_2":null,"VARNAME_2":null,"TYPE_2":"District","ENGTYPE_2":"District"}},{"arcs":[[2736,2737,2738,2739,2740,2741,2742,2743,2744,2745,2746,2747,2748,-1095,2749,-1093,2750,2751,-1183,2752,-1181,2753,-1197,2754,-1195,2755,-1193,2756,-1191,2757,-1189,2758,-1187,2759,-2619,2760,2761,-2616,2762,2763,2764,2765,2766,2767,2768,2769,2770,2771,2772,2773,2774,2775,2776,2777,2778,2779,2780,2781,2782,2783,2784,2785,2786,2787,2788,2789,2790,2791,2792,2793,2794]],"type":"Polygon","properties":{"ID_0":105,"ISO":"IND","NAME_0":"India","ID_1":20,"NAME_1":"Madhya Pradesh","ID_2":272,"NAME_2":"Dindori","NL_NAME_2":null,"VARNAME_2":null,"TYPE_2":"District","ENGTYPE_2":"District"}},{"arcs":[[2795,2796,2797,2798,-2641,2799,-2701,2800,-2699,2801,2802,-2696,2803,-2694,2804,-2692,2805,-2690,2806,2807,-2728]],"type":"Polygon","properties":{"ID_0":105,"ISO":"IND","NAME_0":"India","ID_1":20,"NAME_1":"Madhya Pradesh","ID_2":273,"NAME_2":"East Nimar","NL_NAME_2":null,"VARNAME_2":"Khandwa","TYPE_2":"District","ENGTYPE_2":"District"}},{"arcs":[[2808,-2612,2809,-2656,2810,2811,2812]],"type":"Polygon","properties":{"ID_0":105,"ISO":"IND","NAME_0":"India","ID_1":20,"NAME_1":"Madhya Pradesh","ID_2":274,"NAME_2":"Guna","NL_NAME_2":null,"VARNAME_2":"Goona","TYPE_2":"District","ENGTYPE_2":"District"}},{"arcs":[[-2722,2813,2814,-2653]],"type":"Polygon","properties":{"ID_0":105,"ISO":"IND","NAME_0":"India","ID_1":20,"NAME_1":"Madhya Pradesh","ID_2":275,"NAME_2":"Gwalior","NL_NAME_2":null,"VARNAME_2":"Gird, Gird Gwalior","TYPE_2":"District","ENGTYPE_2":"District"}},{"arcs":[[2815,2816,2817,2818,-2644,2819,-2642,2820,-2798,2821,-2796,-2727,2822,-2725,2823,2824]],"type":"Polygon","properties":{"ID_0":105,"ISO":"IND","NAME_0":"India","ID_1":20,"NAME_1":"Madhya Pradesh","ID_2":276,"NAME_2":"Harda","NL_NAME_2":null,"VARNAME_2":null,"TYPE_2":"District","ENGTYPE_2":"District"}},{"arcs":[[-2713,-2646,2825,-2818,2826,-2816,2827,2828,2829,2830]],"type":"Polygon","properties":{"ID_0":105,"ISO":"IND","NAME_0":"India","ID_1":20,"NAME_1":"Madhya Pradesh","ID_2":277,"NAME_2":"Hoshangabad","NL_NAME_2":null,"VARNAME_2":null,"TYPE_2":"District","ENGTYPE_2":"District"}},{"arcs":[[-2730,2831,-2732,2832]],"type":"Polygon","properties":{"ID_0":105,"ISO":"IND","NAME_0":"India","ID_1":20,"NAME_1":"Madhya Pradesh","ID_2":278,"NAME_2":"Indore","NL_NAME_2":null,"VARNAME_2":null,"TYPE_2":"District","ENGTYPE_2":"District"}},{"arcs":[[2833,2834,-2792,2835,-2790,2836,-2788,2837,2838,2839,-2717,2840]],"type":"Polygon","properties":{"ID_0":105,"ISO":"IND","NAME_0":"India","ID_1":20,"NAME_1":"Madhya Pradesh","ID_2":279,"NAME_2":"Jabalpur","NL_NAME_2":null,"VARNAME_2":"Jubbulpore","TYPE_2":"District","ENGTYPE_2":"District"}},{"arcs":[[-2734,-2637,2841,-1606,-1439,2842,2843]],"type":"Polygon","properties":{"ID_0":105,"ISO":"IND","NAME_0":"India","ID_1":20,"NAME_1":"Madhya Pradesh","ID_2":280,"NAME_2":"Jhabua","NL_NAME_2":null,"VARNAME_2":null,"TYPE_2":"District","ENGTYPE_2":"District"}},{"arcs":[[2844,2845,2846,2847,2848,2849,2850,2851,2852,2853,-2841,-2716,2854,2855]],"type":"Polygon","properties":{"ID_0":105,"ISO":"IND","NAME_0":"India","ID_1":20,"NAME_1":"Madhya Pradesh","ID_2":281,"NAME_2":"Katni","NL_NAME_2":null,"VARNAME_2":null,"TYPE_2":"District","ENGTYPE_2":"District"}},{"arcs":[[2856,-2786,2857,-2784,2858,-2782,2859,-2780,2860,-2778,2861,2862,-2775,2863,-2773,2864,2865,-2770,2866,-2768,2867,-2766,2868,2869,-2633,2870,-2631,2871,-2629,2872,-2627,2873,2874,2875,2876,2877,2878,2879,2880,-2838]],"type":"Polygon","properties":{"ID_0":105,"ISO":"IND","NAME_0":"India","ID_1":20,"NAME_1":"Madhya Pradesh","ID_2":282,"NAME_2":"Mandla","NL_NAME_2":null,"VARNAME_2":null,"TYPE_2":"District","ENGTYPE_2":"District"}},{"arcs":[[2881,2882,2883,2884,2885,2886]],"type":"Polygon","properties":{"ID_0":105,"ISO":"IND","NAME_0":"India","ID_1":20,"NAME_1":"Madhya Pradesh","ID_2":283,"NAME_2":"Mandsaur","NL_NAME_2":null,"VARNAME_2":"Mandasor","TYPE_2":"District","ENGTYPE_2":"District"}},{"arcs":[[-2654,-2815,2887,2888,2889,2890,2891]],"type":"Polygon","properties":{"ID_0":105,"ISO":"IND","NAME_0":"India","ID_1":20,"NAME_1":"Madhya Pradesh","ID_2":284,"NAME_2":"Morena","NL_NAME_2":null,"VARNAME_2":"Tonwarghar","TYPE_2":"District","ENGTYPE_2":"District"}},{"arcs":[[-2718,-2840,2892,-2714,-2831,2893,2894]],"type":"Polygon","properties":{"ID_0":105,"ISO":"IND","NAME_0":"India","ID_1":20,"NAME_1":"Madhya Pradesh","ID_2":285,"NAME_2":"Narsinghpur","NL_NAME_2":null,"VARNAME_2":"Narsimhapur","TYPE_2":"District","ENGTYPE_2":"District"}},{"arcs":[[2895,2896,-2886,2897]],"type":"Polygon","properties":{"ID_0":105,"ISO":"IND","NAME_0":"India","ID_1":20,"NAME_1":"Madhya Pradesh","ID_2":286,"NAME_2":"Neemuch","NL_NAME_2":null,"VARNAME_2":null,"TYPE_2":"District","ENGTYPE_2":"District"}},{"arcs":[[2898,-2855,-2715,-2702,2899]],"type":"Polygon","properties":{"ID_0":105,"ISO":"IND","NAME_0":"India","ID_1":20,"NAME_1":"Madhya Pradesh","ID_2":287,"NAME_2":"Panna","NL_NAME_2":null,"VARNAME_2":null,"TYPE_2":"District","ENGTYPE_2":"District"}},{"arcs":[[-2894,-2830,2900,-2658,2901,2902]],"type":"Polygon","properties":{"ID_0":105,"ISO":"IND","NAME_0":"India","ID_1":20,"NAME_1":"Madhya Pradesh","ID_2":288,"NAME_2":"Raisen","NL_NAME_2":null,"VARNAME_2":null,"TYPE_2":"District","ENGTYPE_2":"District"}},{"arcs":[[-2811,-2660,2903,2904,2905]],"type":"Polygon","properties":{"ID_0":105,"ISO":"IND","NAME_0":"India","ID_1":20,"NAME_1":"Madhya Pradesh","ID_2":289,"NAME_2":"Rajgarh","NL_NAME_2":null,"VARNAME_2":null,"TYPE_2":"District","ENGTYPE_2":"District"}},{"arcs":[[2906,2907,-2735,-2844,2908,2909,-2884,2910]],"type":"Polygon","properties":{"ID_0":105,"ISO":"IND","NAME_0":"India","ID_1":20,"NAME_1":"Madhya Pradesh","ID_2":290,"NAME_2":"Ratlam","NL_NAME_2":null,"VARNAME_2":null,"TYPE_2":"District","ENGTYPE_2":"District"}},{"arcs":[[2911,2912,2913,2914,2915]],"type":"Polygon","properties":{"ID_0":105,"ISO":"IND","NAME_0":"India","ID_1":20,"NAME_1":"Madhya Pradesh","ID_2":291,"NAME_2":"Rewa","NL_NAME_2":null,"VARNAME_2":null,"TYPE_2":"District","ENGTYPE_2":"District"}},{"arcs":[[-2704,-2719,-2895,-2903,2916,-2610,2917]],"type":"Polygon","properties":{"ID_0":105,"ISO":"IND","NAME_0":"India","ID_1":20,"NAME_1":"Madhya Pradesh","ID_2":292,"NAME_2":"Sagar","NL_NAME_2":null,"VARNAME_2":"Saugor","TYPE_2":"District","ENGTYPE_2":"District"}},{"arcs":[[-2914,2918,2919,2920,2921,2922,-2856,-2899,2923,2924]],"type":"Polygon","properties":{"ID_0":105,"ISO":"IND","NAME_0":"India","ID_1":20,"NAME_1":"Madhya Pradesh","ID_2":293,"NAME_2":"Satna","NL_NAME_2":null,"VARNAME_2":null,"TYPE_2":"District","ENGTYPE_2":"District"}},{"arcs":[[-2901,-2829,2925,-2824,-2724,2926,-2904,-2659]],"type":"Polygon","properties":{"ID_0":105,"ISO":"IND","NAME_0":"India","ID_1":20,"NAME_1":"Madhya Pradesh","ID_2":294,"NAME_2":"Sehore","NL_NAME_2":null,"VARNAME_2":null,"TYPE_2":"District","ENGTYPE_2":"District"}},{"arcs":[[-2881,2927,-2879,2928,-2877,2929,-2875,2930,-2625,2931,-2710,-2893,-2839]],"type":"Polygon","properties":{"ID_0":105,"ISO":"IND","NAME_0":"India","ID_1":20,"NAME_1":"Madhya Pradesh","ID_2":295,"NAME_2":"Seoni","NL_NAME_2":null,"VARNAME_2":null,"TYPE_2":"District","ENGTYPE_2":"District"}},{"arcs":[[-1208,-2606,2932,2933,2934,-2602,2935,-2600,2936,-2598,2937,2938,-2595,2939,-2593,2940,-2591,-1096,2941,-2748,2942,-2746,2943,-2744,2944,-2742,2945,-2740,2946,-2738,2947,-2795,2948,2949,2950,2951,2952,2953,2954,2955,2956,2957,2958,2959,2960,2961,2962,2963,2964,2965,2966,-2920,2967]],"type":"Polygon","properties":{"ID_0":105,"ISO":"IND","NAME_0":"India","ID_1":20,"NAME_1":"Madhya Pradesh","ID_2":296,"NAME_2":"Shahdol","NL_NAME_2":null,"VARNAME_2":"Sahdol","TYPE_2":"District","ENGTYPE_2":"District"}},{"arcs":[[-2927,-2723,2968,-2907,2969,-2905]],"type":"Polygon","properties":{"ID_0":105,"ISO":"IND","NAME_0":"India","ID_1":20,"NAME_1":"Madhya Pradesh","ID_2":297,"NAME_2":"Shajapur","NL_NAME_2":null,"VARNAME_2":null,"TYPE_2":"District","ENGTYPE_2":"District"}},{"arcs":[[2970,2971,2972,2973,2974,-2889]],"type":"Polygon","properties":{"ID_0":105,"ISO":"IND","NAME_0":"India","ID_1":20,"NAME_1":"Madhya Pradesh","ID_2":298,"NAME_2":"Sheopur","NL_NAME_2":null,"VARNAME_2":"Sheopur Kala","TYPE_2":"District","ENGTYPE_2":"District"}},{"arcs":[[-2721,2975,2976,-2613,-2809,2977,-2971,-2888,-2814]],"type":"Polygon","properties":{"ID_0":105,"ISO":"IND","NAME_0":"India","ID_1":20,"NAME_1":"Madhya Pradesh","ID_2":299,"NAME_2":"Shivpuri","NL_NAME_2":null,"VARNAME_2":"Narwar","TYPE_2":"District","ENGTYPE_2":"District"}},{"arcs":[[2978,-1286,-1209,-2968,-2919,-2913,2979]],"type":"Polygon","properties":{"ID_0":105,"ISO":"IND","NAME_0":"India","ID_1":20,"NAME_1":"Madhya Pradesh","ID_2":300,"NAME_2":"Sidhi","NL_NAME_2":null,"VARNAME_2":null,"TYPE_2":"District","ENGTYPE_2":"District"}},{"arcs":[[-2706,2980,2981]],"type":"Polygon","properties":{"ID_0":105,"ISO":"IND","NAME_0":"India","ID_1":20,"NAME_1":"Madhya Pradesh","ID_2":301,"NAME_2":"Tikamgarh","NL_NAME_2":null,"VARNAME_2":null,"TYPE_2":"District","ENGTYPE_2":"District"}},{"arcs":[[-2731,-2833,-2736,-2908,-2969]],"type":"Polygon","properties":{"ID_0":105,"ISO":"IND","NAME_0":"India","ID_1":20,"NAME_1":"Madhya Pradesh","ID_2":302,"NAME_2":"Ujjain","NL_NAME_2":null,"VARNAME_2":null,"TYPE_2":"District","ENGTYPE_2":"District"}},{"arcs":[[-2966,2982,-2964,2983,-2962,2984,-2960,2985,-2958,2986,2987,-2955,2988,-2953,2989,-2951,2990,-2949,-2794,2991,-2834,-2854,2992,-2852,2993,-2850,2994,-2848,2995,-2846,2996,-2922,2997]],"type":"Polygon","properties":{"ID_0":105,"ISO":"IND","NAME_0":"India","ID_1":20,"NAME_1":"Madhya Pradesh","ID_2":303,"NAME_2":"Umaria","NL_NAME_2":null,"VARNAME_2":null,"TYPE_2":"District","ENGTYPE_2":"District"}},{"arcs":[[-2611,-2917,-2902,-2657,-2810]],"type":"Polygon","properties":{"ID_0":105,"ISO":"IND","NAME_0":"India","ID_1":20,"NAME_1":"Madhya Pradesh","ID_2":304,"NAME_2":"Vidisha","NL_NAME_2":null,"VARNAME_2":null,"TYPE_2":"District","ENGTYPE_2":"District"}},{"arcs":[[-2808,-2688,2998,-2686,2999,3000,-2683,3001,-2639,-2733,-2832,-2729]],"type":"Polygon","properties":{"ID_0":105,"ISO":"IND","NAME_0":"India","ID_1":20,"NAME_1":"Madhya Pradesh","ID_2":305,"NAME_2":"West Nimar","NL_NAME_2":null,"VARNAME_2":"Khargone;Khargaon","TYPE_2":"District","ENGTYPE_2":"District"}},{"arcs":[[3002,3003,3004,3005,3006,3007]],"type":"Polygon","properties":{"ID_0":105,"ISO":"IND","NAME_0":"India","ID_1":21,"NAME_1":"Maharashtra","ID_2":306,"NAME_2":"Ahmednagar","NL_NAME_2":null,"VARNAME_2":"Ahmadnagar","TYPE_2":"District","ENGTYPE_2":"District"}},{"arcs":[[3008,3009,3010]],"type":"Polygon","properties":{"ID_0":105,"ISO":"IND","NAME_0":"India","ID_1":21,"NAME_1":"Maharashtra","ID_2":307,"NAME_2":"Akola","NL_NAME_2":null,"VARNAME_2":null,"TYPE_2":"District","ENGTYPE_2":"District"}},{"arcs":[[-2712,3011,3012,3013,3014,-3011,3015,-2665,3016,-2663,3017,-2661,-2800,-2640]],"type":"Polygon","properties":{"ID_0":105,"ISO":"IND","NAME_0":"India","ID_1":21,"NAME_1":"Maharashtra","ID_2":308,"NAME_2":"Amravati","NL_NAME_2":null,"VARNAME_2":"Amaravati, Amraoti, Amaraoti","TYPE_2":"District","ENGTYPE_2":"District"}},{"arcs":[[3018,3019,-3003,3020,3021]],"type":"Polygon","properties":{"ID_0":105,"ISO":"IND","NAME_0":"India","ID_1":21,"NAME_1":"Maharashtra","ID_2":309,"NAME_2":"Aurangabad","NL_NAME_2":null,"VARNAME_2":null,"TYPE_2":"District","ENGTYPE_2":"District"}},{"arcs":[[[-2621,-1266,3022]],[[3023,3024,3025,3026,-2623]]],"type":"MultiPolygon","properties":{"ID_0":105,"ISO":"IND","NAME_0":"India","ID_1":21,"NAME_1":"Maharashtra","ID_2":310,"NAME_2":"Bhandara","NL_NAME_2":null,"VARNAME_2":null,"TYPE_2":"District","ENGTYPE_2":"District"}},{"arcs":[[3027,3028,3029,3030,3031,-3004,-3020]],"type":"Polygon","properties":{"ID_0":105,"ISO":"IND","NAME_0":"India","ID_1":21,"NAME_1":"Maharashtra","ID_2":311,"NAME_2":"Bid","NL_NAME_2":null,"VARNAME_2":"Bir|Beed|Bhir|Bidh","TYPE_2":"District","ENGTYPE_2":"District"}},{"arcs":[[-3010,3032,3033,3034,3035,3036,-2674,3037,-2672,3038,-2670,3039,-2668,3040,-2666,-3016]],"type":"Polygon","properties":{"ID_0":105,"ISO":"IND","NAME_0":"India","ID_1":21,"NAME_1":"Maharashtra","ID_2":312,"NAME_2":"Buldana","NL_NAME_2":null,"VARNAME_2":null,"TYPE_2":"District","ENGTYPE_2":"District"}},{"arcs":[[3041,-51,3042,3043,3044,-3026]],"type":"Polygon","properties":{"ID_0":105,"ISO":"IND","NAME_0":"India","ID_1":21,"NAME_1":"Maharashtra","ID_2":313,"NAME_2":"Chandrapur","NL_NAME_2":null,"VARNAME_2":"Chanda","TYPE_2":"District","ENGTYPE_2":"District"}},{"arcs":[[3045,3046,-1586,-1569,3047,-2635]],"type":"Polygon","properties":{"ID_0":105,"ISO":"IND","NAME_0":"India","ID_1":21,"NAME_1":"Maharashtra","ID_2":314,"NAME_2":"Dhule","NL_NAME_2":null,"VARNAME_2":"Dhulia, West Khandesh","TYPE_2":"District","ENGTYPE_2":"District"}},{"arcs":[[-1264,-1179,-1083,-1102,-103,-52,-3042,-3025,3048]],"type":"Polygon","properties":{"ID_0":105,"ISO":"IND","NAME_0":"India","ID_1":21,"NAME_1":"Maharashtra","ID_2":315,"NAME_2":"Garhchiroli","NL_NAME_2":null,"VARNAME_2":null,"TYPE_2":"District","ENGTYPE_2":"District"}},{"arcs":[[-3023,-1265,-3049,-3024,-2622]],"type":"Polygon","properties":{"ID_0":105,"ISO":"IND","NAME_0":"India","ID_1":21,"NAME_1":"Maharashtra","ID_2":316,"NAME_2":"Gondiya","NL_NAME_2":null,"VARNAME_2":null,"TYPE_2":"District","ENGTYPE_2":"District"}},{"arcs":[[3049,3050,3051]],"type":"Polygon","properties":{"ID_0":105,"ISO":"IND","NAME_0":"India","ID_1":21,"NAME_1":"Maharashtra","ID_2":317,"NAME_2":"Greater Bombay","NL_NAME_2":null,"VARNAME_2":null,"TYPE_2":"District","ENGTYPE_2":"District"}},{"arcs":[[3052,3053,3054,3055]],"type":"Polygon","properties":{"ID_0":105,"ISO":"IND","NAME_0":"India","ID_1":21,"NAME_1":"Maharashtra","ID_2":318,"NAME_2":"Hingoli","NL_NAME_2":null,"VARNAME_2":null,"TYPE_2":"District","ENGTYPE_2":"District"}},{"arcs":[[-3002,-2682,3056,-2680,3057,-2678,3058,-2676,-3036,3059,-3022,3060,-3046,-2634]],"type":"Polygon","properties":{"ID_0":105,"ISO":"IND","NAME_0":"India","ID_1":21,"NAME_1":"Maharashtra","ID_2":319,"NAME_2":"Jalgaon","NL_NAME_2":null,"VARNAME_2":"East Khandesh","TYPE_2":"District","ENGTYPE_2":"District"}},{"arcs":[[3061,-3028,-3019,-3060,-3035]],"type":"Polygon","properties":{"ID_0":105,"ISO":"IND","NAME_0":"India","ID_1":21,"NAME_1":"Maharashtra","ID_2":320,"NAME_2":"Jalna","NL_NAME_2":null,"VARNAME_2":null,"TYPE_2":"District","ENGTYPE_2":"District"}},{"arcs":[[-2417,3062,3063,3064]],"type":"Polygon","properties":{"ID_0":105,"ISO":"IND","NAME_0":"India","ID_1":21,"NAME_1":"Maharashtra","ID_2":321,"NAME_2":"Kolhapur","NL_NAME_2":null,"VARNAME_2":null,"TYPE_2":"District","ENGTYPE_2":"District"}},{"arcs":[[-2427,3065,-3030,3066,3067]],"type":"Polygon","properties":{"ID_0":105,"ISO":"IND","NAME_0":"India","ID_1":21,"NAME_1":"Maharashtra","ID_2":322,"NAME_2":"Latur","NL_NAME_2":null,"VARNAME_2":"Kulaba, Kolaba, Kolabad","TYPE_2":"District","ENGTYPE_2":"District"}},{"arcs":[[-2624,-3027,-3045,3068,-3012,-2711,-2932]],"type":"Polygon","properties":{"ID_0":105,"ISO":"IND","NAME_0":"India","ID_1":21,"NAME_1":"Maharashtra","ID_2":323,"NAME_2":"Nagpur","NL_NAME_2":null,"VARNAME_2":null,"TYPE_2":"District","ENGTYPE_2":"District"}},{"arcs":[[-55,-148,-2428,-3068,3069,-3054,3070]],"type":"Polygon","properties":{"ID_0":105,"ISO":"IND","NAME_0":"India","ID_1":21,"NAME_1":"Maharashtra","ID_2":324,"NAME_2":"Nanded","NL_NAME_2":null,"VARNAME_2":"Nander","TYPE_2":"District","ENGTYPE_2":"District"}},{"arcs":[[-2636,-3048,-1578,-1537,-1607,-2842]],"type":"Polygon","properties":{"ID_0":105,"ISO":"IND","NAME_0":"India","ID_1":21,"NAME_1":"Maharashtra","ID_2":325,"NAME_2":"Nandurbar","NL_NAME_2":null,"VARNAME_2":null,"TYPE_2":"District","ENGTYPE_2":"District"}},{"arcs":[[-3061,-3021,-3008,3071,-1610,-1542,-1601,3072,-1599,3073,-1597,3074,-1595,3075,3076,-1592,3077,-1590,3078,3079,-1587,-3047]],"type":"Polygon","properties":{"ID_0":105,"ISO":"IND","NAME_0":"India","ID_1":21,"NAME_1":"Maharashtra","ID_2":326,"NAME_2":"Nashik","NL_NAME_2":null,"VARNAME_2":"Nasik","TYPE_2":"District","ENGTYPE_2":"District"}},{"arcs":[[-3066,-2426,-2463,3080,-3031]],"type":"Polygon","properties":{"ID_0":105,"ISO":"IND","NAME_0":"India","ID_1":21,"NAME_1":"Maharashtra","ID_2":327,"NAME_2":"Osmanabad","NL_NAME_2":null,"VARNAME_2":null,"TYPE_2":"District","ENGTYPE_2":"District"}},{"arcs":[[3081,-3055,-3070,-3067,-3029,-3062,-3034]],"type":"Polygon","properties":{"ID_0":105,"ISO":"IND","NAME_0":"India","ID_1":21,"NAME_1":"Maharashtra","ID_2":328,"NAME_2":"Parbhani","NL_NAME_2":null,"VARNAME_2":null,"TYPE_2":"District","ENGTYPE_2":"District"}},{"arcs":[[3082,3083,3084,3085,-3006]],"type":"Polygon","properties":{"ID_0":105,"ISO":"IND","NAME_0":"India","ID_1":21,"NAME_1":"Maharashtra","ID_2":329,"NAME_2":"Pune","NL_NAME_2":null,"VARNAME_2":"Poona","TYPE_2":"District","ENGTYPE_2":"District"}},{"arcs":[[-3085,3086,3087,3088,-3050,3089]],"type":"Polygon","properties":{"ID_0":105,"ISO":"IND","NAME_0":"India","ID_1":21,"NAME_1":"Maharashtra","ID_2":330,"NAME_2":"Raigarh","NL_NAME_2":null,"VARNAME_2":"Raygad","TYPE_2":"District","ENGTYPE_2":"District"}},{"arcs":[[3090,3091,-3064,3092,3093,-3088]],"type":"Polygon","properties":{"ID_0":105,"ISO":"IND","NAME_0":"India","ID_1":21,"NAME_1":"Maharashtra","ID_2":331,"NAME_2":"Ratnagiri","NL_NAME_2":null,"VARNAME_2":null,"TYPE_2":"District","ENGTYPE_2":"District"}},{"arcs":[[-2431,-2418,-3065,-3092,3094,3095]],"type":"Polygon","properties":{"ID_0":105,"ISO":"IND","NAME_0":"India","ID_1":21,"NAME_1":"Maharashtra","ID_2":332,"NAME_2":"Sangli","NL_NAME_2":null,"VARNAME_2":"South Satara","TYPE_2":"District","ENGTYPE_2":"District"}},{"arcs":[[3096,-3095,-3091,-3087,-3084]],"type":"Polygon","properties":{"ID_0":105,"ISO":"IND","NAME_0":"India","ID_1":21,"NAME_1":"Maharashtra","ID_2":333,"NAME_2":"Satara","NL_NAME_2":null,"VARNAME_2":"North Satara","TYPE_2":"District","ENGTYPE_2":"District"}},{"arcs":[[-3063,-2416,-1361,3097,-3093]],"type":"Polygon","properties":{"ID_0":105,"ISO":"IND","NAME_0":"India","ID_1":21,"NAME_1":"Maharashtra","ID_2":334,"NAME_2":"Sindhudurg","NL_NAME_2":null,"VARNAME_2":"Kudal, Sindhdurg","TYPE_2":"District","ENGTYPE_2":"District"}},{"arcs":[[-3081,-2462,-2432,-3096,-3097,-3083,-3005,-3032]],"type":"Polygon","properties":{"ID_0":105,"ISO":"IND","NAME_0":"India","ID_1":21,"NAME_1":"Maharashtra","ID_2":335,"NAME_2":"Solapur","NL_NAME_2":null,"VARNAME_2":"Sholapur","TYPE_2":"District","ENGTYPE_2":"District"}},{"arcs":[[3098,-1305,3099,-1303,3100,-1301,3101,-1611,-3072,-3007,-3086,-3090,-3052,3102,-1619]],"type":"Polygon","properties":{"ID_0":105,"ISO":"IND","NAME_0":"India","ID_1":21,"NAME_1":"Maharashtra","ID_2":336,"NAME_2":"Thane","NL_NAME_2":null,"VARNAME_2":"Thana","TYPE_2":"District","ENGTYPE_2":"District"}},{"arcs":[[-3069,-3044,3103,-3013]],"type":"Polygon","properties":{"ID_0":105,"ISO":"IND","NAME_0":"India","ID_1":21,"NAME_1":"Maharashtra","ID_2":337,"NAME_2":"Wardha","NL_NAME_2":null,"VARNAME_2":null,"TYPE_2":"District","ENGTYPE_2":"District"}},{"arcs":[[3104,-3056,-3082,-3033,-3009,-3015]],"type":"Polygon","properties":{"ID_0":105,"ISO":"IND","NAME_0":"India","ID_1":21,"NAME_1":"Maharashtra","ID_2":338,"NAME_2":"Washim","NL_NAME_2":null,"VARNAME_2":null,"TYPE_2":"District","ENGTYPE_2":"District"}},{"arcs":[[-3043,-56,-3071,-3053,-3105,-3014,-3104]],"type":"Polygon","properties":{"ID_0":105,"ISO":"IND","NAME_0":"India","ID_1":21,"NAME_1":"Maharashtra","ID_2":339,"NAME_2":"Yavatmal","NL_NAME_2":null,"VARNAME_2":"Yeotmal","TYPE_2":"District","ENGTYPE_2":"District"}},{"arcs":[[3105,3106,3107,3108]],"type":"Polygon","properties":{"ID_0":105,"ISO":"IND","NAME_0":"India","ID_1":22,"NAME_1":"Manipur","ID_2":340,"NAME_2":"Bishnupur","NL_NAME_2":null,"VARNAME_2":"Bishenpur|Sishnupur","TYPE_2":"District","ENGTYPE_2":"District"}},{"arcs":[[3109,3110,3111,3112,3113]],"type":"Polygon","properties":{"ID_0":105,"ISO":"IND","NAME_0":"India","ID_1":22,"NAME_1":"Manipur","ID_2":341,"NAME_2":"Chandel","NL_NAME_2":null,"VARNAME_2":"Tengnoupal","TYPE_2":"District","ENGTYPE_2":"District"}},{"arcs":[[3114,-3107,-3111,3115,3116,3117,3118,3119,3120,3121,3122,3123,3124,3125,3126,3127,3128,3129,3130,3131,3132,3133,3134,3135,-299,3136,-297,3137,-295,3138,-293,3139,3140]],"type":"Polygon","properties":{"ID_0":105,"ISO":"IND","NAME_0":"India","ID_1":22,"NAME_1":"Manipur","ID_2":342,"NAME_2":"Churachandpur","NL_NAME_2":null,"VARNAME_2":"Manipur South|Churchandpur","TYPE_2":"District","ENGTYPE_2":"District"}},{"arcs":[[[-3140,3141,-291,3142,-289,3143,3144]],[[3145,3146,3147]]],"type":"MultiPolygon","properties":{"ID_0":105,"ISO":"IND","NAME_0":"India","ID_1":22,"NAME_1":"Manipur","ID_2":343,"NAME_2":"East Imphal","NL_NAME_2":null,"VARNAME_2":null,"TYPE_2":"District","ENGTYPE_2":"District"}},{"arcs":[[-3113,3148,-3148,3149,-3108,-3115,3150,3151,3152,3153,3154,3155,3156,3157,3158,3159,3160,3161,3162,3163,3164,3165,3166,3167,3168,3169,3170]],"type":"Polygon","properties":{"ID_0":105,"ISO":"IND","NAME_0":"India","ID_1":22,"NAME_1":"Manipur","ID_2":344,"NAME_2":"Senapati","NL_NAME_2":null,"VARNAME_2":null,"TYPE_2":"District","ENGTYPE_2":"District"}},{"arcs":[[-3141,-3145,3171,-287,-510,3172,3173,3174,3175,3176,3177,3178,3179,-3151]],"type":"Polygon","properties":{"ID_0":105,"ISO":"IND","NAME_0":"India","ID_1":22,"NAME_1":"Manipur","ID_2":345,"NAME_2":"Tamenglong","NL_NAME_2":null,"VARNAME_2":"Manipur West","TYPE_2":"District","ENGTYPE_2":"District"}},{"arcs":[[-3149,-3112,-3106,3180,-3146]],"type":"Polygon","properties":{"ID_0":105,"ISO":"IND","NAME_0":"India","ID_1":22,"NAME_1":"Manipur","ID_2":346,"NAME_2":"Thoubal","NL_NAME_2":null,"VARNAME_2":null,"TYPE_2":"District","ENGTYPE_2":"District"}},{"arcs":[[3181,3182,3183,-3114,-3171,3184,3185,3186]],"type":"Polygon","properties":{"ID_0":105,"ISO":"IND","NAME_0":"India","ID_1":22,"NAME_1":"Manipur","ID_2":347,"NAME_2":"Ukhrul","NL_NAME_2":null,"VARNAME_2":"Manipur East, Ukhurul","TYPE_2":"District","ENGTYPE_2":"District"}},{"arcs":[[-3147,-3181,-3109,-3150]],"type":"Polygon","properties":{"ID_0":105,"ISO":"IND","NAME_0":"India","ID_1":22,"NAME_1":"Manipur","ID_2":348,"NAME_2":"West Imphal","NL_NAME_2":null,"VARNAME_2":null,"TYPE_2":"District","ENGTYPE_2":"District"}},{"arcs":[[-367,-399,3187,3188,3189,-321]],"type":"Polygon","properties":{"ID_0":105,"ISO":"IND","NAME_0":"India","ID_1":23,"NAME_1":"Meghalaya","ID_2":349,"NAME_2":"East Garo Hills","NL_NAME_2":null,"VARNAME_2":null,"TYPE_2":"District","ENGTYPE_2":"District"}},{"arcs":[[3190,3191,3192,3193]],"type":"Polygon","properties":{"ID_0":105,"ISO":"IND","NAME_0":"India","ID_1":23,"NAME_1":"Meghalaya","ID_2":350,"NAME_2":"East Khasi Hills","NL_NAME_2":null,"VARNAME_2":null,"TYPE_2":"District","ENGTYPE_2":"District"}},{"arcs":[[3194,-448,3195,-446,3196,-444,3197,-442,3198,-511,-285,3199,-3192,3200]],"type":"Polygon","properties":{"ID_0":105,"ISO":"IND","NAME_0":"India","ID_1":23,"NAME_1":"Meghalaya","ID_2":351,"NAME_2":"Jaintia Hills","NL_NAME_2":null,"VARNAME_2":null,"TYPE_2":"District","ENGTYPE_2":"District"}},{"arcs":[[3201,-450,3202,-3201,-3191,3203,-397,-483]],"type":"Polygon","properties":{"ID_0":105,"ISO":"IND","NAME_0":"India","ID_1":23,"NAME_1":"Meghalaya","ID_2":352,"NAME_2":"Ri-Bhoi","NL_NAME_2":null,"VARNAME_2":null,"TYPE_2":"District","ENGTYPE_2":"District"}},{"arcs":[[-3189,3204,3205,3206]],"type":"Polygon","properties":{"ID_0":105,"ISO":"IND","NAME_0":"India","ID_1":23,"NAME_1":"Meghalaya","ID_2":353,"NAME_2":"South Garo Hills","NL_NAME_2":null,"VARNAME_2":null,"TYPE_2":"District","ENGTYPE_2":"District"}},{"arcs":[[3207,-331,3208,-329,3209,-327,3210,3211,3212,3213,-322,-3190,-3207,3214,-344,3215]],"type":"Polygon","properties":{"ID_0":105,"ISO":"IND","NAME_0":"India","ID_1":23,"NAME_1":"Meghalaya","ID_2":354,"NAME_2":"West Garo Hills","NL_NAME_2":null,"VARNAME_2":null,"TYPE_2":"District","ENGTYPE_2":"District"}},{"arcs":[[-3204,-3194,3216,-3205,-3188,-398]],"type":"Polygon","properties":{"ID_0":105,"ISO":"IND","NAME_0":"India","ID_1":23,"NAME_1":"Meghalaya","ID_2":355,"NAME_2":"West Khasi Hills","NL_NAME_2":null,"VARNAME_2":null,"TYPE_2":"District","ENGTYPE_2":"District"}},{"arcs":[[3217,-3135,3218,-3133,3219,-3131,3220,-3129,3221,-3127,3222,3223,-3124,3224,3225,3226,3227,3228,3229,3230,3231,3232,3233,3234,3235,3236,3237,3238,3239,3240,-301]],"type":"Polygon","properties":{"ID_0":105,"ISO":"IND","NAME_0":"India","ID_1":24,"NAME_1":"Mizoram","ID_2":356,"NAME_2":"Aizawl","NL_NAME_2":null,"VARNAME_2":"Aizawal","TYPE_2":"District","ENGTYPE_2":"District"}},{"arcs":[[3241,3242,-3226,3243,3244,-3121,3245,-3119,3246,-3117]],"type":"Polygon","properties":{"ID_0":105,"ISO":"IND","NAME_0":"India","ID_1":24,"NAME_1":"Mizoram","ID_2":357,"NAME_2":"Champhai","NL_NAME_2":null,"VARNAME_2":null,"TYPE_2":"District","ENGTYPE_2":"District"}},{"arcs":[[-3241,3247,3248,3249,-386,-302]],"type":"Polygon","properties":{"ID_0":105,"ISO":"IND","NAME_0":"India","ID_1":24,"NAME_1":"Mizoram","ID_2":358,"NAME_2":"Kolasib","NL_NAME_2":null,"VARNAME_2":"Aizawal","TYPE_2":"District","ENGTYPE_2":"District"}},{"arcs":[[3250,3251,3252,3253,3254,3255,3256,3257,3258,3259,3260,3261,3262,3263,3264,3265]],"type":"Polygon","properties":{"ID_0":105,"ISO":"IND","NAME_0":"India","ID_1":24,"NAME_1":"Mizoram","ID_2":359,"NAME_2":"Lawngtlai","NL_NAME_2":null,"VARNAME_2":null,"TYPE_2":"District","ENGTYPE_2":"District"}},{"arcs":[[-3229,3266,3267,3268,3269,3270,3271,3272,3273,3274,3275,-3257,3276,-3255,3277,-3253,3278,-3251,3279,-3265,3280,3281]],"type":"Polygon","properties":{"ID_0":105,"ISO":"IND","NAME_0":"India","ID_1":24,"NAME_1":"Mizoram","ID_2":360,"NAME_2":"Lunglei","NL_NAME_2":null,"VARNAME_2":null,"TYPE_2":"District","ENGTYPE_2":"District"}},{"arcs":[[-389,3282,-387,-3250,3283,-3248,-3240,3284,-3238,3285,-3236,3286,-3234,3287,-3232,3288,-3230,-3282,3289,3290,3291,3292,3293,-458,3294]],"type":"Polygon","properties":{"ID_0":105,"ISO":"IND","NAME_0":"India","ID_1":24,"NAME_1":"Mizoram","ID_2":361,"NAME_2":"Mamit","NL_NAME_2":null,"VARNAME_2":null,"TYPE_2":"District","ENGTYPE_2":"District"}},{"arcs":[[3295,-3263,3296,-3261,3297,-3259,3298,-3275,3299,-3273]],"type":"Polygon","properties":{"ID_0":105,"ISO":"IND","NAME_0":"India","ID_1":24,"NAME_1":"Mizoram","ID_2":362,"NAME_2":"Saiha","NL_NAME_2":null,"VARNAME_2":"Chhimtuipui","TYPE_2":"District","ENGTYPE_2":"District"}},{"arcs":[[-3243,3300,3301,-3270,3302,-3268,3303,-3227]],"type":"Polygon","properties":{"ID_0":105,"ISO":"IND","NAME_0":"India","ID_1":24,"NAME_1":"Mizoram","ID_2":363,"NAME_2":"Serchhip","NL_NAME_2":null,"VARNAME_2":null,"TYPE_2":"District","ENGTYPE_2":"District"}},{"arcs":[[3304,3305,-403,-372]],"type":"Polygon","properties":{"ID_0":105,"ISO":"IND","NAME_0":"India","ID_1":25,"NAME_1":"Nagaland","ID_2":364,"NAME_2":"Dimapur","NL_NAME_2":null,"VARNAME_2":null,"TYPE_2":"District","ENGTYPE_2":"District"}},{"arcs":[[3306,3307,3308,-3160,3309,-3158,3310,-3156,3311,-3154,3312,-3152,-3180,3313,-3178,3314,-3176,3315,-3174,3316,-508,3317,-405,3318,-3305,-371,3319]],"type":"Polygon","properties":{"ID_0":105,"ISO":"IND","NAME_0":"India","ID_1":25,"NAME_1":"Nagaland","ID_2":365,"NAME_2":"Kohima","NL_NAME_2":null,"VARNAME_2":null,"TYPE_2":"District","ENGTYPE_2":"District"}},{"arcs":[[3320,3321,3322,-393,-515]],"type":"Polygon","properties":{"ID_0":105,"ISO":"IND","NAME_0":"India","ID_1":25,"NAME_1":"Nagaland","ID_2":366,"NAME_2":"Mokokchung","NL_NAME_2":null,"VARNAME_2":"Mokochung","TYPE_2":"District","ENGTYPE_2":"District"}},{"arcs":[[-256,3323,3324,-513]],"type":"Polygon","properties":{"ID_0":105,"ISO":"IND","NAME_0":"India","ID_1":25,"NAME_1":"Nagaland","ID_2":367,"NAME_2":"Mon","NL_NAME_2":null,"VARNAME_2":null,"TYPE_2":"District","ENGTYPE_2":"District"}},{"arcs":[[3325,3326,-3183,3327,-3187,3328,-3185,-3170,3329,-3168,3330,-3166,3331,-3164,3332,-3162,3333,-3308,3334]],"type":"Polygon","properties":{"ID_0":105,"ISO":"IND","NAME_0":"India","ID_1":25,"NAME_1":"Nagaland","ID_2":368,"NAME_2":"Phek","NL_NAME_2":null,"VARNAME_2":"Pheka","TYPE_2":"District","ENGTYPE_2":"District"}},{"arcs":[[-3325,3335,-3326,3336,-3321,-514]],"type":"Polygon","properties":{"ID_0":105,"ISO":"IND","NAME_0":"India","ID_1":25,"NAME_1":"Nagaland","ID_2":369,"NAME_2":"Tuensang","NL_NAME_2":null,"VARNAME_2":"Tuenasang","TYPE_2":"District","ENGTYPE_2":"District"}},{"arcs":[[-3323,3337,-3320,-370,-394]],"type":"Polygon","properties":{"ID_0":105,"ISO":"IND","NAME_0":"India","ID_1":25,"NAME_1":"Nagaland","ID_2":370,"NAME_2":"Wokha","NL_NAME_2":null,"VARNAME_2":null,"TYPE_2":"District","ENGTYPE_2":"District"}},{"arcs":[[-3337,-3335,-3307,-3338,-3322]],"type":"Polygon","properties":{"ID_0":105,"ISO":"IND","NAME_0":"India","ID_1":25,"NAME_1":"Nagaland","ID_2":371,"NAME_2":"Zunheboto","NL_NAME_2":null,"VARNAME_2":"Zanheboto|Zonheboto","TYPE_2":"District","ENGTYPE_2":"District"}},{"arcs":[[3338,3339,3340,3341,3342,3343,3344,3345,3346,3347,3348,3349,3350,3351,3352,3353,3354,3355,3356,3357,3358,3359,3360]],"type":"Polygon","properties":{"ID_0":105,"ISO":"IND","NAME_0":"India","ID_1":26,"NAME_1":"Orissa","ID_2":372,"NAME_2":"Angul","NL_NAME_2":null,"VARNAME_2":null,"TYPE_2":"District","ENGTYPE_2":"District"}},{"arcs":[[3361,3362,3363,3364,3365,3366,3367,3368,3369,3370,3371]],"type":"Polygon","properties":{"ID_0":105,"ISO":"IND","NAME_0":"India","ID_1":26,"NAME_1":"Orissa","ID_2":373,"NAME_2":"Baleshwar","NL_NAME_2":null,"VARNAME_2":"Balasore, Baleswar","TYPE_2":"District","ENGTYPE_2":"District"}},{"arcs":[[3372,3373,3374,3375,3376,3377,3378,3379,3380,3381,3382,3383,3384,3385,3386,-1211,-1222,3387,3388,3389,3390]],"type":"Polygon","properties":{"ID_0":105,"ISO":"IND","NAME_0":"India","ID_1":26,"NAME_1":"Orissa","ID_2":374,"NAME_2":"Baragarh","NL_NAME_2":null,"VARNAME_2":null,"TYPE_2":"District","ENGTYPE_2":"District"}},{"arcs":[[[3391,3392,3393,3394,3395,3396,3397,3398,3399,3400,3401,3402,3403,3404,3405,-3364]],[[3406]]],"type":"MultiPolygon","properties":{"ID_0":105,"ISO":"IND","NAME_0":"India","ID_1":26,"NAME_1":"Orissa","ID_2":375,"NAME_2":"Bhadrak","NL_NAME_2":null,"VARNAME_2":null,"TYPE_2":"District","ENGTYPE_2":"District"}},{"arcs":[[3407,3408,3409,3410,3411,3412,3413,3414,3415,3416,3417,3418,3419,3420,3421,3422,3423,3424,3425,3426,3427,3428,3429,3430,3431,3432,3433,3434,3435,3436,3437,-3380]],"type":"Polygon","properties":{"ID_0":105,"ISO":"IND","NAME_0":"India","ID_1":26,"NAME_1":"Orissa","ID_2":376,"NAME_2":"Bolangir","NL_NAME_2":null,"VARNAME_2":"Balangir","TYPE_2":"District","ENGTYPE_2":"District"}},{"arcs":[[3438,3439,3440,3441,3442,3443,3444,3445,3446,3447,3448,3449,3450,3451,3452,3453,3454,3455,3456,3457,-3419,3458,3459,-3349,3460,-3347,3461,-3345,3462,-3343]],"type":"Polygon","properties":{"ID_0":105,"ISO":"IND","NAME_0":"India","ID_1":26,"NAME_1":"Orissa","ID_2":377,"NAME_2":"Boudh","NL_NAME_2":null,"VARNAME_2":null,"TYPE_2":"District","ENGTYPE_2":"District"}},{"arcs":[[3463,3464,3465,3466,3467,3468,3469,3470,3471,3472,3473,3474,3475,3476,3477,3478,3479,3480,3481,3482,3483,3484,3485,3486,3487,3488,3489,3490,3491,3492,3493,3494,3495,3496,-3340,3497,3498]],"type":"Polygon","properties":{"ID_0":105,"ISO":"IND","NAME_0":"India","ID_1":26,"NAME_1":"Orissa","ID_2":378,"NAME_2":"Cuttack","NL_NAME_2":null,"VARNAME_2":null,"TYPE_2":"District","ENGTYPE_2":"District"}},{"arcs":[[-3359,3499,-3357,3500,-3355,3501,3502,3503,3504,3505,3506,3507,3508,3509,3510,3511,3512,3513,3514,3515,3516,3517,3518,3519,3520,3521,3522,3523,3524,3525,3526,3527,3528,3529]],"type":"Polygon","properties":{"ID_0":105,"ISO":"IND","NAME_0":"India","ID_1":26,"NAME_1":"Orissa","ID_2":379,"NAME_2":"Deogarh","NL_NAME_2":null,"VARNAME_2":"Debagarh","TYPE_2":"District","ENGTYPE_2":"District"}},{"arcs":[[3530,3531,3532,3533,3534,3535,3536,3537,3538,-3498,-3339,3539]],"type":"Polygon","properties":{"ID_0":105,"ISO":"IND","NAME_0":"India","ID_1":26,"NAME_1":"Orissa","ID_2":380,"NAME_2":"Dhenkanal","NL_NAME_2":null,"VARNAME_2":null,"TYPE_2":"District","ENGTYPE_2":"District"}},{"arcs":[[3540,3541,3542,3543,3544,3545,3546,3547,3548,3549,3550,3551,3552,3553,3554,3555,3556,3557,3558,3559,3560,3561,3562,-173,3563,-171,3564,-169,3565,-167,3566,-165,3567,3568,3569,3570,3571,3572,3573,3574,3575,3576,3577,3578,3579,3580,3581,3582,3583,3584,3585,3586,3587,3588]],"type":"Polygon","properties":{"ID_0":105,"ISO":"IND","NAME_0":"India","ID_1":26,"NAME_1":"Orissa","ID_2":381,"NAME_2":"Gajapati","NL_NAME_2":null,"VARNAME_2":null,"TYPE_2":"District","ENGTYPE_2":"District"}},{"arcs":[[[3589,3590,3591,3592,3593,3594,3595,3596,3597,3598,3599,3600,3601,3602,3603,-159,3604,-179,3605,-177,3606,-175,3607,-3562,3608,-3560,3609,-3558,3610,-3556,3611,-3554,3612,3613,3614,-3550,3615,3616,-3547,3617,-3545,3618,-3543,3619,-3541,3620,3621,3622,3623]],[[3624]]],"type":"MultiPolygon","properties":{"ID_0":105,"ISO":"IND","NAME_0":"India","ID_1":26,"NAME_1":"Orissa","ID_2":382,"NAME_2":"Ganjam","NL_NAME_2":null,"VARNAME_2":null,"TYPE_2":"District","ENGTYPE_2":"District"}},{"arcs":[[[3625,3626,3627,3628,-3486,3629,-3484,3630,-3482,3631,-3480,3632,-3478,3633,-3476]],[[3634,3635]]],"type":"MultiPolygon","properties":{"ID_0":105,"ISO":"IND","NAME_0":"India","ID_1":26,"NAME_1":"Orissa","ID_2":383,"NAME_2":"Jagatsinghpur","NL_NAME_2":null,"VARNAME_2":null,"TYPE_2":"District","ENGTYPE_2":"District"}},{"arcs":[[3636,3637,3638,3639,3640,3641,3642,3643,3644,-3403,3645,-3401,3646,-3399,3647,3648,-3396,3649,-3394,3650,3651,3652,3653,3654,3655,3656,3657,3658,-3471,3659,-3469,3660,-3467,3661,-3465,3662,-3499,-3539,3663,-3537,3664,-3535,3665,-3533,3666,-3531,3667,3668,3669,3670,3671]],"type":"Polygon","properties":{"ID_0":105,"ISO":"IND","NAME_0":"India","ID_1":26,"NAME_1":"Orissa","ID_2":384,"NAME_2":"Jajpur","NL_NAME_2":null,"VARNAME_2":null,"TYPE_2":"District","ENGTYPE_2":"District"}},{"arcs":[[3672,3673,3674,3675,3676,3677,3678,3679,3680,3681,-3391,3682,-3389,3683,-1221,3684,3685,3686,3687,3688,3689,3690,3691,3692,3693,3694,3695]],"type":"Polygon","properties":{"ID_0":105,"ISO":"IND","NAME_0":"India","ID_1":26,"NAME_1":"Orissa","ID_2":385,"NAME_2":"Jharsuguda","NL_NAME_2":null,"VARNAME_2":null,"TYPE_2":"District","ENGTYPE_2":"District"}},{"arcs":[[3696,3697,3698,3699,3700,3701,3702,3703,3704,3705,3706,3707,3708,3709,3710,3711,3712,3713,3714,-1245,3715,3716,3717,3718,3719,3720,-3422]],"type":"Polygon","properties":{"ID_0":105,"ISO":"IND","NAME_0":"India","ID_1":26,"NAME_1":"Orissa","ID_2":386,"NAME_2":"Kalahandi","NL_NAME_2":null,"VARNAME_2":null,"TYPE_2":"District","ENGTYPE_2":"District"}},{"arcs":[[3721,-3444,3722,-3442,3723,-3440,3724,3725,3726,3727,3728,3729,-3622,3730,-3588,3731,-3586,3732,-3584,3733,-3582,3734,-3580,3735,-3697,-3421,3736,-3457,3737,-3455,3738,3739,-3452,3740,-3450,3741,-3448,3742,-3446]],"type":"Polygon","properties":{"ID_0":105,"ISO":"IND","NAME_0":"India","ID_1":26,"NAME_1":"Orissa","ID_2":387,"NAME_2":"Kandhamal","NL_NAME_2":null,"VARNAME_2":"Phulabani","TYPE_2":"District","ENGTYPE_2":"District"}},{"arcs":[[[3743,-3627,3744,-3474,3745,-3472,-3659,3746,-3657,3747,-3655,3748,-3653,3749,-3651,-3393]],[[3750]],[[3751]],[[3752]]],"type":"MultiPolygon","properties":{"ID_0":105,"ISO":"IND","NAME_0":"India","ID_1":26,"NAME_1":"Orissa","ID_2":388,"NAME_2":"Kendrapara","NL_NAME_2":null,"VARNAME_2":null,"TYPE_2":"District","ENGTYPE_2":"District"}},{"arcs":[[3753,-3366,3754,-3405,3755,-3644,3756,-3642,3757,-3640,3758,-3638,3759,-3672,3760,-3670,3761,-3668,-3540,-3361,3762,-2280]],"type":"Polygon","properties":{"ID_0":105,"ISO":"IND","NAME_0":"India","ID_1":26,"NAME_1":"Orissa","ID_2":389,"NAME_2":"Keonjhar","NL_NAME_2":null,"VARNAME_2":"Kendujhar","TYPE_2":"District","ENGTYPE_2":"District"}},{"arcs":[[3763,3764,3765,3766,-3602,3767,3768,3769,3770,3771,3772,3773,3774,3775,3776,3777,3778,3779,3780,3781,3782,3783,3784,3785,-3489]],"type":"Polygon","properties":{"ID_0":105,"ISO":"IND","NAME_0":"India","ID_1":26,"NAME_1":"Orissa","ID_2":390,"NAME_2":"Khordha","NL_NAME_2":null,"VARNAME_2":null,"TYPE_2":"District","ENGTYPE_2":"District"}},{"arcs":[[3786,3787,3788,3789,3790,-3699,3791,-198,-195,3792,3793,3794,3795,3796,3797,3798,3799,3800,3801,3802,3803,3804,-1077,3805,3806,3807]],"type":"Polygon","properties":{"ID_0":105,"ISO":"IND","NAME_0":"India","ID_1":26,"NAME_1":"Orissa","ID_2":391,"NAME_2":"Koraput","NL_NAME_2":null,"VARNAME_2":null,"TYPE_2":"District","ENGTYPE_2":"District"}},{"arcs":[[-3805,3808,3809,-3802,3810,-3800,3811,-3798,3812,-3796,3813,-3794,3814,-193,3815,-191,3816,3817,-188,3818,-186,3819,-184,-85,3820,-83,3821,-81,3822,-114,3823,-112,3824,-110,3825,-108,-1101,3826,-1099,-1081,3827,-1079,3828]],"type":"Polygon","properties":{"ID_0":105,"ISO":"IND","NAME_0":"India","ID_1":26,"NAME_1":"Orissa","ID_2":392,"NAME_2":"Malkangiri","NL_NAME_2":null,"VARNAME_2":null,"TYPE_2":"District","ENGTYPE_2":"District"}},{"arcs":[[-2306,3829,-2304,3830,-2302,3831,-2300,3832,-2298,3833,-2296,3834,3835,3836,3837,-3369,3838,-3367,-3754,-2279,3839,3840,-2358,3841,-2356,3842]],"type":"Polygon","properties":{"ID_0":105,"ISO":"IND","NAME_0":"India","ID_1":26,"NAME_1":"Orissa","ID_2":393,"NAME_2":"Mayurbhanj","NL_NAME_2":null,"VARNAME_2":null,"TYPE_2":"District","ENGTYPE_2":"District"}},{"arcs":[[3843,-1254,3844,-1252,3845,3846,-1249,3847,3848,-1246,-3715,3849,-3713,3850,-3711,3851,-3709,3852,-3707,3853,-3705,3854,-3703,3855,-3701,3856,-3790,3857,-3788,3858,-3808,3859,-3806,-1076,3860,-1074,3861,3862,-1071,3863,-1069,3864,-1067,3865,-1065,3866,-1063,3867,-1061,3868,-1059,3869,-1057,3870,-1055,3871,-1121]],"type":"Polygon","properties":{"ID_0":105,"ISO":"IND","NAME_0":"India","ID_1":26,"NAME_1":"Orissa","ID_2":394,"NAME_2":"Nabarangpur","NL_NAME_2":null,"VARNAME_2":null,"TYPE_2":"District","ENGTYPE_2":"District"}},{"arcs":[[-3342,3872,-3496,3873,-3494,3874,-3492,3875,-3490,-3786,3876,3877,-3783,3878,-3781,3879,-3779,3880,-3777,3881,3882,-3774,3883,3884,-3771,3885,-3769,3886,-3600,3887,-3598,3888,-3596,3889,-3594,3890,-3592,3891,-3590,3892,-3623,-3730,3893,3894,-3727,3895,-3725,-3439]],"type":"Polygon","properties":{"ID_0":105,"ISO":"IND","NAME_0":"India","ID_1":26,"NAME_1":"Orissa","ID_2":395,"NAME_2":"Nayagarh","NL_NAME_2":null,"VARNAME_2":null,"TYPE_2":"District","ENGTYPE_2":"District"}},{"arcs":[[-3387,3896,-3385,3897,-3383,3898,-3381,-3438,3899,-3436,3900,-3434,3901,-3432,3902,-3430,3903,-3428,3904,-3426,3905,-3424,3906,3907,-3719,3908,3909,-3716,-1244,3910,3911,-1241,3912,-1239,3913,-1237,3914,-1235,3915,-1233,3916,-1231,3917,-1229,3918,3919,-1226,3920,-1216,3921,-1214,3922,-1212]],"type":"Polygon","properties":{"ID_0":105,"ISO":"IND","NAME_0":"India","ID_1":26,"NAME_1":"Orissa","ID_2":396,"NAME_2":"Nuapada","NL_NAME_2":null,"VARNAME_2":null,"TYPE_2":"District","ENGTYPE_2":"District"}},{"arcs":[[[3923,-3765,3924,-3487,-3629,3925,-3603,-3767]],[[3926,-3635]]],"type":"MultiPolygon","properties":{"ID_0":105,"ISO":"IND","NAME_0":"India","ID_1":26,"NAME_1":"Orissa","ID_2":397,"NAME_2":"Puri","NL_NAME_2":null,"VARNAME_2":null,"TYPE_2":"District","ENGTYPE_2":"District"}},{"arcs":[[-3736,-3579,3927,-3577,3928,-3575,3929,-3573,3930,-3571,3931,-3569,3932,-163,-199,-3792,-3698]],"type":"Polygon","properties":{"ID_0":105,"ISO":"IND","NAME_0":"India","ID_1":26,"NAME_1":"Orissa","ID_2":398,"NAME_2":"Rayagada","NL_NAME_2":null,"VARNAME_2":null,"TYPE_2":"District","ENGTYPE_2":"District"}},{"arcs":[[3933,-3518,3934,-3516,3935,-3514,3936,-3512,3937,-3510,3938,-3508,3939,-3506,3940,-3504,3941,-3352,3942,3943,3944,3945,3946,3947,3948,3949,-3374,3950,-3681,3951,-3679,3952,-3677,3953,-3675,3954,-3673,3955]],"type":"Polygon","properties":{"ID_0":105,"ISO":"IND","NAME_0":"India","ID_1":26,"NAME_1":"Orissa","ID_2":399,"NAME_2":"Sambalpur","NL_NAME_2":null,"VARNAME_2":null,"TYPE_2":"District","ENGTYPE_2":"District"}},{"arcs":[[-3948,3956,-3946,3957,3958,3959,-3350,-3460,3960,-3417,3961,-3415,3962,-3413,3963,-3411,3964,3965,-3408,-3379,3966,-3377,3967,-3375,3968,3969]],"type":"Polygon","properties":{"ID_0":105,"ISO":"IND","NAME_0":"India","ID_1":26,"NAME_1":"Orissa","ID_2":400,"NAME_2":"Sonepur","NL_NAME_2":null,"VARNAME_2":"Balangir","TYPE_2":"District","ENGTYPE_2":"District"}},{"arcs":[[3970,-2391,3971,-2389,3972,-2387,3973,-2385,3974,-2383,3975,-2381,3976,-2379,3977,-2377,3978,-2281,-3763,-3360,-3530,3979,-3528,3980,-3526,3981,-3524,3982,-3522,3983,-3520,3984,-3956,-3696,3985,-3694,3986,-3692,3987,-3690,3988,-3688,3989,-3686,3990,-1219,-1171]],"type":"Polygon","properties":{"ID_0":105,"ISO":"IND","NAME_0":"India","ID_1":26,"NAME_1":"Orissa","ID_2":401,"NAME_2":"Sundargarh","NL_NAME_2":null,"VARNAME_2":"Sundagarh|Bonai","TYPE_2":"District","ENGTYPE_2":"District"}},{"arcs":[[3991,3992,3993,3994,3995]],"type":"Polygon","properties":{"ID_0":105,"ISO":"IND","NAME_0":"India","ID_1":27,"NAME_1":"Puducherry","ID_2":402,"NAME_2":"Karaikal","NL_NAME_2":null,"VARNAME_2":"Karaikkal|Karikal","TYPE_2":"District","ENGTYPE_2":"District"}},{"arcs":[[3996,-2543,3997,-2541,3998,-2539,3999,4000]],"type":"Polygon","properties":{"ID_0":105,"ISO":"IND","NAME_0":"India","ID_1":27,"NAME_1":"Puducherry","ID_2":403,"NAME_2":"Mahe","NL_NAME_2":null,"VARNAME_2":null,"TYPE_2":"District","ENGTYPE_2":"District"}},{"arcs":[[4001,4002,4003,4004,4005,4006,4007,4008,4009,4010,4011,4012,4013,4014,4015,4016,4017,4018]],"type":"Polygon","properties":{"ID_0":105,"ISO":"IND","NAME_0":"India","ID_1":27,"NAME_1":"Puducherry","ID_2":404,"NAME_2":"Puducherry","NL_NAME_2":null,"VARNAME_2":"Pondicherry|Puduchcheri|Pondichry","TYPE_2":"District","ENGTYPE_2":"District"}},{"arcs":[[[-75,4019]],[[4020,-77]]],"type":"MultiPolygon","properties":{"ID_0":105,"ISO":"IND","NAME_0":"India","ID_1":27,"NAME_1":"Puducherry","ID_2":405,"NAME_2":"Yanam","NL_NAME_2":null,"VARNAME_2":"Yanaon","TYPE_2":"District","ENGTYPE_2":"District"}},{"arcs":[[4021,4022,4023,4024]],"type":"Polygon","properties":{"ID_0":105,"ISO":"IND","NAME_0":"India","ID_1":28,"NAME_1":"Punjab","ID_2":406,"NAME_2":"Amritsar","NL_NAME_2":null,"VARNAME_2":null,"TYPE_2":"District","ENGTYPE_2":"District"}},{"arcs":[[4025,4026,4027,4028,4029,4030,4031,4032,4033,4034,4035,4036,4037,4038,4039,4040,4041,4042,4043,4044,4045,4046,-1786,4047,4048,4049,4050,4051,4052,4053,4054,4055,4056,4057,4058,4059,4060,4061,4062,4063,4064,4065,4066,4067,4068,4069,4070,4071,4072]],"type":"Polygon","properties":{"ID_0":105,"ISO":"IND","NAME_0":"India","ID_1":28,"NAME_1":"Punjab","ID_2":407,"NAME_2":"Bathinda","NL_NAME_2":null,"VARNAME_2":"Bhatinda","TYPE_2":"District","ENGTYPE_2":"District"}},{"arcs":[[4073,-4068,4074,-4066,4075,-4064,4076,-4062,4077,-4060,4078,-4058,4079,4080,4081,4082,4083,4084,4085,4086,4087,4088,4089,4090,4091]],"type":"Polygon","properties":{"ID_0":105,"ISO":"IND","NAME_0":"India","ID_1":28,"NAME_1":"Punjab","ID_2":408,"NAME_2":"Faridkot","NL_NAME_2":null,"VARNAME_2":"Fridkot","TYPE_2":"District","ENGTYPE_2":"District"}},{"arcs":[[4092,4093,4094,4095,4096,4097,4098,4099,4100,4101,4102,4103,4104,4105,4106,4107,4108,4109,4110,4111,4112,4113,4114,4115,4116,4117,4118,4119,4120,4121,4122,4123,4124]],"type":"Polygon","properties":{"ID_0":105,"ISO":"IND","NAME_0":"India","ID_1":28,"NAME_1":"Punjab","ID_2":409,"NAME_2":"Fatehgarh Sahib","NL_NAME_2":null,"VARNAME_2":null,"TYPE_2":"District","ENGTYPE_2":"District"}},{"arcs":[[4125,4126,4127,4128,4129,4130,4131,4132,4133,-4091,4134,-4089,4135,-4087,4136,-4085,4137,-4083,4138,-4081,4139,4140,4141,4142,4143,4144,4145,4146,4147,4148,4149,4150,4151,4152,4153,4154,4155,4156,4157,4158,4159,4160,4161,4162,-4024,4163]],"type":"Polygon","properties":{"ID_0":105,"ISO":"IND","NAME_0":"India","ID_1":28,"NAME_1":"Punjab","ID_2":410,"NAME_2":"Firozpur","NL_NAME_2":null,"VARNAME_2":"Ferojpur, Firozepur, Ferozepore, Feruzpur","TYPE_2":"District","ENGTYPE_2":"District"}},{"arcs":[[-1866,4164,4165,-4022,4166,-2028,4167,-2026,4168,4169,-2023,4170,-2021,-1834]],"type":"Polygon","properties":{"ID_0":105,"ISO":"IND","NAME_0":"India","ID_1":28,"NAME_1":"Punjab","ID_2":411,"NAME_2":"Gurdaspur","NL_NAME_2":null,"VARNAME_2":"Guardaspur","TYPE_2":"District","ENGTYPE_2":"District"}},{"arcs":[[-1865,-1949,4171,4172,4173,4174,4175,-4165]],"type":"Polygon","properties":{"ID_0":105,"ISO":"IND","NAME_0":"India","ID_1":28,"NAME_1":"Punjab","ID_2":412,"NAME_2":"Hoshiarpur","NL_NAME_2":null,"VARNAME_2":null,"TYPE_2":"District","ENGTYPE_2":"District"}},{"arcs":[[4176,4177,4178,4179,4180,4181,4182,4183,4184,-4126,4185,-4175]],"type":"Polygon","properties":{"ID_0":105,"ISO":"IND","NAME_0":"India","ID_1":28,"NAME_1":"Punjab","ID_2":413,"NAME_2":"Jalandhar","NL_NAME_2":null,"VARNAME_2":"Jullundur","TYPE_2":"District","ENGTYPE_2":"District"}},{"arcs":[[[-4186,-4164,-4023,-4166,-4176]],[[4186,-4177,-4174]]],"type":"MultiPolygon","properties":{"ID_0":105,"ISO":"IND","NAME_0":"India","ID_1":28,"NAME_1":"Punjab","ID_2":414,"NAME_2":"Kapurthala","NL_NAME_2":null,"VARNAME_2":null,"TYPE_2":"District","ENGTYPE_2":"District"}},{"arcs":[[4187,4188,-4125,4189,-4123,4190,4191,4192,4193,-4118,4194,-4116,4195,4196,4197,4198,4199,4200,4201,4202,4203,4204,4205,4206,4207,-4179]],"type":"Polygon","properties":{"ID_0":105,"ISO":"IND","NAME_0":"India","ID_1":28,"NAME_1":"Punjab","ID_2":415,"NAME_2":"Ludhiana","NL_NAME_2":null,"VARNAME_2":null,"TYPE_2":"District","ENGTYPE_2":"District"}},{"arcs":[[4208,4209,4210,4211,4212,4213,4214,4215,4216,4217,4218,4219,-1663,4220,4221,4222,4223,-1658,4224,-1656,4225,-1654,-1777,4226,4227,-1774,4228,-1772,4229,4230,-4046,4231,-4044,4232,4233,-4041,4234,-4039,4235,-4037,4236,4237,-4034,4238,-4032,4239,4240,4241,4242,4243,4244]],"type":"Polygon","properties":{"ID_0":105,"ISO":"IND","NAME_0":"India","ID_1":28,"NAME_1":"Punjab","ID_2":416,"NAME_2":"Mansa","NL_NAME_2":null,"VARNAME_2":null,"TYPE_2":"District","ENGTYPE_2":"District"}},{"arcs":[[4245,-4207,4246,-4205,4247,-4203,4248,-4201,4249,-4199,4250,4251,4252,4253,4254,4255,-4027,4256,-4073,4257,4258,-4070,4259,-4074,4260,-4133,4261,-4131,4262,4263,-4128,4264,-4185,4265,-4183,4266,-4181,4267]],"type":"Polygon","properties":{"ID_0":105,"ISO":"IND","NAME_0":"India","ID_1":28,"NAME_1":"Punjab","ID_2":417,"NAME_2":"Moga","NL_NAME_2":null,"VARNAME_2":null,"TYPE_2":"District","ENGTYPE_2":"District"}},{"arcs":[[-4080,-4057,4268,-4055,4269,-4053,4270,-4051,4271,-4049,4272,-1784,4273,-1782,4274,-1780,4275,-4159,4276,4277,-4156,4278,4279,-4153,4280,-4151,4281,-4149,4282,4283,-4146,4284,-4144,4285,4286,-4141,4287]],"type":"Polygon","properties":{"ID_0":105,"ISO":"IND","NAME_0":"India","ID_1":28,"NAME_1":"Punjab","ID_2":418,"NAME_2":"Muktsar","NL_NAME_2":null,"VARNAME_2":null,"TYPE_2":"District","ENGTYPE_2":"District"}},{"arcs":[[-4173,4288,-4188,-4178,-4187]],"type":"Polygon","properties":{"ID_0":105,"ISO":"IND","NAME_0":"India","ID_1":28,"NAME_1":"Punjab","ID_2":419,"NAME_2":"Nawan Shehar","NL_NAME_2":null,"VARNAME_2":null,"TYPE_2":"District","ENGTYPE_2":"District"}},{"arcs":[[-1736,4289,-1734,4290,-1732,-1636,-1718,-1704,-1701,4291,-4113,4292,-4111,4293,-4109,4294,-4107,4295,4296,-4104,4297,-4102,4298,4299,4300,-1046,4301]],"type":"Polygon","properties":{"ID_0":105,"ISO":"IND","NAME_0":"India","ID_1":28,"NAME_1":"Punjab","ID_2":420,"NAME_2":"Patiala","NL_NAME_2":null,"VARNAME_2":null,"TYPE_2":"District","ENGTYPE_2":"District"}},{"arcs":[[-1828,-1947,4302,-1740,4303,-1738,-1051,4304,-1049,4305,4306,-4300,4307,-4100,4308,-4098,4309,4310,-4095,4311,-4093,-4189,-4289,-4172,-1948]],"type":"Polygon","properties":{"ID_0":105,"ISO":"IND","NAME_0":"India","ID_1":28,"NAME_1":"Punjab","ID_2":421,"NAME_2":"Rupnagar","NL_NAME_2":null,"VARNAME_2":"Ropar, Roop Nagar, Rupar","TYPE_2":"District","ENGTYPE_2":"District"}},{"arcs":[[4312,-4114,-4292,-1700,-1666,4313,-4218,4314,-4216,4315,-4214,4316,-4212,4317,-4210,4318,-4245,4319,-4243,4320,-4241,4321,-4030,4322,-4254,4323,-4252,4324,-4197]],"type":"Polygon","properties":{"ID_0":105,"ISO":"IND","NAME_0":"India","ID_1":28,"NAME_1":"Punjab","ID_2":422,"NAME_2":"Sangrur","NL_NAME_2":null,"VARNAME_2":"Sangroor","TYPE_2":"District","ENGTYPE_2":"District"}},{"arcs":[[[4325,4326]],[[4327,4328,4329,4330,4331,4332]]],"type":"MultiPolygon","properties":{"ID_0":105,"ISO":"IND","NAME_0":"India","ID_1":29,"NAME_1":"Rajasthan","ID_2":423,"NAME_2":"Ajmer","NL_NAME_2":null,"VARNAME_2":null,"TYPE_2":"District","ENGTYPE_2":"District"}},{"arcs":[[-1670,4333,4334,4335,-1720,-1768]],"type":"Polygon","properties":{"ID_0":105,"ISO":"IND","NAME_0":"India","ID_1":29,"NAME_1":"Rajasthan","ID_2":424,"NAME_2":"Alwar","NL_NAME_2":null,"VARNAME_2":null,"TYPE_2":"District","ENGTYPE_2":"District"}},{"arcs":[[4336,-2909,-2843,-1438,4337,4338]],"type":"Polygon","properties":{"ID_0":105,"ISO":"IND","NAME_0":"India","ID_1":29,"NAME_1":"Rajasthan","ID_2":425,"NAME_2":"Banswara","NL_NAME_2":null,"VARNAME_2":null,"TYPE_2":"District","ENGTYPE_2":"District"}},{"arcs":[[-2978,-2813,4339,4340,-2972]],"type":"Polygon","properties":{"ID_0":105,"ISO":"IND","NAME_0":"India","ID_1":29,"NAME_1":"Rajasthan","ID_2":426,"NAME_2":"Baran","NL_NAME_2":null,"VARNAME_2":null,"TYPE_2":"District","ENGTYPE_2":"District"}},{"arcs":[[4341,4342,4343,4344,-1504,4345,4346]],"type":"Polygon","properties":{"ID_0":105,"ISO":"IND","NAME_0":"India","ID_1":29,"NAME_1":"Rajasthan","ID_2":427,"NAME_2":"Barmer","NL_NAME_2":null,"VARNAME_2":null,"TYPE_2":"District","ENGTYPE_2":"District"}},{"arcs":[[4347,4348,4349,4350,4351,-4334,-1669]],"type":"Polygon","properties":{"ID_0":105,"ISO":"IND","NAME_0":"India","ID_1":29,"NAME_1":"Rajasthan","ID_2":428,"NAME_2":"Bharatpur","NL_NAME_2":null,"VARNAME_2":null,"TYPE_2":"District","ENGTYPE_2":"District"}},{"arcs":[[4352,4353,4354,-2896,4355,4356,-4330]],"type":"Polygon","properties":{"ID_0":105,"ISO":"IND","NAME_0":"India","ID_1":29,"NAME_1":"Rajasthan","ID_2":429,"NAME_2":"Bhilwara","NL_NAME_2":null,"VARNAME_2":"Bhilavara","TYPE_2":"District","ENGTYPE_2":"District"}},{"arcs":[[4357,4358,4359,4360,4361,4362,4363]],"type":"Polygon","properties":{"ID_0":105,"ISO":"IND","NAME_0":"India","ID_1":29,"NAME_1":"Rajasthan","ID_2":430,"NAME_2":"Bikaner","NL_NAME_2":null,"VARNAME_2":null,"TYPE_2":"District","ENGTYPE_2":"District"}},{"arcs":[[4364,4365,-4354,4366]],"type":"Polygon","properties":{"ID_0":105,"ISO":"IND","NAME_0":"India","ID_1":29,"NAME_1":"Rajasthan","ID_2":431,"NAME_2":"Bundi","NL_NAME_2":null,"VARNAME_2":null,"TYPE_2":"District","ENGTYPE_2":"District"}},{"arcs":[[[-2898,-2885,-2910,-4337,4367,4368,-4356]],[[-4366,4369,-2887,-2897,-4355]]],"type":"MultiPolygon","properties":{"ID_0":105,"ISO":"IND","NAME_0":"India","ID_1":29,"NAME_1":"Rajasthan","ID_2":432,"NAME_2":"Chittaurgarh","NL_NAME_2":null,"VARNAME_2":null,"TYPE_2":"District","ENGTYPE_2":"District"}},{"arcs":[[-1642,4370,4371,4372,-4359,4373]],"type":"Polygon","properties":{"ID_0":105,"ISO":"IND","NAME_0":"India","ID_1":29,"NAME_1":"Rajasthan","ID_2":433,"NAME_2":"Churu","NL_NAME_2":null,"VARNAME_2":null,"TYPE_2":"District","ENGTYPE_2":"District"}},{"arcs":[[-4352,4374,4375,4376,4377,-4335]],"type":"Polygon","properties":{"ID_0":105,"ISO":"IND","NAME_0":"India","ID_1":29,"NAME_1":"Rajasthan","ID_2":434,"NAME_2":"Dausa","NL_NAME_2":null,"VARNAME_2":null,"TYPE_2":"District","ENGTYPE_2":"District"}},{"arcs":[[-2891,4378,-4350,4379]],"type":"Polygon","properties":{"ID_0":105,"ISO":"IND","NAME_0":"India","ID_1":29,"NAME_1":"Rajasthan","ID_2":435,"NAME_2":"Dhaulpur","NL_NAME_2":null,"VARNAME_2":null,"TYPE_2":"District","ENGTYPE_2":"District"}},{"arcs":[[-4338,-1442,-1549,-1566,4380]],"type":"Polygon","properties":{"ID_0":105,"ISO":"IND","NAME_0":"India","ID_1":29,"NAME_1":"Rajasthan","ID_2":436,"NAME_2":"Dungarpur","NL_NAME_2":null,"VARNAME_2":null,"TYPE_2":"District","ENGTYPE_2":"District"}},{"arcs":[[4381,-4364,4382,-4162]],"type":"Polygon","properties":{"ID_0":105,"ISO":"IND","NAME_0":"India","ID_1":29,"NAME_1":"Rajasthan","ID_2":437,"NAME_2":"Ganganagar","NL_NAME_2":null,"VARNAME_2":"Sri Ganganagar","TYPE_2":"District","ENGTYPE_2":"District"}},{"arcs":[[4383,-1778,-1652,-1678,-1643,-4374,-4358,-4382,-4161]],"type":"Polygon","properties":{"ID_0":105,"ISO":"IND","NAME_0":"India","ID_1":29,"NAME_1":"Rajasthan","ID_2":438,"NAME_2":"Hanumangarh","NL_NAME_2":null,"VARNAME_2":null,"TYPE_2":"District","ENGTYPE_2":"District"}},{"arcs":[[-4336,-4378,4384,-4328,4385,4386,-1721]],"type":"Polygon","properties":{"ID_0":105,"ISO":"IND","NAME_0":"India","ID_1":29,"NAME_1":"Rajasthan","ID_2":439,"NAME_2":"Jaipur","NL_NAME_2":null,"VARNAME_2":"Jeipur","TYPE_2":"District","ENGTYPE_2":"District"}},{"arcs":[[-4362,4387,-4347,4388]],"type":"Polygon","properties":{"ID_0":105,"ISO":"IND","NAME_0":"India","ID_1":29,"NAME_1":"Rajasthan","ID_2":440,"NAME_2":"Jaisalmer","NL_NAME_2":null,"VARNAME_2":null,"TYPE_2":"District","ENGTYPE_2":"District"}},{"arcs":[[4389,-1422,-1506,4390,-4344,4391]],"type":"Polygon","properties":{"ID_0":105,"ISO":"IND","NAME_0":"India","ID_1":29,"NAME_1":"Rajasthan","ID_2":441,"NAME_2":"Jalor","NL_NAME_2":null,"VARNAME_2":null,"TYPE_2":"District","ENGTYPE_2":"District"}},{"arcs":[[-4340,-2812,-2906,-2970,-2911,-2883,4392]],"type":"Polygon","properties":{"ID_0":105,"ISO":"IND","NAME_0":"India","ID_1":29,"NAME_1":"Rajasthan","ID_2":442,"NAME_2":"Jhalawar","NL_NAME_2":null,"VARNAME_2":null,"TYPE_2":"District","ENGTYPE_2":"District"}},{"arcs":[[-1723,4393,-4371,-1641]],"type":"Polygon","properties":{"ID_0":105,"ISO":"IND","NAME_0":"India","ID_1":29,"NAME_1":"Rajasthan","ID_2":443,"NAME_2":"Jhunjhunun","NL_NAME_2":null,"VARNAME_2":"Jhunjhunu","TYPE_2":"District","ENGTYPE_2":"District"}},{"arcs":[[4394,4395,-4342,-4388,-4361]],"type":"Polygon","properties":{"ID_0":105,"ISO":"IND","NAME_0":"India","ID_1":29,"NAME_1":"Rajasthan","ID_2":444,"NAME_2":"Jodhpur","NL_NAME_2":null,"VARNAME_2":null,"TYPE_2":"District","ENGTYPE_2":"District"}},{"arcs":[[-4351,-4379,-2890,-2975,4396,-4375]],"type":"Polygon","properties":{"ID_0":105,"ISO":"IND","NAME_0":"India","ID_1":29,"NAME_1":"Rajasthan","ID_2":445,"NAME_2":"Karauli","NL_NAME_2":null,"VARNAME_2":null,"TYPE_2":"District","ENGTYPE_2":"District"}},{"arcs":[[-2973,-4341,-4393,-2882,-4370,-4365,4397,4398]],"type":"Polygon","properties":{"ID_0":105,"ISO":"IND","NAME_0":"India","ID_1":29,"NAME_1":"Rajasthan","ID_2":446,"NAME_2":"Kota","NL_NAME_2":null,"VARNAME_2":"Kotah","TYPE_2":"District","ENGTYPE_2":"District"}},{"arcs":[[4399,-4386,-4333,4400,-4395,-4360,-4373]],"type":"Polygon","properties":{"ID_0":105,"ISO":"IND","NAME_0":"India","ID_1":29,"NAME_1":"Rajasthan","ID_2":447,"NAME_2":"Nagaur","NL_NAME_2":null,"VARNAME_2":null,"TYPE_2":"District","ENGTYPE_2":"District"}},{"arcs":[[-4332,4401,-4327,4402,4403,4404,-4392,-4343,-4396,-4401]],"type":"Polygon","properties":{"ID_0":105,"ISO":"IND","NAME_0":"India","ID_1":29,"NAME_1":"Rajasthan","ID_2":448,"NAME_2":"Pali","NL_NAME_2":null,"VARNAME_2":null,"TYPE_2":"District","ENGTYPE_2":"District"}},{"arcs":[[-4357,-4369,4405,-4403,-4326,-4402,-4331]],"type":"Polygon","properties":{"ID_0":105,"ISO":"IND","NAME_0":"India","ID_1":29,"NAME_1":"Rajasthan","ID_2":449,"NAME_2":"Rajsamand","NL_NAME_2":null,"VARNAME_2":null,"TYPE_2":"District","ENGTYPE_2":"District"}},{"arcs":[[-2974,-4399,4406,-4376,-4397]],"type":"Polygon","properties":{"ID_0":105,"ISO":"IND","NAME_0":"India","ID_1":29,"NAME_1":"Rajasthan","ID_2":450,"NAME_2":"Sawai Madhopur","NL_NAME_2":null,"VARNAME_2":null,"TYPE_2":"District","ENGTYPE_2":"District"}},{"arcs":[[-4394,-1722,-4387,-4400,-4372]],"type":"Polygon","properties":{"ID_0":105,"ISO":"IND","NAME_0":"India","ID_1":29,"NAME_1":"Rajasthan","ID_2":451,"NAME_2":"Sikar","NL_NAME_2":null,"VARNAME_2":null,"TYPE_2":"District","ENGTYPE_2":"District"}},{"arcs":[[-4405,4407,-1567,-1410,-4390]],"type":"Polygon","properties":{"ID_0":105,"ISO":"IND","NAME_0":"India","ID_1":29,"NAME_1":"Rajasthan","ID_2":452,"NAME_2":"Sirohi","NL_NAME_2":null,"VARNAME_2":null,"TYPE_2":"District","ENGTYPE_2":"District"}},{"arcs":[[-4377,-4407,-4398,-4367,-4353,-4329,-4385]],"type":"Polygon","properties":{"ID_0":105,"ISO":"IND","NAME_0":"India","ID_1":29,"NAME_1":"Rajasthan","ID_2":453,"NAME_2":"Tonk","NL_NAME_2":null,"VARNAME_2":null,"TYPE_2":"District","ENGTYPE_2":"District"}},{"arcs":[[-4368,-4339,-4381,-1568,-4408,-4404,-4406]],"type":"Polygon","properties":{"ID_0":105,"ISO":"IND","NAME_0":"India","ID_1":29,"NAME_1":"Rajasthan","ID_2":454,"NAME_2":"Udaipur","NL_NAME_2":null,"VARNAME_2":null,"TYPE_2":"District","ENGTYPE_2":"District"}},{"arcs":[[4408,4409,4410,4411,4412,4413,4414,4415,4416,4417,4418,4419,4420,4421]],"type":"Polygon","properties":{"ID_0":105,"ISO":"IND","NAME_0":"India","ID_1":30,"NAME_1":"Sikkim","ID_2":455,"NAME_2":"East","NL_NAME_2":null,"VARNAME_2":null,"TYPE_2":"District","ENGTYPE_2":"District"}},{"arcs":[[4422,-4420,4423,-4418,4424,4425,4426,4427,4428,4429,4430,4431]],"type":"Polygon","properties":{"ID_0":105,"ISO":"IND","NAME_0":"India","ID_1":30,"NAME_1":"Sikkim","ID_2":456,"NAME_2":"North Sikkim","NL_NAME_2":null,"VARNAME_2":"North District","TYPE_2":"District","ENGTYPE_2":"District"}},{"arcs":[[-4416,4432,4433,4434,4435,4436,4437,4438,4439,4440,4441,4442,4443,4444,4445,4446,4447,4448,4449,4450,-4428,4451,-4426,4452]],"type":"Polygon","properties":{"ID_0":105,"ISO":"IND","NAME_0":"India","ID_1":30,"NAME_1":"Sikkim","ID_2":457,"NAME_2":"South Sikkim","NL_NAME_2":null,"VARNAME_2":"South District","TYPE_2":"District","ENGTYPE_2":"District"}},{"arcs":[[4453,-4447,4454,-4445,4455,4456,-4442,4457,-4440,4458,4459,-4431,4460,-4449]],"type":"Polygon","properties":{"ID_0":105,"ISO":"IND","NAME_0":"India","ID_1":30,"NAME_1":"Sikkim","ID_2":458,"NAME_2":"West Sikkim","NL_NAME_2":null,"VARNAME_2":"West District","TYPE_2":"District","ENGTYPE_2":"District"}},{"arcs":[[4461,4462,4463,4464,4465,4466,4467,4468,4469,4470,4471,4472]],"type":"Polygon","properties":{"ID_0":105,"ISO":"IND","NAME_0":"India","ID_1":31,"NAME_1":"Tamil Nadu","ID_2":459,"NAME_2":"Ariyalur","NL_NAME_2":null,"VARNAME_2":null,"TYPE_2":"District","ENGTYPE_2":"District"}},{"arcs":[[4473,4474,4475]],"type":"Polygon","properties":{"ID_0":105,"ISO":"IND","NAME_0":"India","ID_1":31,"NAME_1":"Tamil Nadu","ID_2":460,"NAME_2":"Chennai","NL_NAME_2":null,"VARNAME_2":"Madras","TYPE_2":"District","ENGTYPE_2":"District"}},{"arcs":[[4476,-2533,-2584,-2578,4477,4478]],"type":"Polygon","properties":{"ID_0":105,"ISO":"IND","NAME_0":"India","ID_1":31,"NAME_1":"Tamil Nadu","ID_2":461,"NAME_2":"Coimbatore","NL_NAME_2":null,"VARNAME_2":null,"TYPE_2":"District","ENGTYPE_2":"District"}},{"arcs":[[4479,-4004,4480,-4002,4481,4482,4483,-4473,4484,4485,4486,4487,4488,4489,4490,4491,-4006]],"type":"Polygon","properties":{"ID_0":105,"ISO":"IND","NAME_0":"India","ID_1":31,"NAME_1":"Tamil Nadu","ID_2":462,"NAME_2":"Cuddalore","NL_NAME_2":null,"VARNAME_2":null,"TYPE_2":"District","ENGTYPE_2":"District"}},{"arcs":[[-69,4492,4493,4494,4495,-2433,-2407,-2411,-2405,-2479]],"type":"Polygon","properties":{"ID_0":105,"ISO":"IND","NAME_0":"India","ID_1":31,"NAME_1":"Tamil Nadu","ID_2":463,"NAME_2":"Dharmapuri","NL_NAME_2":null,"VARNAME_2":"Dharampuri","TYPE_2":"District","ENGTYPE_2":"District"}},{"arcs":[[4496,4497,4498,-2526,-4477,4499,4500]],"type":"Polygon","properties":{"ID_0":105,"ISO":"IND","NAME_0":"India","ID_1":31,"NAME_1":"Tamil Nadu","ID_2":464,"NAME_2":"Dindigul","NL_NAME_2":null,"VARNAME_2":"Anna","TYPE_2":"District","ENGTYPE_2":"District"}},{"arcs":[[4501,4502,4503,-4500,-4479,4504,-2434]],"type":"Polygon","properties":{"ID_0":105,"ISO":"IND","NAME_0":"India","ID_1":31,"NAME_1":"Tamil Nadu","ID_2":465,"NAME_2":"Erode","NL_NAME_2":null,"VARNAME_2":"Periyar","TYPE_2":"District","ENGTYPE_2":"District"}},{"arcs":[[-4475,4505,4506,4507,4508,4509,4510,4511,4512]],"type":"Polygon","properties":{"ID_0":105,"ISO":"IND","NAME_0":"India","ID_1":31,"NAME_1":"Tamil Nadu","ID_2":466,"NAME_2":"Kancheepuram","NL_NAME_2":null,"VARNAME_2":null,"TYPE_2":"District","ENGTYPE_2":"District"}},{"arcs":[[4513,4514,4515,4516,-2582]],"type":"Polygon","properties":{"ID_0":105,"ISO":"IND","NAME_0":"India","ID_1":31,"NAME_1":"Tamil Nadu","ID_2":467,"NAME_2":"Kanniyakumari","NL_NAME_2":null,"VARNAME_2":null,"TYPE_2":"District","ENGTYPE_2":"District"}},{"arcs":[[4517,-4501,-4504,4518]],"type":"Polygon","properties":{"ID_0":105,"ISO":"IND","NAME_0":"India","ID_1":31,"NAME_1":"Tamil Nadu","ID_2":468,"NAME_2":"Karur","NL_NAME_2":null,"VARNAME_2":null,"TYPE_2":"District","ENGTYPE_2":"District"}},{"arcs":[[4519,4520,4521,-4498,4522]],"type":"Polygon","properties":{"ID_0":105,"ISO":"IND","NAME_0":"India","ID_1":31,"NAME_1":"Tamil Nadu","ID_2":469,"NAME_2":"Madurai","NL_NAME_2":null,"VARNAME_2":"Madura, Mathurai","TYPE_2":"District","ENGTYPE_2":"District"}},{"arcs":[[[4523,4524,4525,4526,-3993]],[[4527,-3996,4528,4529,4530,-4483]]],"type":"MultiPolygon","properties":{"ID_0":105,"ISO":"IND","NAME_0":"India","ID_1":31,"NAME_1":"Tamil Nadu","ID_2":470,"NAME_2":"Nagapattinam","NL_NAME_2":null,"VARNAME_2":null,"TYPE_2":"District","ENGTYPE_2":"District"}},{"arcs":[[4531,-4519,-4503,4532]],"type":"Polygon","properties":{"ID_0":105,"ISO":"IND","NAME_0":"India","ID_1":31,"NAME_1":"Tamil Nadu","ID_2":471,"NAME_2":"Namakkal","NL_NAME_2":null,"VARNAME_2":null,"TYPE_2":"District","ENGTYPE_2":"District"}},{"arcs":[[-4505,-4478,-2577,-2575,-2586,-2435]],"type":"Polygon","properties":{"ID_0":105,"ISO":"IND","NAME_0":"India","ID_1":31,"NAME_1":"Tamil Nadu","ID_2":472,"NAME_2":"Nilgiris","NL_NAME_2":null,"VARNAME_2":"Nilgiri","TYPE_2":"District","ENGTYPE_2":"District"}},{"arcs":[[-4490,4533,-4488,4534,4535,-4485,-4472,4536,4537,-4469,4538,-4467,4539,-4465,4540,4541,4542,4543,4544,4545,4546,4547,4548,4549,4550,4551,4552,4553,4554,4555,4556,4557,4558,4559,4560,4561]],"type":"Polygon","properties":{"ID_0":105,"ISO":"IND","NAME_0":"India","ID_1":31,"NAME_1":"Tamil Nadu","ID_2":473,"NAME_2":"Perambalur","NL_NAME_2":null,"VARNAME_2":null,"TYPE_2":"District","ENGTYPE_2":"District"}},{"arcs":[[4562,4563,4564,4565,4566]],"type":"Polygon","properties":{"ID_0":105,"ISO":"IND","NAME_0":"India","ID_1":31,"NAME_1":"Tamil Nadu","ID_2":474,"NAME_2":"Pudukkottai","NL_NAME_2":null,"VARNAME_2":"Pudukottai","TYPE_2":"District","ENGTYPE_2":"District"}},{"arcs":[[[4567,4568,4569,4570,4571,4572,-4565,4573]],[[4574]]],"type":"MultiPolygon","properties":{"ID_0":105,"ISO":"IND","NAME_0":"India","ID_1":31,"NAME_1":"Tamil Nadu","ID_2":475,"NAME_2":"Ramanathapuram","NL_NAME_2":null,"VARNAME_2":"Ramananthapuram, Rameswaram, Ramnad","TYPE_2":"District","ENGTYPE_2":"District"}},{"arcs":[[4575,-4560,4576,-4558,4577,-4556,4578,-4554,4579,4580,-4533,-4502,-4496]],"type":"Polygon","properties":{"ID_0":105,"ISO":"IND","NAME_0":"India","ID_1":31,"NAME_1":"Tamil Nadu","ID_2":476,"NAME_2":"Salem","NL_NAME_2":null,"VARNAME_2":null,"TYPE_2":"District","ENGTYPE_2":"District"}},{"arcs":[[-4566,-4573,4581,-4520,4582]],"type":"Polygon","properties":{"ID_0":105,"ISO":"IND","NAME_0":"India","ID_1":31,"NAME_1":"Tamil Nadu","ID_2":477,"NAME_2":"Sivaganga","NL_NAME_2":null,"VARNAME_2":"Pasumpon Muthuramalinga","TYPE_2":"District","ENGTYPE_2":"District"}},{"arcs":[[4583,-4563,4584,-4462,-4484,-4531,4585,4586,4587]],"type":"Polygon","properties":{"ID_0":105,"ISO":"IND","NAME_0":"India","ID_1":31,"NAME_1":"Tamil Nadu","ID_2":478,"NAME_2":"Thanjavur","NL_NAME_2":null,"VARNAME_2":"Tanjore","TYPE_2":"District","ENGTYPE_2":"District"}},{"arcs":[[-4522,4588,-2527,-4499]],"type":"Polygon","properties":{"ID_0":105,"ISO":"IND","NAME_0":"India","ID_1":31,"NAME_1":"Tamil Nadu","ID_2":479,"NAME_2":"Theni","NL_NAME_2":null,"VARNAME_2":null,"TYPE_2":"District","ENGTYPE_2":"District"}},{"arcs":[[4589,-4476,-4513,4590,-67,-144]],"type":"Polygon","properties":{"ID_0":105,"ISO":"IND","NAME_0":"India","ID_1":31,"NAME_1":"Tamil Nadu","ID_2":480,"NAME_2":"Thiruvallur","NL_NAME_2":null,"VARNAME_2":null,"TYPE_2":"District","ENGTYPE_2":"District"}},{"arcs":[[4591,-3994,-4527,4592,4593,4594,-4588,4595,-4586,-4530]],"type":"Polygon","properties":{"ID_0":105,"ISO":"IND","NAME_0":"India","ID_1":31,"NAME_1":"Tamil Nadu","ID_2":481,"NAME_2":"Thiruvarur","NL_NAME_2":null,"VARNAME_2":null,"TYPE_2":"District","ENGTYPE_2":"District"}},{"arcs":[[4596,4597,4598,-4570,4599,-4568,4600,4601,4602,4603,4604,4605,4606,4607,4608]],"type":"Polygon","properties":{"ID_0":105,"ISO":"IND","NAME_0":"India","ID_1":31,"NAME_1":"Tamil Nadu","ID_2":482,"NAME_2":"Thoothukudi","NL_NAME_2":null,"VARNAME_2":"Chidambaranar","TYPE_2":"District","ENGTYPE_2":"District"}},{"arcs":[[4609,-4552,4610,-4550,4611,-4548,4612,-4546,4613,-4544,4614,-4542,4615,-4463,-4585,-4567,-4583,-4523,-4497,-4518,-4532,-4581]],"type":"Polygon","properties":{"ID_0":105,"ISO":"IND","NAME_0":"India","ID_1":31,"NAME_1":"Tamil Nadu","ID_2":483,"NAME_2":"Tiruchchirappalli","NL_NAME_2":null,"VARNAME_2":null,"TYPE_2":"District","ENGTYPE_2":"District"}},{"arcs":[[4616,-4516,4617,-4514,-2581,-2550,-2579,-2529,4618,-4606,4619,-4604,4620,-4602]],"type":"Polygon","properties":{"ID_0":105,"ISO":"IND","NAME_0":"India","ID_1":31,"NAME_1":"Tamil Nadu","ID_2":484,"NAME_2":"Tirunelveli Kattabo","NL_NAME_2":null,"VARNAME_2":null,"TYPE_2":"District","ENGTYPE_2":"District"}},{"arcs":[[-4511,4621,4622,-4494,4623]],"type":"Polygon","properties":{"ID_0":105,"ISO":"IND","NAME_0":"India","ID_1":31,"NAME_1":"Tamil Nadu","ID_2":485,"NAME_2":"Tiruvannamalai","NL_NAME_2":null,"VARNAME_2":null,"TYPE_2":"District","ENGTYPE_2":"District"}},{"arcs":[[-4512,-4624,-4493,-68,-4591]],"type":"Polygon","properties":{"ID_0":105,"ISO":"IND","NAME_0":"India","ID_1":31,"NAME_1":"Tamil Nadu","ID_2":486,"NAME_2":"Vellore","NL_NAME_2":null,"VARNAME_2":"North Arcot","TYPE_2":"District","ENGTYPE_2":"District"}},{"arcs":[[4624,-4509,4625,-4507,4626,-4018,4627,-4016,4628,4629,-4013,4630,-4011,4631,-4009,4632,-4007,-4492,4633,-4561,-4576,-4495,-4623]],"type":"Polygon","properties":{"ID_0":105,"ISO":"IND","NAME_0":"India","ID_1":31,"NAME_1":"Tamil Nadu","ID_2":487,"NAME_2":"Villupuram","NL_NAME_2":null,"VARNAME_2":null,"TYPE_2":"District","ENGTYPE_2":"District"}},{"arcs":[[-4582,-4572,4634,-4598,4635,-4609,4636,-4607,-4619,-2528,-4589,-4521]],"type":"Polygon","properties":{"ID_0":105,"ISO":"IND","NAME_0":"India","ID_1":31,"NAME_1":"Tamil Nadu","ID_2":488,"NAME_2":"Virudhunagar","NL_NAME_2":null,"VARNAME_2":"Kamarajar","TYPE_2":"District","ENGTYPE_2":"District"}},{"arcs":[[4637,4638,4639,4640,4641]],"type":"Polygon","properties":{"ID_0":105,"ISO":"IND","NAME_0":"India","ID_1":32,"NAME_1":"Tripura","ID_2":489,"NAME_2":"Dhalai","NL_NAME_2":null,"VARNAME_2":null,"TYPE_2":"District","ENGTYPE_2":"District"}},{"arcs":[[-461,4642,4643,-3293,4644,-3291,4645,-4638,4646]],"type":"Polygon","properties":{"ID_0":105,"ISO":"IND","NAME_0":"India","ID_1":32,"NAME_1":"Tripura","ID_2":490,"NAME_2":"North Tripura","NL_NAME_2":null,"VARNAME_2":null,"TYPE_2":"District","ENGTYPE_2":"District"}},{"arcs":[[-4640,4647,4648]],"type":"Polygon","properties":{"ID_0":105,"ISO":"IND","NAME_0":"India","ID_1":32,"NAME_1":"Tripura","ID_2":491,"NAME_2":"South Tripura","NL_NAME_2":null,"VARNAME_2":null,"TYPE_2":"District","ENGTYPE_2":"District"}},{"arcs":[[-4641,-4649,4649]],"type":"Polygon","properties":{"ID_0":105,"ISO":"IND","NAME_0":"India","ID_1":32,"NAME_1":"Tripura","ID_2":492,"NAME_2":"West Tripura","NL_NAME_2":null,"VARNAME_2":null,"TYPE_2":"District","ENGTYPE_2":"District"}},{"arcs":[[4650,4651,4652,4653,4654,-2655,-2892,-4380,-4349,4655,4656,4657]],"type":"Polygon","properties":{"ID_0":105,"ISO":"IND","NAME_0":"India","ID_1":33,"NAME_1":"Uttar Pradesh","ID_2":493,"NAME_2":"Agra","NL_NAME_2":null,"VARNAME_2":null,"TYPE_2":"District","ENGTYPE_2":"District"}},{"arcs":[[4658,4659,4660,4661,4662,4663,4664,4665,4666,4667,4668,4669,4670,4671,4672,4673,-1645,4674,4675]],"type":"Polygon","properties":{"ID_0":105,"ISO":"IND","NAME_0":"India","ID_1":33,"NAME_1":"Uttar Pradesh","ID_2":494,"NAME_2":"Aligarh","NL_NAME_2":null,"VARNAME_2":null,"TYPE_2":"District","ENGTYPE_2":"District"}},{"arcs":[[4676,4677,4678,4679,4680,4681,-2916,4682,4683,4684]],"type":"Polygon","properties":{"ID_0":105,"ISO":"IND","NAME_0":"India","ID_1":33,"NAME_1":"Uttar Pradesh","ID_2":495,"NAME_2":"Allahabad","NL_NAME_2":null,"VARNAME_2":null,"TYPE_2":"District","ENGTYPE_2":"District"}},{"arcs":[[4685,4686,4687,4688,4689,4690,4691,4692]],"type":"Polygon","properties":{"ID_0":105,"ISO":"IND","NAME_0":"India","ID_1":33,"NAME_1":"Uttar Pradesh","ID_2":496,"NAME_2":"Ambedkar Nagar","NL_NAME_2":null,"VARNAME_2":null,"TYPE_2":"District","ENGTYPE_2":"District"}},{"arcs":[[4693,4694,-2649,4695,4696]],"type":"Polygon","properties":{"ID_0":105,"ISO":"IND","NAME_0":"India","ID_1":33,"NAME_1":"Uttar Pradesh","ID_2":497,"NAME_2":"Auraiya","NL_NAME_2":null,"VARNAME_2":null,"TYPE_2":"District","ENGTYPE_2":"District"}},{"arcs":[[4697,4698,4699,4700,4701,-4690]],"type":"Polygon","properties":{"ID_0":105,"ISO":"IND","NAME_0":"India","ID_1":33,"NAME_1":"Uttar Pradesh","ID_2":498,"NAME_2":"Azamgarh","NL_NAME_2":null,"VARNAME_2":null,"TYPE_2":"District","ENGTYPE_2":"District"}},{"arcs":[[4702,4703,4704,4705,4706,-4659,4707,4708,4709]],"type":"Polygon","properties":{"ID_0":105,"ISO":"IND","NAME_0":"India","ID_1":33,"NAME_1":"Uttar Pradesh","ID_2":499,"NAME_2":"Badaun","NL_NAME_2":null,"VARNAME_2":null,"TYPE_2":"District","ENGTYPE_2":"District"}},{"arcs":[[4710,4711,4712,4713,4714,4715,4716,4717,4718,4719,4720,4721,4722,-1356,4723,-1801,4724,-1799,4725,-1797,4726,-1795,4727,-1748,4728,4729,4730,4731,4732,4733,4734]],"type":"Polygon","properties":{"ID_0":105,"ISO":"IND","NAME_0":"India","ID_1":33,"NAME_1":"Uttar Pradesh","ID_2":500,"NAME_2":"Baghpat","NL_NAME_2":null,"VARNAME_2":null,"TYPE_2":"District","ENGTYPE_2":"District"}},{"arcs":[[[4735,4736,4737]],[[4738,4739,4740,4741,4742,4743,4744,4745,4746,4747,4748,4749,4750,4751,4752]]],"type":"MultiPolygon","properties":{"ID_0":105,"ISO":"IND","NAME_0":"India","ID_1":33,"NAME_1":"Uttar Pradesh","ID_2":501,"NAME_2":"Bahraich","NL_NAME_2":null,"VARNAME_2":null,"TYPE_2":"District","ENGTYPE_2":"District"}},{"arcs":[[4753,-1022,4754,-1020,4755,-1018,4756,-1016,4757,-990,4758,-988,4759,-986,4760,-984,4761,-647,4762,-645,4763,-643,4764,-641,4765,-658,4766,-656,4767,-654,4768,-652,4769,-650,4770,4771,4772]],"type":"Polygon","properties":{"ID_0":105,"ISO":"IND","NAME_0":"India","ID_1":33,"NAME_1":"Uttar Pradesh","ID_2":502,"NAME_2":"Ballia","NL_NAME_2":null,"VARNAME_2":"Balia","TYPE_2":"District","ENGTYPE_2":"District"}},{"arcs":[[4773,4774,4775,4776,4777,4778,4779,4780,4781,4782,4783,4784,4785,4786,4787,4788,4789]],"type":"Polygon","properties":{"ID_0":105,"ISO":"IND","NAME_0":"India","ID_1":33,"NAME_1":"Uttar Pradesh","ID_2":503,"NAME_2":"Balrampur","NL_NAME_2":null,"VARNAME_2":null,"TYPE_2":"District","ENGTYPE_2":"District"}},{"arcs":[[4790,-2924,-2900,-2709,4791,4792,4793]],"type":"Polygon","properties":{"ID_0":105,"ISO":"IND","NAME_0":"India","ID_1":33,"NAME_1":"Uttar Pradesh","ID_2":504,"NAME_2":"Banda","NL_NAME_2":null,"VARNAME_2":null,"TYPE_2":"District","ENGTYPE_2":"District"}},{"arcs":[[-4749,4794,4795,4796,4797,4798,4799]],"type":"Polygon","properties":{"ID_0":105,"ISO":"IND","NAME_0":"India","ID_1":33,"NAME_1":"Uttar Pradesh","ID_2":505,"NAME_2":"Bara Banki","NL_NAME_2":null,"VARNAME_2":null,"TYPE_2":"District","ENGTYPE_2":"District"}},{"arcs":[[4800,4801,-4704,4802,4803]],"type":"Polygon","properties":{"ID_0":105,"ISO":"IND","NAME_0":"India","ID_1":33,"NAME_1":"Uttar Pradesh","ID_2":506,"NAME_2":"Bareilly","NL_NAME_2":null,"VARNAME_2":"Bareilley","TYPE_2":"District","ENGTYPE_2":"District"}},{"arcs":[[4804,4805,-4693,4806,4807,4808]],"type":"Polygon","properties":{"ID_0":105,"ISO":"IND","NAME_0":"India","ID_1":33,"NAME_1":"Uttar Pradesh","ID_2":507,"NAME_2":"Basti","NL_NAME_2":null,"VARNAME_2":null,"TYPE_2":"District","ENGTYPE_2":"District"}},{"arcs":[[4809,4810,4811,4812,4813,4814,4815,4816]],"type":"Polygon","properties":{"ID_0":105,"ISO":"IND","NAME_0":"India","ID_1":33,"NAME_1":"Uttar Pradesh","ID_2":508,"NAME_2":"Bijnor","NL_NAME_2":null,"VARNAME_2":"Bijnar|Bijnore","TYPE_2":"District","ENGTYPE_2":"District"}},{"arcs":[[4817,-4708,-4676,4818,4819]],"type":"Polygon","properties":{"ID_0":105,"ISO":"IND","NAME_0":"India","ID_1":33,"NAME_1":"Uttar Pradesh","ID_2":509,"NAME_2":"Bulandshahr","NL_NAME_2":null,"VARNAME_2":"Bulandshahar, Buland Sahar","TYPE_2":"District","ENGTYPE_2":"District"}},{"arcs":[[4820,-600,4821,4822,-597,4823,-595,4824,-593,4825,4826,4827,4828,4829,4830,4831,4832]],"type":"Polygon","properties":{"ID_0":105,"ISO":"IND","NAME_0":"India","ID_1":33,"NAME_1":"Uttar Pradesh","ID_2":510,"NAME_2":"Chandauli","NL_NAME_2":null,"VARNAME_2":null,"TYPE_2":"District","ENGTYPE_2":"District"}},{"arcs":[[4833,-4683,-2915,-2925,-4791,4834]],"type":"Polygon","properties":{"ID_0":105,"ISO":"IND","NAME_0":"India","ID_1":33,"NAME_1":"Uttar Pradesh","ID_2":511,"NAME_2":"Chitrakoot","NL_NAME_2":null,"VARNAME_2":null,"TYPE_2":"District","ENGTYPE_2":"District"}},{"arcs":[[-712,4835,-710,4836,-708,-1028,4837,-1026,4838,-1024,4839,-4773,4840,4841,4842]],"type":"Polygon","properties":{"ID_0":105,"ISO":"IND","NAME_0":"India","ID_1":33,"NAME_1":"Uttar Pradesh","ID_2":512,"NAME_2":"Deoria","NL_NAME_2":null,"VARNAME_2":null,"TYPE_2":"District","ENGTYPE_2":"District"}},{"arcs":[[4843,4844,4845,4846,4847,4848,4849,4850,-4660,-4707]],"type":"Polygon","properties":{"ID_0":105,"ISO":"IND","NAME_0":"India","ID_1":33,"NAME_1":"Uttar Pradesh","ID_2":513,"NAME_2":"Etah","NL_NAME_2":null,"VARNAME_2":null,"TYPE_2":"District","ENGTYPE_2":"District"}},{"arcs":[[4851,-4696,-2648,-4655,4852,4853]],"type":"Polygon","properties":{"ID_0":105,"ISO":"IND","NAME_0":"India","ID_1":33,"NAME_1":"Uttar Pradesh","ID_2":514,"NAME_2":"Etawah","NL_NAME_2":null,"VARNAME_2":null,"TYPE_2":"District","ENGTYPE_2":"District"}},{"arcs":[[-4807,-4692,4854,-4796,4855]],"type":"Polygon","properties":{"ID_0":105,"ISO":"IND","NAME_0":"India","ID_1":33,"NAME_1":"Uttar Pradesh","ID_2":515,"NAME_2":"Faizabad","NL_NAME_2":null,"VARNAME_2":"Fyzabad","TYPE_2":"District","ENGTYPE_2":"District"}},{"arcs":[[4856,4857,4858,4859,-4844,-4706]],"type":"Polygon","properties":{"ID_0":105,"ISO":"IND","NAME_0":"India","ID_1":33,"NAME_1":"Uttar Pradesh","ID_2":516,"NAME_2":"Farrukhabad","NL_NAME_2":null,"VARNAME_2":"Farrukahabad, Ferrukhabad","TYPE_2":"District","ENGTYPE_2":"District"}},{"arcs":[[4860,4861,-4835,-4794,4862,4863,4864,4865,4866]],"type":"Polygon","properties":{"ID_0":105,"ISO":"IND","NAME_0":"India","ID_1":33,"NAME_1":"Uttar Pradesh","ID_2":517,"NAME_2":"Fatehpur","NL_NAME_2":null,"VARNAME_2":null,"TYPE_2":"District","ENGTYPE_2":"District"}},{"arcs":[[4867,-4853,-4654,4868,4869,4870,4871,4872,4873,4874,4875,4876,-4846]],"type":"Polygon","properties":{"ID_0":105,"ISO":"IND","NAME_0":"India","ID_1":33,"NAME_1":"Uttar Pradesh","ID_2":518,"NAME_2":"Firozabad","NL_NAME_2":null,"VARNAME_2":null,"TYPE_2":"District","ENGTYPE_2":"District"}},{"arcs":[[-4819,-4675,-1649,4877,-1329,4878,-1327,4879,-1325,4880]],"type":"Polygon","properties":{"ID_0":105,"ISO":"IND","NAME_0":"India","ID_1":33,"NAME_1":"Uttar Pradesh","ID_2":519,"NAME_2":"Gautam Buddha Nagar","NL_NAME_2":null,"VARNAME_2":null,"TYPE_2":"District","ENGTYPE_2":"District"}},{"arcs":[[4881,-4820,-4881,-1324,4882,-4722,4883,-4720,4884,-4718,4885,-4716,4886,-4714,4887,4888]],"type":"Polygon","properties":{"ID_0":105,"ISO":"IND","NAME_0":"India","ID_1":33,"NAME_1":"Uttar Pradesh","ID_2":520,"NAME_2":"Ghaziabad","NL_NAME_2":null,"VARNAME_2":null,"TYPE_2":"District","ENGTYPE_2":"District"}},{"arcs":[[-4771,-668,4889,-666,4890,-664,4891,4892,-661,-602,4893,-4833,4894,4895,4896,4897,4898,-4700,4899]],"type":"Polygon","properties":{"ID_0":105,"ISO":"IND","NAME_0":"India","ID_1":33,"NAME_1":"Uttar Pradesh","ID_2":521,"NAME_2":"Ghazipur","NL_NAME_2":null,"VARNAME_2":"Gajipur","TYPE_2":"District","ENGTYPE_2":"District"}},{"arcs":[[-4788,4900,-4786,4901,-4784,4902,4903,-4781,4904,-4808,-4856,-4795,-4748,4905,4906,4907,4908,4909]],"type":"Polygon","properties":{"ID_0":105,"ISO":"IND","NAME_0":"India","ID_1":33,"NAME_1":"Uttar Pradesh","ID_2":522,"NAME_2":"Gonda","NL_NAME_2":null,"VARNAME_2":null,"TYPE_2":"District","ENGTYPE_2":"District"}},{"arcs":[[4910,-4842,4911,-4698,-4689,4912,4913,4914,4915,4916,4917,4918,4919,4920]],"type":"Polygon","properties":{"ID_0":105,"ISO":"IND","NAME_0":"India","ID_1":33,"NAME_1":"Uttar Pradesh","ID_2":523,"NAME_2":"Gorakhpur","NL_NAME_2":null,"VARNAME_2":"Goruckpur","TYPE_2":"District","ENGTYPE_2":"District"}},{"arcs":[[-4863,-4793,4921,4922,4923,4924]],"type":"Polygon","properties":{"ID_0":105,"ISO":"IND","NAME_0":"India","ID_1":33,"NAME_1":"Uttar Pradesh","ID_2":524,"NAME_2":"Hamirpur","NL_NAME_2":null,"VARNAME_2":null,"TYPE_2":"District","ENGTYPE_2":"District"}},{"arcs":[[4925,4926,4927,4928,4929,-4858,4930,4931]],"type":"Polygon","properties":{"ID_0":105,"ISO":"IND","NAME_0":"India","ID_1":33,"NAME_1":"Uttar Pradesh","ID_2":525,"NAME_2":"Hardoi","NL_NAME_2":null,"VARNAME_2":null,"TYPE_2":"District","ENGTYPE_2":"District"}},{"arcs":[[-4851,4932,4933,-4848,4934,-4876,4935,-4874,4936,-4872,4937,-4651,4938,4939,4940,4941,-4673,4942,-4671,4943,-4669,4944,-4667,4945,-4665,4946,4947,4948,-4661]],"type":"Polygon","properties":{"ID_0":105,"ISO":"IND","NAME_0":"India","ID_1":33,"NAME_1":"Uttar Pradesh","ID_2":526,"NAME_2":"Hathras","NL_NAME_2":null,"VARNAME_2":null,"TYPE_2":"District","ENGTYPE_2":"District"}},{"arcs":[[4949,-4924,4950,-2650,-4695]],"type":"Polygon","properties":{"ID_0":105,"ISO":"IND","NAME_0":"India","ID_1":33,"NAME_1":"Uttar Pradesh","ID_2":527,"NAME_2":"Jalaun","NL_NAME_2":null,"VARNAME_2":null,"TYPE_2":"District","ENGTYPE_2":"District"}},{"arcs":[[-4701,-4899,4951,4952,4953,4954,4955,4956,4957,-4677,4958,4959]],"type":"Polygon","properties":{"ID_0":105,"ISO":"IND","NAME_0":"India","ID_1":33,"NAME_1":"Uttar Pradesh","ID_2":528,"NAME_2":"Jaunpur","NL_NAME_2":null,"VARNAME_2":"Jaupur","TYPE_2":"District","ENGTYPE_2":"District"}},{"arcs":[[-4923,4960,-2707,-2982,4961,-2976,-2720,-2651,-4951]],"type":"Polygon","properties":{"ID_0":105,"ISO":"IND","NAME_0":"India","ID_1":33,"NAME_1":"Uttar Pradesh","ID_2":529,"NAME_2":"Jhansi","NL_NAME_2":null,"VARNAME_2":null,"TYPE_2":"District","ENGTYPE_2":"District"}},{"arcs":[[4962,-4709,-4818,-4882,4963,-4813]],"type":"Polygon","properties":{"ID_0":105,"ISO":"IND","NAME_0":"India","ID_1":33,"NAME_1":"Uttar Pradesh","ID_2":530,"NAME_2":"Jyotiba Phule Nagar","NL_NAME_2":null,"VARNAME_2":null,"TYPE_2":"District","ENGTYPE_2":"District"}},{"arcs":[[-4930,4964,-4697,-4852,4965,-4859]],"type":"Polygon","properties":{"ID_0":105,"ISO":"IND","NAME_0":"India","ID_1":33,"NAME_1":"Uttar Pradesh","ID_2":531,"NAME_2":"Kannauj","NL_NAME_2":null,"VARNAME_2":null,"TYPE_2":"District","ENGTYPE_2":"District"}},{"arcs":[[-4929,4966,4967,4968,4969,4970,-4864,-4925,-4950,-4694,-4965]],"type":"Polygon","properties":{"ID_0":105,"ISO":"IND","NAME_0":"India","ID_1":33,"NAME_1":"Uttar Pradesh","ID_2":532,"NAME_2":"Kanpur Dehat","NL_NAME_2":null,"VARNAME_2":"Kanpur Rural","TYPE_2":"District","ENGTYPE_2":"District"}},{"arcs":[[4971,4972,4973,4974,4975,-4866,4976,-4970,4977,-4968]],"type":"Polygon","properties":{"ID_0":105,"ISO":"IND","NAME_0":"India","ID_1":33,"NAME_1":"Uttar Pradesh","ID_2":533,"NAME_2":"Kanpur","NL_NAME_2":null,"VARNAME_2":"Kanpur Nagar","TYPE_2":"District","ENGTYPE_2":"District"}},{"arcs":[[-4684,-4834,-4862,4978]],"type":"Polygon","properties":{"ID_0":105,"ISO":"IND","NAME_0":"India","ID_1":33,"NAME_1":"Uttar Pradesh","ID_2":534,"NAME_2":"Kaushambi","NL_NAME_2":null,"VARNAME_2":null,"TYPE_2":"District","ENGTYPE_2":"District"}},{"arcs":[[4979,-891,4980,-889,4981,-887,4982,-885,4983,-883,4984,-881,4985,-879,4986,-877,4987,-875,4988,-873,4989,-871,-717,4990,-715,4991,-713,-4843,-4911,4992,4993,4994,4995,4996,4997,4998,4999,5000,5001]],"type":"Polygon","properties":{"ID_0":105,"ISO":"IND","NAME_0":"India","ID_1":33,"NAME_1":"Uttar Pradesh","ID_2":535,"NAME_2":"Kushinagar","NL_NAME_2":null,"VARNAME_2":null,"TYPE_2":"District","ENGTYPE_2":"District"}},{"arcs":[[-4752,5002,5003,-4932,5004,5005,5006,5007]],"type":"Polygon","properties":{"ID_0":105,"ISO":"IND","NAME_0":"India","ID_1":33,"NAME_1":"Uttar Pradesh","ID_2":536,"NAME_2":"Lakhimpur Kheri","NL_NAME_2":null,"VARNAME_2":"Kheri","TYPE_2":"District","ENGTYPE_2":"District"}},{"arcs":[[-2705,-2918,-2609,-2977,-4962,-2981]],"type":"Polygon","properties":{"ID_0":105,"ISO":"IND","NAME_0":"India","ID_1":33,"NAME_1":"Uttar Pradesh","ID_2":537,"NAME_2":"Lalitpur","NL_NAME_2":null,"VARNAME_2":null,"TYPE_2":"District","ENGTYPE_2":"District"}},{"arcs":[[5008,5009,-4927,5010,-4799]],"type":"Polygon","properties":{"ID_0":105,"ISO":"IND","NAME_0":"India","ID_1":33,"NAME_1":"Uttar Pradesh","ID_2":538,"NAME_2":"Lucknow","NL_NAME_2":null,"VARNAME_2":null,"TYPE_2":"District","ENGTYPE_2":"District"}},{"arcs":[[-893,5011,-5002,5012,-5000,5013,-4998,5014,5015,-4995,5016,-4993,-4921,5017,5018,5019,5020]],"type":"Polygon","properties":{"ID_0":105,"ISO":"IND","NAME_0":"India","ID_1":33,"NAME_1":"Uttar Pradesh","ID_2":539,"NAME_2":"Maharajganj","NL_NAME_2":null,"VARNAME_2":null,"TYPE_2":"District","ENGTYPE_2":"District"}},{"arcs":[[-4792,-2708,-4961,-4922]],"type":"Polygon","properties":{"ID_0":105,"ISO":"IND","NAME_0":"India","ID_1":33,"NAME_1":"Uttar Pradesh","ID_2":540,"NAME_2":"Mahoba","NL_NAME_2":null,"VARNAME_2":null,"TYPE_2":"District","ENGTYPE_2":"District"}},{"arcs":[[-4860,-4966,-4854,-4868,-4845]],"type":"Polygon","properties":{"ID_0":105,"ISO":"IND","NAME_0":"India","ID_1":33,"NAME_1":"Uttar Pradesh","ID_2":541,"NAME_2":"Mainpuri","NL_NAME_2":null,"VARNAME_2":null,"TYPE_2":"District","ENGTYPE_2":"District"}},{"arcs":[[[-4942,5021,-4940,5022,-4658,5023,-4656,-4348,-1668,-1646,-4674]],[[5024,-4652,5025,-4870]]],"type":"MultiPolygon","properties":{"ID_0":105,"ISO":"IND","NAME_0":"India","ID_1":33,"NAME_1":"Uttar Pradesh","ID_2":542,"NAME_2":"Mathura","NL_NAME_2":null,"VARNAME_2":"Muttra","TYPE_2":"District","ENGTYPE_2":"District"}},{"arcs":[[-4841,-4772,-4900,-4699,-4912]],"type":"Polygon","properties":{"ID_0":105,"ISO":"IND","NAME_0":"India","ID_1":33,"NAME_1":"Uttar Pradesh","ID_2":543,"NAME_2":"Mau","NL_NAME_2":null,"VARNAME_2":null,"TYPE_2":"District","ENGTYPE_2":"District"}},{"arcs":[[-4814,-4964,-4889,5026,-4712,5027,5028]],"type":"Polygon","properties":{"ID_0":105,"ISO":"IND","NAME_0":"India","ID_1":33,"NAME_1":"Uttar Pradesh","ID_2":544,"NAME_2":"Meerut","NL_NAME_2":null,"VARNAME_2":null,"TYPE_2":"District","ENGTYPE_2":"District"}},{"arcs":[[5029,5030,-4828,5031,-2980,-2912,-4682,5032,5033]],"type":"Polygon","properties":{"ID_0":105,"ISO":"IND","NAME_0":"India","ID_1":33,"NAME_1":"Uttar Pradesh","ID_2":545,"NAME_2":"Mirzapur","NL_NAME_2":null,"VARNAME_2":null,"TYPE_2":"District","ENGTYPE_2":"District"}},{"arcs":[[5034,5035,-4710,-4963,-4812]],"type":"Polygon","properties":{"ID_0":105,"ISO":"IND","NAME_0":"India","ID_1":33,"NAME_1":"Uttar Pradesh","ID_2":546,"NAME_2":"Moradabad","NL_NAME_2":null,"VARNAME_2":null,"TYPE_2":"District","ENGTYPE_2":"District"}},{"arcs":[[-4815,-5029,-4735,5036,-4733,5037,-4731,5038,-4729,-1747,5039,-1745,-1706,5040,5041]],"type":"Polygon","properties":{"ID_0":105,"ISO":"IND","NAME_0":"India","ID_1":33,"NAME_1":"Uttar Pradesh","ID_2":547,"NAME_2":"Muzaffarnagar","NL_NAME_2":null,"VARNAME_2":null,"TYPE_2":"District","ENGTYPE_2":"District"}},{"arcs":[[5042,5043,5044,-5007,5045,5046,5047,5048,-4801,5049]],"type":"Polygon","properties":{"ID_0":105,"ISO":"IND","NAME_0":"India","ID_1":33,"NAME_1":"Uttar Pradesh","ID_2":548,"NAME_2":"Pilibhit","NL_NAME_2":null,"VARNAME_2":null,"TYPE_2":"District","ENGTYPE_2":"District"}},{"arcs":[[-4959,-4685,-4979,5050,5051]],"type":"Polygon","properties":{"ID_0":105,"ISO":"IND","NAME_0":"India","ID_1":33,"NAME_1":"Uttar Pradesh","ID_2":549,"NAME_2":"Pratapgarh","NL_NAME_2":null,"VARNAME_2":"Bela cum Pratapgarh, Partabgarh, Partapgarh","TYPE_2":"District","ENGTYPE_2":"District"}},{"arcs":[[5052,-5051,-4861,5053,-5009,-4798]],"type":"Polygon","properties":{"ID_0":105,"ISO":"IND","NAME_0":"India","ID_1":33,"NAME_1":"Uttar Pradesh","ID_2":550,"NAME_2":"Rae Bareli","NL_NAME_2":null,"VARNAME_2":"Rai Bareli, Rai Bareilly","TYPE_2":"District","ENGTYPE_2":"District"}},{"arcs":[[-4803,-4703,-5036,5054]],"type":"Polygon","properties":{"ID_0":105,"ISO":"IND","NAME_0":"India","ID_1":33,"NAME_1":"Uttar Pradesh","ID_2":551,"NAME_2":"Rampur","NL_NAME_2":null,"VARNAME_2":null,"TYPE_2":"District","ENGTYPE_2":"District"}},{"arcs":[[5055,-5041,-1705,-1717,5056,-1817,5057,-1815,5058,-1813,-1934,5059]],"type":"Polygon","properties":{"ID_0":105,"ISO":"IND","NAME_0":"India","ID_1":33,"NAME_1":"Uttar Pradesh","ID_2":552,"NAME_2":"Saharanpur","NL_NAME_2":null,"VARNAME_2":null,"TYPE_2":"District","ENGTYPE_2":"District"}},{"arcs":[[-5019,5060,-4919,5061,5062,-4916,5063,-4914,5064,5065,-4686,-4806,5066,5067,5068,5069,5070]],"type":"Polygon","properties":{"ID_0":105,"ISO":"IND","NAME_0":"India","ID_1":33,"NAME_1":"Uttar Pradesh","ID_2":553,"NAME_2":"Sant Kabir Nagar","NL_NAME_2":null,"VARNAME_2":null,"TYPE_2":"District","ENGTYPE_2":"District"}},{"arcs":[[5071,5072,-5034,5073,-4680,5074,-4678,-4958]],"type":"Polygon","properties":{"ID_0":105,"ISO":"IND","NAME_0":"India","ID_1":33,"NAME_1":"Uttar Pradesh","ID_2":554,"NAME_2":"Sant Ravi Das Nagar","NL_NAME_2":null,"VARNAME_2":null,"TYPE_2":"District","ENGTYPE_2":"District"}},{"arcs":[[-4931,-4857,-4705,-4802,-5049,5075,-5047,5076,-5005]],"type":"Polygon","properties":{"ID_0":105,"ISO":"IND","NAME_0":"India","ID_1":33,"NAME_1":"Uttar Pradesh","ID_2":555,"NAME_2":"Shahjahanpur","NL_NAME_2":null,"VARNAME_2":"Shahajahanpur","TYPE_2":"District","ENGTYPE_2":"District"}},{"arcs":[[[-4736,5077]],[[5078,-4789,-4910,5079,-4908,5080,-4906,-4747,5081,-4745,5082,-4743,5083,-4741,5084,-4739,5085,-4737]]],"type":"MultiPolygon","properties":{"ID_0":105,"ISO":"IND","NAME_0":"India","ID_1":33,"NAME_1":"Uttar Pradesh","ID_2":556,"NAME_2":"Shravasti","NL_NAME_2":null,"VARNAME_2":null,"TYPE_2":"District","ENGTYPE_2":"District"}},{"arcs":[[5086,-5020,-5071,5087,-5069,5088,5089,-4809,-4905,-4780,5090,-4778,5091,-4776,5092,-4774]],"type":"Polygon","properties":{"ID_0":105,"ISO":"IND","NAME_0":"India","ID_1":33,"NAME_1":"Uttar Pradesh","ID_2":557,"NAME_2":"Siddharth Nagar","NL_NAME_2":null,"VARNAME_2":"Sidharthnagar","TYPE_2":"District","ENGTYPE_2":"District"}},{"arcs":[[5093,-4750,-4800,-5011,-4926,-5004]],"type":"Polygon","properties":{"ID_0":105,"ISO":"IND","NAME_0":"India","ID_1":33,"NAME_1":"Uttar Pradesh","ID_2":558,"NAME_2":"Sitapur","NL_NAME_2":null,"VARNAME_2":null,"TYPE_2":"District","ENGTYPE_2":"District"}},{"arcs":[[-4827,5094,-591,5095,-589,5096,-587,-947,-2183,5097,-2181,5098,-2179,5099,-1287,-2979,-5032]],"type":"Polygon","properties":{"ID_0":105,"ISO":"IND","NAME_0":"India","ID_1":33,"NAME_1":"Uttar Pradesh","ID_2":559,"NAME_2":"Sonbhadra","NL_NAME_2":null,"VARNAME_2":"Sonebhadra","TYPE_2":"District","ENGTYPE_2":"District"}},{"arcs":[[-4855,-4691,-4702,-4960,-5052,-5053,-4797]],"type":"Polygon","properties":{"ID_0":105,"ISO":"IND","NAME_0":"India","ID_1":33,"NAME_1":"Uttar Pradesh","ID_2":560,"NAME_2":"Sultanpur","NL_NAME_2":null,"VARNAME_2":null,"TYPE_2":"District","ENGTYPE_2":"District"}},{"arcs":[[-5010,-5054,-4867,-4976,5100,-4974,5101,-4972,-4967,-4928]],"type":"Polygon","properties":{"ID_0":105,"ISO":"IND","NAME_0":"India","ID_1":33,"NAME_1":"Uttar Pradesh","ID_2":561,"NAME_2":"Unnao","NL_NAME_2":null,"VARNAME_2":"Unnao Nagar, Unao","TYPE_2":"District","ENGTYPE_2":"District"}},{"arcs":[[-4898,5102,-4896,5103,-4831,5104,-4829,-5031,5105,-5072,-4957,5106,-4955,5107,-4953,5108]],"type":"Polygon","properties":{"ID_0":105,"ISO":"IND","NAME_0":"India","ID_1":33,"NAME_1":"Uttar Pradesh","ID_2":562,"NAME_2":"Varanasi","NL_NAME_2":null,"VARNAME_2":"Benares","TYPE_2":"District","ENGTYPE_2":"District"}},{"arcs":[[5109,5110,5111,5112,5113,5114,5115,5116,5117,5118,5119,5120,5121,5122,5123,5124,5125,5126,5127,5128,5129,5130,5131,5132,5133]],"type":"Polygon","properties":{"ID_0":105,"ISO":"IND","NAME_0":"India","ID_1":34,"NAME_1":"Uttaranchal","ID_2":563,"NAME_2":"Almora","NL_NAME_2":null,"VARNAME_2":null,"TYPE_2":"District","ENGTYPE_2":"District"}},{"arcs":[[5134,5135,5136,5137,5138,5139,5140,5141,5142,5143,5144,5145,5146,5147,5148,5149,5150,-5123,5151,5152,-5120,5153,-5118,5154,5155,5156,5157,-5113,5158,-5111,5159,-5134,5160,5161,5162,5163,5164,5165,5166,5167,5168,5169,5170,5171,5172,5173]],"type":"Polygon","properties":{"ID_0":105,"ISO":"IND","NAME_0":"India","ID_1":34,"NAME_1":"Uttaranchal","ID_2":564,"NAME_2":"Bageshwar","NL_NAME_2":null,"VARNAME_2":null,"TYPE_2":"District","ENGTYPE_2":"District"}},{"arcs":[[5174,5175,-5173,5176,-5171,5177,-5169,5178,-5167,5179,-5165,5180,-5163,5181,5182,-5133,5183,5184,5185,5186,5187,5188,5189,5190,5191,5192,5193,5194,5195]],"type":"Polygon","properties":{"ID_0":105,"ISO":"IND","NAME_0":"India","ID_1":34,"NAME_1":"Uttaranchal","ID_2":565,"NAME_2":"Chamoli","NL_NAME_2":null,"VARNAME_2":"Chamoli cum Gopeshwar","TYPE_2":"District","ENGTYPE_2":"District"}},{"arcs":[[5196,5197,5198,5199,5200,5201,5202,5203,5204,5205,5206,5207,5208,5209,5210,5211,5212,5213,-5130,5214,-5128,5215]],"type":"Polygon","properties":{"ID_0":105,"ISO":"IND","NAME_0":"India","ID_1":34,"NAME_1":"Uttaranchal","ID_2":566,"NAME_2":"Champawat","NL_NAME_2":null,"VARNAME_2":null,"TYPE_2":"District","ENGTYPE_2":"District"}},{"arcs":[[5216,5217,5218,-5060,-1933,-1930,5219]],"type":"Polygon","properties":{"ID_0":105,"ISO":"IND","NAME_0":"India","ID_1":34,"NAME_1":"Uttaranchal","ID_2":567,"NAME_2":"Dehra Dun","NL_NAME_2":null,"VARNAME_2":null,"TYPE_2":"District","ENGTYPE_2":"District"}},{"arcs":[[5220,-4816,-5042,-5056,-5219]],"type":"Polygon","properties":{"ID_0":105,"ISO":"IND","NAME_0":"India","ID_1":34,"NAME_1":"Uttaranchal","ID_2":568,"NAME_2":"Haridwar","NL_NAME_2":null,"VARNAME_2":"Hardwar","TYPE_2":"District","ENGTYPE_2":"District"}},{"arcs":[[-5214,5221,-5212,5222,-5210,5223,-5208,5224,-5206,5225,-5204,5226,-5202,5227,-5200,5228,5229,5230,5231,-4810,5232,-5131]],"type":"Polygon","properties":{"ID_0":105,"ISO":"IND","NAME_0":"India","ID_1":34,"NAME_1":"Uttaranchal","ID_2":569,"NAME_2":"Naini Tal","NL_NAME_2":null,"VARNAME_2":null,"TYPE_2":"District","ENGTYPE_2":"District"}},{"arcs":[[-5132,-5233,-4817,-5221,-5218,5233,5234,5235,-5184]],"type":"Polygon","properties":{"ID_0":105,"ISO":"IND","NAME_0":"India","ID_1":34,"NAME_1":"Uttaranchal","ID_2":570,"NAME_2":"Pauri Garhwal","NL_NAME_2":null,"VARNAME_2":"Garhwal","TYPE_2":"District","ENGTYPE_2":"District"}},{"arcs":[[-5216,-5127,5236,-5125,5237,-5150,5238,-5148,5239,-5146,5240,5241,-5143,5242,-5141,5243,5244,-5138,5245,-5136,5246,5247,-5175,5248]],"type":"Polygon","properties":{"ID_0":105,"ISO":"IND","NAME_0":"India","ID_1":34,"NAME_1":"Uttaranchal","ID_2":571,"NAME_2":"Pithoragarh","NL_NAME_2":null,"VARNAME_2":null,"TYPE_2":"District","ENGTYPE_2":"District"}},{"arcs":[[-5193,5249,5250,5251,-5189,5252,-5187,5253,-5185,-5236,5254,5255,5256,5257,5258,5259,5260,5261,5262,5263,5264,5265,5266,5267,5268,5269,5270,5271,5272]],"type":"Polygon","properties":{"ID_0":105,"ISO":"IND","NAME_0":"India","ID_1":34,"NAME_1":"Uttaranchal","ID_2":572,"NAME_2":"Rudra Prayag","NL_NAME_2":null,"VARNAME_2":null,"TYPE_2":"District","ENGTYPE_2":"District"}},{"arcs":[[-5268,5273,-5266,5274,-5264,5275,-5262,5276,-5260,5277,5278,-5257,5279,5280,-5234,-5217,5281]],"type":"Polygon","properties":{"ID_0":105,"ISO":"IND","NAME_0":"India","ID_1":34,"NAME_1":"Uttaranchal","ID_2":573,"NAME_2":"Tehri Garhwal","NL_NAME_2":null,"VARNAME_2":"Tehri|Narendranagar|Tehri Garwal","TYPE_2":"District","ENGTYPE_2":"District"}},{"arcs":[[-5232,5282,-5230,5283,-5198,5284,-5044,5285,-5050,-4804,-5055,-5035,-4811]],"type":"Polygon","properties":{"ID_0":105,"ISO":"IND","NAME_0":"India","ID_1":34,"NAME_1":"Uttaranchal","ID_2":574,"NAME_2":"Udham Singh Nagar","NL_NAME_2":null,"VARNAME_2":null,"TYPE_2":"District","ENGTYPE_2":"District"}},{"arcs":[[-5195,5286,5287,5288,-5270,5289,-5282,-5220,-1929,-1868,5290]],"type":"Polygon","properties":{"ID_0":105,"ISO":"IND","NAME_0":"India","ID_1":34,"NAME_1":"Uttaranchal","ID_2":575,"NAME_2":"Uttarkashi","NL_NAME_2":null,"VARNAME_2":null,"TYPE_2":"District","ENGTYPE_2":"District"}},{"arcs":[[5291,5292,5293,5294,5295,5296,5297,5298,5299,5300,5301,5302,5303,5304]],"type":"Polygon","properties":{"ID_0":105,"ISO":"IND","NAME_0":"India","ID_1":35,"NAME_1":"West Bengal","ID_2":576,"NAME_2":"Bankura","NL_NAME_2":null,"VARNAME_2":null,"TYPE_2":"District","ENGTYPE_2":"District"}},{"arcs":[[5305,-2238,5306,-2236,5307,5308,5309,5310,-5305,5311,5312,-2151,5313,-2243,5314,-2241,5315]],"type":"Polygon","properties":{"ID_0":105,"ISO":"IND","NAME_0":"India","ID_1":35,"NAME_1":"West Bengal","ID_2":577,"NAME_2":"Barddhaman","NL_NAME_2":null,"VARNAME_2":null,"TYPE_2":"District","ENGTYPE_2":"District"}},{"arcs":[[5316,-5308,-2235,5317,-2233,5318,-2231,-2168,5319,-2166,5320,-2164,5321,-2263]],"type":"Polygon","properties":{"ID_0":105,"ISO":"IND","NAME_0":"India","ID_1":35,"NAME_1":"West Bengal","ID_2":578,"NAME_2":"Birbhum","NL_NAME_2":null,"VARNAME_2":null,"TYPE_2":"District","ENGTYPE_2":"District"}},{"arcs":[[5322,5323,5324,5325,5326]],"type":"Polygon","properties":{"ID_0":105,"ISO":"IND","NAME_0":"India","ID_1":35,"NAME_1":"West Bengal","ID_2":579,"NAME_2":"Dakshin Dinajpur","NL_NAME_2":null,"VARNAME_2":"Dinajpur(South)","TYPE_2":"District","ENGTYPE_2":"District"}},{"arcs":[[-4439,5327,5328,-4436,5329,5330,-4433,-4415,5331,-4413,5332,-4411,5333,-4409,5334,5335,5336,5337,5338,5339,-770,5340,-4459]],"type":"Polygon","properties":{"ID_0":105,"ISO":"IND","NAME_0":"India","ID_1":35,"NAME_1":"West Bengal","ID_2":580,"NAME_2":"Darjiling","NL_NAME_2":null,"VARNAME_2":null,"TYPE_2":"District","ENGTYPE_2":"District"}},{"arcs":[[[5341,5342,-3362,5343,5344,5345,5346,5347]],[[5348]]],"type":"MultiPolygon","properties":{"ID_0":105,"ISO":"IND","NAME_0":"India","ID_1":35,"NAME_1":"West Bengal","ID_2":581,"NAME_2":"East Midnapore","NL_NAME_2":null,"VARNAME_2":"Purba Medinipur","TYPE_2":"District","ENGTYPE_2":"District"}},{"arcs":[[5349,5350,5351,5352,5353,5354,5355,5356,5357,5358,-5342,5359,5360,5361,5362]],"type":"Polygon","properties":{"ID_0":105,"ISO":"IND","NAME_0":"India","ID_1":35,"NAME_1":"West Bengal","ID_2":582,"NAME_2":"Haora","NL_NAME_2":null,"VARNAME_2":null,"TYPE_2":"District","ENGTYPE_2":"District"}},{"arcs":[[5363,-5363,5364,-5361,5365,-5292,-5311,5366]],"type":"Polygon","properties":{"ID_0":105,"ISO":"IND","NAME_0":"India","ID_1":35,"NAME_1":"West Bengal","ID_2":583,"NAME_2":"Hugli","NL_NAME_2":null,"VARNAME_2":null,"TYPE_2":"District","ENGTYPE_2":"District"}},{"arcs":[[-477,5367,-475,5368,-473,5369,-471,5370,5371,5372,-5338,5373,-5336,5374]],"type":"Polygon","properties":{"ID_0":105,"ISO":"IND","NAME_0":"India","ID_1":35,"NAME_1":"West Bengal","ID_2":584,"NAME_2":"Jalpaiguri","NL_NAME_2":null,"VARNAME_2":null,"TYPE_2":"District","ENGTYPE_2":"District"}},{"arcs":[[5375,-469,5376,-467,-336,5377,-334,5378,-5372]],"type":"Polygon","properties":{"ID_0":105,"ISO":"IND","NAME_0":"India","ID_1":35,"NAME_1":"West Bengal","ID_2":585,"NAME_2":"Kochbihar","NL_NAME_2":null,"VARNAME_2":null,"TYPE_2":"District","ENGTYPE_2":"District"}},{"arcs":[[5379,5380,5381,5382,5383,-5354,5384,-5352,5385,5386]],"type":"Polygon","properties":{"ID_0":105,"ISO":"IND","NAME_0":"India","ID_1":35,"NAME_1":"West Bengal","ID_2":586,"NAME_2":"Kolkata","NL_NAME_2":null,"VARNAME_2":"Calcutta","TYPE_2":"District","ENGTYPE_2":"District"}},{"arcs":[[-5323,5387,5388,5389,-2349,-743,5390,5391,5392,5393,5394,5395,5396,5397]],"type":"Polygon","properties":{"ID_0":105,"ISO":"IND","NAME_0":"India","ID_1":35,"NAME_1":"West Bengal","ID_2":587,"NAME_2":"Maldah","NL_NAME_2":null,"VARNAME_2":null,"TYPE_2":"District","ENGTYPE_2":"District"}},{"arcs":[[-5389,5398,5399,-5309,-5317,-2262,5400,-2351,5401]],"type":"Polygon","properties":{"ID_0":105,"ISO":"IND","NAME_0":"India","ID_1":35,"NAME_1":"West Bengal","ID_2":588,"NAME_2":"Murshidabad","NL_NAME_2":null,"VARNAME_2":null,"TYPE_2":"District","ENGTYPE_2":"District"}},{"arcs":[[5402,-5367,-5310,-5400,5403]],"type":"Polygon","properties":{"ID_0":105,"ISO":"IND","NAME_0":"India","ID_1":35,"NAME_1":"West Bengal","ID_2":589,"NAME_2":"Nadia","NL_NAME_2":null,"VARNAME_2":null,"TYPE_2":"District","ENGTYPE_2":"District"}},{"arcs":[[[5404,5405,5406,-5387,5407,-5350,-5364,-5403,5408]],[[5409]],[[5410]],[[5411]],[[5412]],[[5413]],[[5414]],[[5415]],[[5416]],[[5417]],[[5418]],[[5419]],[[5420]],[[5421]],[[5422]],[[5423]],[[5424]],[[5425]],[[5426]],[[5427]],[[5428]],[[5429]],[[5430]],[[5431]],[[5432]],[[5433]],[[5434]],[[5435]],[[5436]],[[5437]],[[5438]],[[5439]],[[5440]],[[5441]],[[5442]],[[5443]],[[5444]],[[5445]],[[5446]],[[5447]],[[5448]],[[5449]],[[5450]],[[5451]],[[5452]],[[5453]],[[5454]],[[5455]],[[5456]],[[5457]],[[5458]]],"type":"MultiPolygon","properties":{"ID_0":105,"ISO":"IND","NAME_0":"India","ID_1":35,"NAME_1":"West Bengal","ID_2":590,"NAME_2":"North 24 Parganas","NL_NAME_2":null,"VARNAME_2":null,"TYPE_2":"District","ENGTYPE_2":"District"}},{"arcs":[[-5303,5459,5460,-5300,5461,-5298,5462,-5296,5463,-5294,5464,5465,5466,5467,-2309,-2372,-2323,5468,-2321,5469,-2319,5470,-2317,5471,-2216,-2124,5472,-2122,5473,-2120,5474,-2118,5475,-2116,5476,-2114,5477,-2156,5478,-2154,5479,-2152,-5313,5480]],"type":"Polygon","properties":{"ID_0":105,"ISO":"IND","NAME_0":"India","ID_1":35,"NAME_1":"West Bengal","ID_2":591,"NAME_2":"Puruliya","NL_NAME_2":null,"VARNAME_2":null,"TYPE_2":"District","ENGTYPE_2":"District"}},{"arcs":[[[5481,-5358,5482,-5356,5483,5484,-5382,5485,-5380,-5407,5486,-5405]],[[5487]],[[5488]],[[5489]],[[5490]],[[5491]],[[5492]],[[5493]],[[5494]],[[5495]],[[5496]],[[5497]],[[5498]],[[5499]],[[5500]],[[5501]],[[5502]],[[5503]],[[5504]],[[5505]],[[5506]],[[5507]],[[5508]],[[5509]],[[5510]],[[5511]],[[5512]],[[5513]],[[5514]],[[5515]],[[5516]],[[5517]]],"type":"MultiPolygon","properties":{"ID_0":105,"ISO":"IND","NAME_0":"India","ID_1":35,"NAME_1":"West Bengal","ID_2":592,"NAME_2":"South 24 Parganas","NL_NAME_2":null,"VARNAME_2":null,"TYPE_2":"District","ENGTYPE_2":"District"}},{"arcs":[[5518,5519,5520,5521,-5398,5522,-5396,5523,-5394,5524,-5392,5525,-741,5526,-739,5527,-752,5528,-750,-932,5529,-765,5530,-763,-5340]],"type":"Polygon","properties":{"ID_0":105,"ISO":"IND","NAME_0":"India","ID_1":35,"NAME_1":"West Bengal","ID_2":593,"NAME_2":"Uttar Dinajpur","NL_NAME_2":null,"VARNAME_2":null,"TYPE_2":"District","ENGTYPE_2":"District"}},{"arcs":[[-5366,-5360,-5348,5531,-5346,5532,-5344,-3372,5533,-3836,5534,-2294,5535,-2292,5536,-2290,5537,-2288,5538,-5467,5539,-5465,-5293]],"type":"Polygon","properties":{"ID_0":105,"ISO":"IND","NAME_0":"India","ID_1":35,"NAME_1":"West Bengal","ID_2":594,"NAME_2":"West Midnapore","NL_NAME_2":null,"VARNAME_2":"Paschim Medinipur","TYPE_2":"District","ENGTYPE_2":"District"}}]}}}